node:internal/modules/run_main:107
    triggerUncaughtException(
    ^

AssertionError [ERR_ASSERTION]: Expected values to be strictly deep-equal:
+ actual - expected

+ [
+   {
+     code: 'ModuleBuildError',
+     message: '  × Module build failed (from ../../../node_modules/.pnpm/babel-loader@10.1.1_@babel+core@7.29.7_@rspack+core@..+.codex+worktrees+a77f+rspack+packages+rspack/node_modules/babel-loader/lib/index.js):\n' +
+       '  ╰─▶   × Error: The original reference that WeakReference<rspack_binding_api::compilation::JsCompilation> is pointing to is dropped\n' +
+       '        │     at file:///data00/home/jinzhixin/.codex/worktrees/a77f/rspack/packages/rspack/dist/worker.js:3902:69\n' +
+       '        │     at runWorkerLoop (file:///data00/home/jinzhixin/.codex/worktrees/a77f/rspack/packages/rspack/dist/worker.js:3906:18)\n' +
+       '      \n',
+     moduleIdentifier: '/data00/home/jinzhixin/projects/rspack-bench/node_modules/.pnpm/babel-loader@10.1.1_@babel+core@7.29.7_@rspack+core@..+.codex+worktrees+a77f+rspack+packages+rspack/node_modules/babel-loader/lib/index.js??ruleSet[1].rules[0].use[0]!/data00/home/jinzhixin/projects/rspack-bench/results/noop-loader-2026-09-11T04-04-10-528Z-15/fixture/module-00020.js',
+     moduleName: './module-00020.js'
+   },
+   {
+     code: 'ModuleBuildError',
+     message: '  × Module build failed (from ../../../node_modules/.pnpm/babel-loader@10.1.1_@babel+core@7.29.7_@rspack+core@..+.codex+worktrees+a77f+rspack+packages+rspack/node_modules/babel-loader/lib/index.js):\n' +
+       '  ╰─▶   × Error: The original reference that WeakReference<rspack_binding_api::compilation::JsCompilation> is pointing to is dropped\n' +
+       '        │     at file:///data00/home/jinzhixin/.codex/worktrees/a77f/rspack/packages/rspack/dist/worker.js:3902:69\n' +
+       '        │     at runWorkerLoop (file:///data00/home/jinzhixin/.codex/worktrees/a77f/rspack/packages/rspack/dist/worker.js:3906:18)\n' +
+       '      \n',
+     moduleIdentifier: '/data00/home/jinzhixin/projects/rspack-bench/node_modules/.pnpm/babel-loader@10.1.1_@babel+core@7.29.7_@rspack+core@..+.codex+worktrees+a77f+rspack+packages+rspack/node_modules/babel-loader/lib/index.js??ruleSet[1].rules[0].use[0]!/data00/home/jinzhixin/projects/rspack-bench/results/noop-loader-2026-09-11T04-04-10-528Z-15/fixture/module-00022.js',
+     moduleName: './module-00022.js'
+   },
+   {
+     code: 'ModuleBuildError',
+     message: '  × Module build failed (from ../../../node_modules/.pnpm/babel-loader@10.1.1_@babel+core@7.29.7_@rspack+core@..+.codex+worktrees+a77f+rspack+packages+rspack/node_modules/babel-loader/lib/index.js):\n' +
+       '  ╰─▶   × Error: The original reference that WeakReference<rspack_binding_api::compilation::JsCompilation> is pointing to is dropped\n' +
+       '        │     at file:///data00/home/jinzhixin/.codex/worktrees/a77f/rspack/packages/rspack/dist/worker.js:3902:69\n' +
+       '        │     at runWorkerLoop (file:///data00/home/jinzhixin/.codex/worktrees/a77f/rspack/packages/rspack/dist/worker.js:3906:18)\n' +
+       '      \n',
+     moduleIdentifier: '/data00/home/jinzhixin/projects/rspack-bench/node_modules/.pnpm/babel-loader@10.1.1_@babel+core@7.29.7_@rspack+core@..+.codex+worktrees+a77f+rspack+packages+rspack/node_modules/babel-loader/lib/index.js??ruleSet[1].rules[0].use[0]!/data00/home/jinzhixin/projects/rspack-bench/results/noop-loader-2026-09-11T04-04-10-528Z-15/fixture/module-00032.js',
+     moduleName: './module-00032.js'
+   },
+   {
+     code: 'ModuleBuildError',
+     message: '  × Module build failed (from ../../../node_modules/.pnpm/babel-loader@10.1.1_@babel+core@7.29.7_@rspack+core@..+.codex+worktrees+a77f+rspack+packages+rspack/node_modules/babel-loader/lib/index.js):\n' +
+       '  ╰─▶   × Error: The original reference that WeakReference<rspack_binding_api::compilation::JsCompilation> is pointing to is dropped\n' +
+       '        │     at file:///data00/home/jinzhixin/.codex/worktrees/a77f/rspack/packages/rspack/dist/worker.js:3902:69\n' +
+       '        │     at runWorkerLoop (file:///data00/home/jinzhixin/.codex/worktrees/a77f/rspack/packages/rspack/dist/worker.js:3906:18)\n' +
+       '      \n',
+     moduleIdentifier: '/data00/home/jinzhixin/projects/rspack-bench/node_modules/.pnpm/babel-loader@10.1.1_@babel+core@7.29.7_@rspack+core@..+.codex+worktrees+a77f+rspack+packages+rspack/node_modules/babel-loader/lib/index.js??ruleSet[1].rules[0].use[0]!/data00/home/jinzhixin/projects/rspack-bench/results/noop-loader-2026-09-11T04-04-10-528Z-15/fixture/module-00043.js',
+     moduleName: './module-00043.js'
+   },
+   {
+     code: 'ModuleBuildError',
+     message: '  × Module build failed (from ../../../node_modules/.pnpm/babel-loader@10.1.1_@babel+core@7.29.7_@rspack+core@..+.codex+worktrees+a77f+rspack+packages+rspack/node_modules/babel-loader/lib/index.js):\n' +
+       '  ╰─▶   × Error: The original reference that WeakReference<rspack_binding_api::compilation::JsCompilation> is pointing to is dropped\n' +
+       '        │     at file:///data00/home/jinzhixin/.codex/worktrees/a77f/rspack/packages/rspack/dist/worker.js:3902:69\n' +
+       '        │     at runWorkerLoop (file:///data00/home/jinzhixin/.codex/worktrees/a77f/rspack/packages/rspack/dist/worker.js:3906:18)\n' +
+       '      \n',
+     moduleIdentifier: '/data00/home/jinzhixin/projects/rspack-bench/node_modules/.pnpm/babel-loader@10.1.1_@babel+core@7.29.7_@rspack+core@..+.codex+worktrees+a77f+rspack+packages+rspack/node_modules/babel-loader/lib/index.js??ruleSet[1].rules[0].use[0]!/data00/home/jinzhixin/projects/rspack-bench/results/noop-loader-2026-09-11T04-04-10-528Z-15/fixture/module-00075.js',
+     moduleName: './module-00075.js'
+   },
+   {
+     code: 'ModuleBuildError',
+     message: '  × Module build failed (from ../../../node_modules/.pnpm/babel-loader@10.1.1_@babel+core@7.29.7_@rspack+core@..+.codex+worktrees+a77f+rspack+packages+rspack/node_modules/babel-loader/lib/index.js):\n' +
+       '  ╰─▶   × Error: The original reference that WeakReference<rspack_binding_api::compilation::JsCompilation> is pointing to is dropped\n' +
+       '        │     at file:///data00/home/jinzhixin/.codex/worktrees/a77f/rspack/packages/rspack/dist/worker.js:3902:69\n' +
+       '        │     at runWorkerLoop (file:///data00/home/jinzhixin/.codex/worktrees/a77f/rspack/packages/rspack/dist/worker.js:3906:18)\n' +
+       '      \n',
+     moduleIdentifier: '/data00/home/jinzhixin/projects/rspack-bench/node_modules/.pnpm/babel-loader@10.1.1_@babel+core@7.29.7_@rspack+core@..+.codex+worktrees+a77f+rspack+packages+rspack/node_modules/babel-loader/lib/index.js??ruleSet[1].rules[0].use[0]!/data00/home/jinzhixin/projects/rspack-bench/results/noop-loader-2026-09-11T04-04-10-528Z-15/fixture/module-00118.js',
+     moduleName: './module-00118.js'
+   },
+   {
+     code: 'ModuleBuildError',
+     message: '  × Module build failed (from ../../../node_modules/.pnpm/babel-loader@10.1.1_@babel+core@7.29.7_@rspack+core@..+.codex+worktrees+a77f+rspack+packages+rspack/node_modules/babel-loader/lib/index.js):\n' +
+       '  ╰─▶   × Error: The original reference that WeakReference<rspack_binding_api::compilation::JsCompilation> is pointing to is dropped\n' +
+       '        │     at file:///data00/home/jinzhixin/.codex/worktrees/a77f/rspack/packages/rspack/dist/worker.js:3902:69\n' +
+       '        │     at runWorkerLoop (file:///data00/home/jinzhixin/.codex/worktrees/a77f/rspack/packages/rspack/dist/worker.js:3906:18)\n' +
+       '      \n',
+     moduleIdentifier: '/data00/home/jinzhixin/projects/rspack-bench/node_modules/.pnpm/babel-loader@10.1.1_@babel+core@7.29.7_@rspack+core@..+.codex+worktrees+a77f+rspack+packages+rspack/node_modules/babel-loader/lib/index.js??ruleSet[1].rules[0].use[0]!/data00/home/jinzhixin/projects/rspack-bench/results/noop-loader-2026-09-11T04-04-10-528Z-15/fixture/module-00123.js',
+     moduleName: './module-00123.js'
+   },
+   {
+     code: 'ModuleBuildError',
+     message: '  × Module build failed (from ../../../node_modules/.pnpm/babel-loader@10.1.1_@babel+core@7.29.7_@rspack+core@..+.codex+worktrees+a77f+rspack+packages+rspack/node_modules/babel-loader/lib/index.js):\n' +
+       '  ╰─▶   × Error: The original reference that WeakReference<rspack_binding_api::compilation::JsCompilation> is pointing to is dropped\n' +
+       '        │     at file:///data00/home/jinzhixin/.codex/worktrees/a77f/rspack/packages/rspack/dist/worker.js:3902:69\n' +
+       '        │     at runWorkerLoop (file:///data00/home/jinzhixin/.codex/worktrees/a77f/rspack/packages/rspack/dist/worker.js:3906:18)\n' +
+       '      \n',
+     moduleIdentifier: '/data00/home/jinzhixin/projects/rspack-bench/node_modules/.pnpm/babel-loader@10.1.1_@babel+core@7.29.7_@rspack+core@..+.codex+worktrees+a77f+rspack+packages+rspack/node_modules/babel-loader/lib/index.js??ruleSet[1].rules[0].use[0]!/data00/home/jinzhixin/projects/rspack-bench/results/noop-loader-2026-09-11T04-04-10-528Z-15/fixture/module-00137.js',
+     moduleName: './module-00137.js'
+   },
+   {
+     code: 'ModuleBuildError',
+     message: '  × Module build failed (from ../../../node_modules/.pnpm/babel-loader@10.1.1_@babel+core@7.29.7_@rspack+core@..+.codex+worktrees+a77f+rspack+packages+rspack/node_modules/babel-loader/lib/index.js):\n' +
+       '  ╰─▶   × Error: The original reference that WeakReference<rspack_binding_api::compilation::JsCompilation> is pointing to is dropped\n' +
+       '        │     at file:///data00/home/jinzhixin/.codex/worktrees/a77f/rspack/packages/rspack/dist/worker.js:3902:69\n' +
+       '        │     at runWorkerLoop (file:///data00/home/jinzhixin/.codex/worktrees/a77f/rspack/packages/rspack/dist/worker.js:3906:18)\n' +
+       '      \n',
+     moduleIdentifier: '/data00/home/jinzhixin/projects/rspack-bench/node_modules/.pnpm/babel-loader@10.1.1_@babel+core@7.29.7_@rspack+core@..+.codex+worktrees+a77f+rspack+packages+rspack/node_modules/babel-loader/lib/index.js??ruleSet[1].rules[0].use[0]!/data00/home/jinzhixin/projects/rspack-bench/results/noop-loader-2026-09-11T04-04-10-528Z-15/fixture/module-00139.js',
+     moduleName: './module-00139.js'
+   },
+   {
+     code: 'ModuleBuildError',
+     message: '  × Module build failed (from ../../../node_modules/.pnpm/babel-loader@10.1.1_@babel+core@7.29.7_@rspack+core@..+.codex+worktrees+a77f+rspack+packages+rspack/node_modules/babel-loader/lib/index.js):\n' +
+       '  ╰─▶   × Error: The original reference that WeakReference<rspack_binding_api::compilation::JsCompilation> is pointing to is dropped\n' +
+       '        │     at file:///data00/home/jinzhixin/.codex/worktrees/a77f/rspack/packages/rspack/dist/worker.js:3902:69\n' +
+       '        │     at runWorkerLoop (file:///data00/home/jinzhixin/.codex/worktrees/a77f/rspack/packages/rspack/dist/worker.js:3906:18)\n' +
+       '      \n',
+     moduleIdentifier: '/data00/home/jinzhixin/projects/rspack-bench/node_modules/.pnpm/babel-loader@10.1.1_@babel+core@7.29.7_@rspack+core@..+.codex+worktrees+a77f+rspack+packages+rspack/node_modules/babel-loader/lib/index.js??ruleSet[1].rules[0].use[0]!/data00/home/jinzhixin/projects/rspack-bench/results/noop-loader-2026-09-11T04-04-10-528Z-15/fixture/module-00144.js',
+     moduleName: './module-00144.js'
+   },
+   {
+     code: 'ModuleBuildError',
+     message: '  × Module build failed (from ../../../node_modules/.pnpm/babel-loader@10.1.1_@babel+core@7.29.7_@rspack+core@..+.codex+worktrees+a77f+rspack+packages+rspack/node_modules/babel-loader/lib/index.js):\n' +
+       '  ╰─▶   × Error: The original reference that WeakReference<rspack_binding_api::compilation::JsCompilation> is pointing to is dropped\n' +
+       '        │     at file:///data00/home/jinzhixin/.codex/worktrees/a77f/rspack/packages/rspack/dist/worker.js:3902:69\n' +
+       '        │     at runWorkerLoop (file:///data00/home/jinzhixin/.codex/worktrees/a77f/rspack/packages/rspack/dist/worker.js:3906:18)\n' +
+       '      \n',
+     moduleIdentifier: '/data00/home/jinzhixin/projects/rspack-bench/node_modules/.pnpm/babel-loader@10.1.1_@babel+core@7.29.7_@rspack+core@..+.codex+worktrees+a77f+rspack+packages+rspack/node_modules/babel-loader/lib/index.js??ruleSet[1].rules[0].use[0]!/data00/home/jinzhixin/projects/rspack-bench/results/noop-loader-2026-09-11T04-04-10-528Z-15/fixture/module-00166.js',
+     moduleName: './module-00166.js'
+   },
+   {
+     code: 'ModuleBuildError',
+     message: '  × Module build failed (from ../../../node_modules/.pnpm/babel-loader@10.1.1_@babel+core@7.29.7_@rspack+core@..+.codex+worktrees+a77f+rspack+packages+rspack/node_modules/babel-loader/lib/index.js):\n' +
+       '  ╰─▶   × Error: The original reference that WeakReference<rspack_binding_api::compilation::JsCompilation> is pointing to is dropped\n' +
+       '        │     at file:///data00/home/jinzhixin/.codex/worktrees/a77f/rspack/packages/rspack/dist/worker.js:3902:69\n' +
+       '        │     at runWorkerLoop (file:///data00/home/jinzhixin/.codex/worktrees/a77f/rspack/packages/rspack/dist/worker.js:3906:18)\n' +
+       '      \n',
+     moduleIdentifier: '/data00/home/jinzhixin/projects/rspack-bench/node_modules/.pnpm/babel-loader@10.1.1_@babel+core@7.29.7_@rspack+core@..+.codex+worktrees+a77f+rspack+packages+rspack/node_modules/babel-loader/lib/index.js??ruleSet[1].rules[0].use[0]!/data00/home/jinzhixin/projects/rspack-bench/results/noop-loader-2026-09-11T04-04-10-528Z-15/fixture/module-00181.js',
+     moduleName: './module-00181.js'
+   },
+   {
+     code: 'ModuleBuildError',
+     message: '  × Module build failed (from ../../../node_modules/.pnpm/babel-loader@10.1.1_@babel+core@7.29.7_@rspack+core@..+.codex+worktrees+a77f+rspack+packages+rspack/node_modules/babel-loader/lib/index.js):\n' +
+       '  ╰─▶   × Error: The original reference that WeakReference<rspack_binding_api::compilation::JsCompilation> is pointing to is dropped\n' +
+       '        │     at file:///data00/home/jinzhixin/.codex/worktrees/a77f/rspack/packages/rspack/dist/worker.js:3902:69\n' +
+       '        │     at runWorkerLoop (file:///data00/home/jinzhixin/.codex/worktrees/a77f/rspack/packages/rspack/dist/worker.js:3906:18)\n' +
+       '      \n',
+     moduleIdentifier: '/data00/home/jinzhixin/projects/rspack-bench/node_modules/.pnpm/babel-loader@10.1.1_@babel+core@7.29.7_@rspack+core@..+.codex+worktrees+a77f+rspack+packages+rspack/node_modules/babel-loader/lib/index.js??ruleSet[1].rules[0].use[0]!/data00/home/jinzhixin/projects/rspack-bench/results/noop-loader-2026-09-11T04-04-10-528Z-15/fixture/module-00192.js',
+     moduleName: './module-00192.js'
+   },
+   {
+     code: 'ModuleBuildError',
+     message: '  × Module build failed (from ../../../node_modules/.pnpm/babel-loader@10.1.1_@babel+core@7.29.7_@rspack+core@..+.codex+worktrees+a77f+rspack+packages+rspack/node_modules/babel-loader/lib/index.js):\n' +
+       '  ╰─▶   × Error: The original reference that WeakReference<rspack_binding_api::compilation::JsCompilation> is pointing to is dropped\n' +
+       '        │     at file:///data00/home/jinzhixin/.codex/worktrees/a77f/rspack/packages/rspack/dist/worker.js:3902:69\n' +
+       '        │     at runWorkerLoop (file:///data00/home/jinzhixin/.codex/worktrees/a77f/rspack/packages/rspack/dist/worker.js:3906:18)\n' +
+       '      \n',
+     moduleIdentifier: '/data00/home/jinzhixin/projects/rspack-bench/node_modules/.pnpm/babel-loader@10.1.1_@babel+core@7.29.7_@rspack+core@..+.codex+worktrees+a77f+rspack+packages+rspack/node_modules/babel-loader/lib/index.js??ruleSet[1].rules[0].use[0]!/data00/home/jinzhixin/projects/rspack-bench/results/noop-loader-2026-09-11T04-04-10-528Z-15/fixture/module-00206.js',
+     moduleName: './module-00206.js'
+   },
+   {
+     code: 'ModuleBuildError',
+     message: '  × Module build failed (from ../../../node_modules/.pnpm/babel-loader@10.1.1_@babel+core@7.29.7_@rspack+core@..+.codex+worktrees+a77f+rspack+packages+rspack/node_modules/babel-loader/lib/index.js):\n' +
+       '  ╰─▶   × Error: The original reference that WeakReference<rspack_binding_api::compilation::JsCompilation> is pointing to is dropped\n' +
+       '        │     at file:///data00/home/jinzhixin/.codex/worktrees/a77f/rspack/packages/rspack/dist/worker.js:3902:69\n' +
+       '        │     at runWorkerLoop (file:///data00/home/jinzhixin/.codex/worktrees/a77f/rspack/packages/rspack/dist/worker.js:3906:18)\n' +
+       '      \n',
+     moduleIdentifier: '/data00/home/jinzhixin/projects/rspack-bench/node_modules/.pnpm/babel-loader@10.1.1_@babel+core@7.29.7_@rspack+core@..+.codex+worktrees+a77f+rspack+packages+rspack/node_modules/babel-loader/lib/index.js??ruleSet[1].rules[0].use[0]!/data00/home/jinzhixin/projects/rspack-bench/results/noop-loader-2026-09-11T04-04-10-528Z-15/fixture/module-00209.js',
+     moduleName: './module-00209.js'
+   },
+   {
+     code: 'ModuleBuildError',
+     message: '  × Module build failed (from ../../../node_modules/.pnpm/babel-loader@10.1.1_@babel+core@7.29.7_@rspack+core@..+.codex+worktrees+a77f+rspack+packages+rspack/node_modules/babel-loader/lib/index.js):\n' +
+       '  ╰─▶   × Error: The original reference that WeakReference<rspack_binding_api::compilation::JsCompilation> is pointing to is dropped\n' +
+       '        │     at file:///data00/home/jinzhixin/.codex/worktrees/a77f/rspack/packages/rspack/dist/worker.js:3902:69\n' +
+       '        │     at runWorkerLoop (file:///data00/home/jinzhixin/.codex/worktrees/a77f/rspack/packages/rspack/dist/worker.js:3906:18)\n' +
+       '      \n',
+     moduleIdentifier: '/data00/home/jinzhixin/projects/rspack-bench/node_modules/.pnpm/babel-loader@10.1.1_@babel+core@7.29.7_@rspack+core@..+.codex+worktrees+a77f+rspack+packages+rspack/node_modules/babel-loader/lib/index.js??ruleSet[1].rules[0].use[0]!/data00/home/jinzhixin/projects/rspack-bench/results/noop-loader-2026-09-11T04-04-10-528Z-15/fixture/module-00210.js',
+     moduleName: './module-00210.js'
+   },
+   {
+     code: 'ModuleBuildError',
+     message: '  × Module build failed (from ../../../node_modules/.pnpm/babel-loader@10.1.1_@babel+core@7.29.7_@rspack+core@..+.codex+worktrees+a77f+rspack+packages+rspack/node_modules/babel-loader/lib/index.js):\n' +
+       '  ╰─▶   × Error: The original reference that WeakReference<rspack_binding_api::compilation::JsCompilation> is pointing to is dropped\n' +
+       '        │     at file:///data00/home/jinzhixin/.codex/worktrees/a77f/rspack/packages/rspack/dist/worker.js:3902:69\n' +
+       '        │     at runWorkerLoop (file:///data00/home/jinzhixin/.codex/worktrees/a77f/rspack/packages/rspack/dist/worker.js:3906:18)\n' +
+       '      \n',
+     moduleIdentifier: '/data00/home/jinzhixin/projects/rspack-bench/node_modules/.pnpm/babel-loader@10.1.1_@babel+core@7.29.7_@rspack+core@..+.codex+worktrees+a77f+rspack+packages+rspack/node_modules/babel-loader/lib/index.js??ruleSet[1].rules[0].use[0]!/data00/home/jinzhixin/projects/rspack-bench/results/noop-loader-2026-09-11T04-04-10-528Z-15/fixture/module-00215.js',
+     moduleName: './module-00215.js'
+   },
+   {
+     code: 'ModuleBuildError',
+     message: '  × Module build failed (from ../../../node_modules/.pnpm/babel-loader@10.1.1_@babel+core@7.29.7_@rspack+core@..+.codex+worktrees+a77f+rspack+packages+rspack/node_modules/babel-loader/lib/index.js):\n' +
+       '  ╰─▶   × Error: The original reference that WeakReference<rspack_binding_api::compilation::JsCompilation> is pointing to is dropped\n' +
+       '        │     at file:///data00/home/jinzhixin/.codex/worktrees/a77f/rspack/packages/rspack/dist/worker.js:3902:69\n' +
+       '        │     at runWorkerLoop (file:///data00/home/jinzhixin/.codex/worktrees/a77f/rspack/packages/rspack/dist/worker.js:3906:18)\n' +
+       '      \n',
+     moduleIdentifier: '/data00/home/jinzhixin/projects/rspack-bench/node_modules/.pnpm/babel-loader@10.1.1_@babel+core@7.29.7_@rspack+core@..+.codex+worktrees+a77f+rspack+packages+rspack/node_modules/babel-loader/lib/index.js??ruleSet[1].rules[0].use[0]!/data00/home/jinzhixin/projects/rspack-bench/results/noop-loader-2026-09-11T04-04-10-528Z-15/fixture/module-00222.js',
+     moduleName: './module-00222.js'
+   },
+   {
+     code: 'ModuleBuildError',
+     message: '  × Module build failed (from ../../../node_modules/.pnpm/babel-loader@10.1.1_@babel+core@7.29.7_@rspack+core@..+.codex+worktrees+a77f+rspack+packages+rspack/node_modules/babel-loader/lib/index.js):\n' +
+       '  ╰─▶   × Error: The original reference that WeakReference<rspack_binding_api::compilation::JsCompilation> is pointing to is dropped\n' +
+       '        │     at file:///data00/home/jinzhixin/.codex/worktrees/a77f/rspack/packages/rspack/dist/worker.js:3902:69\n' +
+       '        │     at runWorkerLoop (file:///data00/home/jinzhixin/.codex/worktrees/a77f/rspack/packages/rspack/dist/worker.js:3906:18)\n' +
+       '      \n',
+     moduleIdentifier: '/data00/home/jinzhixin/projects/rspack-bench/node_modules/.pnpm/babel-loader@10.1.1_@babel+core@7.29.7_@rspack+core@..+.codex+worktrees+a77f+rspack+packages+rspack/node_modules/babel-loader/lib/index.js??ruleSet[1].rules[0].use[0]!/data00/home/jinzhixin/projects/rspack-bench/results/noop-loader-2026-09-11T04-04-10-528Z-15/fixture/module-00226.js',
+     moduleName: './module-00226.js'
+   },
+   {
+     code: 'ModuleBuildError',
+     message: '  × Module build failed (from ../../../node_modules/.pnpm/babel-loader@10.1.1_@babel+core@7.29.7_@rspack+core@..+.codex+worktrees+a77f+rspack+packages+rspack/node_modules/babel-loader/lib/index.js):\n' +
+       '  ╰─▶   × Error: The original reference that WeakReference<rspack_binding_api::compilation::JsCompilation> is pointing to is dropped\n' +
+       '        │     at file:///data00/home/jinzhixin/.codex/worktrees/a77f/rspack/packages/rspack/dist/worker.js:3902:69\n' +
+       '        │     at runWorkerLoop (file:///data00/home/jinzhixin/.codex/worktrees/a77f/rspack/packages/rspack/dist/worker.js:3906:18)\n' +
+       '      \n',
+     moduleIdentifier: '/data00/home/jinzhixin/projects/rspack-bench/node_modules/.pnpm/babel-loader@10.1.1_@babel+core@7.29.7_@rspack+core@..+.codex+worktrees+a77f+rspack+packages+rspack/node_modules/babel-loader/lib/index.js??ruleSet[1].rules[0].use[0]!/data00/home/jinzhixin/projects/rspack-bench/results/noop-loader-2026-09-11T04-04-10-528Z-15/fixture/module-00231.js',
+     moduleName: './module-00231.js'
+   },
+   {
+     code: 'ModuleBuildError',
+     message: '  × Module build failed (from ../../../node_modules/.pnpm/babel-loader@10.1.1_@babel+core@7.29.7_@rspack+core@..+.codex+worktrees+a77f+rspack+packages+rspack/node_modules/babel-loader/lib/index.js):\n' +
+       '  ╰─▶   × Error: The original reference that WeakReference<rspack_binding_api::compilation::JsCompilation> is pointing to is dropped\n' +
+       '        │     at file:///data00/home/jinzhixin/.codex/worktrees/a77f/rspack/packages/rspack/dist/worker.js:3902:69\n' +
+       '        │     at runWorkerLoop (file:///data00/home/jinzhixin/.codex/worktrees/a77f/rspack/packages/rspack/dist/worker.js:3906:18)\n' +
+       '      \n',
+     moduleIdentifier: '/data00/home/jinzhixin/projects/rspack-bench/node_modules/.pnpm/babel-loader@10.1.1_@babel+core@7.29.7_@rspack+core@..+.codex+worktrees+a77f+rspack+packages+rspack/node_modules/babel-loader/lib/index.js??ruleSet[1].rules[0].use[0]!/data00/home/jinzhixin/projects/rspack-bench/results/noop-loader-2026-09-11T04-04-10-528Z-15/fixture/module-00274.js',
+     moduleName: './module-00274.js'
+   },
+   {
+     code: 'ModuleBuildError',
+     message: '  × Module build failed (from ../../../node_modules/.pnpm/babel-loader@10.1.1_@babel+core@7.29.7_@rspack+core@..+.codex+worktrees+a77f+rspack+packages+rspack/node_modules/babel-loader/lib/index.js):\n' +
+       '  ╰─▶   × Error: The original reference that WeakReference<rspack_binding_api::compilation::JsCompilation> is pointing to is dropped\n' +
+       '        │     at file:///data00/home/jinzhixin/.codex/worktrees/a77f/rspack/packages/rspack/dist/worker.js:3902:69\n' +
+       '        │     at runWorkerLoop (file:///data00/home/jinzhixin/.codex/worktrees/a77f/rspack/packages/rspack/dist/worker.js:3906:18)\n' +
+       '      \n',
+     moduleIdentifier: '/data00/home/jinzhixin/projects/rspack-bench/node_modules/.pnpm/babel-loader@10.1.1_@babel+core@7.29.7_@rspack+core@..+.codex+worktrees+a77f+rspack+packages+rspack/node_modules/babel-loader/lib/index.js??ruleSet[1].rules[0].use[0]!/data00/home/jinzhixin/projects/rspack-bench/results/noop-loader-2026-09-11T04-04-10-528Z-15/fixture/module-00294.js',
+     moduleName: './module-00294.js'
+   },
+   {
+     code: 'ModuleBuildError',
+     message: '  × Module build failed (from ../../../node_modules/.pnpm/babel-loader@10.1.1_@babel+core@7.29.7_@rspack+core@..+.codex+worktrees+a77f+rspack+packages+rspack/node_modules/babel-loader/lib/index.js):\n' +
+       '  ╰─▶   × Error: The original reference that WeakReference<rspack_binding_api::compilation::JsCompilation> is pointing to is dropped\n' +
+       '        │     at file:///data00/home/jinzhixin/.codex/worktrees/a77f/rspack/packages/rspack/dist/worker.js:3902:69\n' +
+       '        │     at runWorkerLoop (file:///data00/home/jinzhixin/.codex/worktrees/a77f/rspack/packages/rspack/dist/worker.js:3906:18)\n' +
+       '      \n',
+     moduleIdentifier: '/data00/home/jinzhixin/projects/rspack-bench/node_modules/.pnpm/babel-loader@10.1.1_@babel+core@7.29.7_@rspack+core@..+.codex+worktrees+a77f+rspack+packages+rspack/node_modules/babel-loader/lib/index.js??ruleSet[1].rules[0].use[0]!/data00/home/jinzhixin/projects/rspack-bench/results/noop-loader-2026-09-11T04-04-10-528Z-15/fixture/module-00307.js',
+     moduleName: './module-00307.js'
+   },
+   {
+     code: 'ModuleBuildError',
+     message: '  × Module build failed (from ../../../node_modules/.pnpm/babel-loader@10.1.1_@babel+core@7.29.7_@rspack+core@..+.codex+worktrees+a77f+rspack+packages+rspack/node_modules/babel-loader/lib/index.js):\n' +
+       '  ╰─▶   × Error: The original reference that WeakReference<rspack_binding_api::compilation::JsCompilation> is pointing to is dropped\n' +
+       '        │     at file:///data00/home/jinzhixin/.codex/worktrees/a77f/rspack/packages/rspack/dist/worker.js:3902:69\n' +
+       '        │     at runWorkerLoop (file:///data00/home/jinzhixin/.codex/worktrees/a77f/rspack/packages/rspack/dist/worker.js:3906:18)\n' +
+       '      \n',
+     moduleIdentifier: '/data00/home/jinzhixin/projects/rspack-bench/node_modules/.pnpm/babel-loader@10.1.1_@babel+core@7.29.7_@rspack+core@..+.codex+worktrees+a77f+rspack+packages+rspack/node_modules/babel-loader/lib/index.js??ruleSet[1].rules[0].use[0]!/data00/home/jinzhixin/projects/rspack-bench/results/noop-loader-2026-09-11T04-04-10-528Z-15/fixture/module-00315.js',
+     moduleName: './module-00315.js'
+   },
+   {
+     code: 'ModuleBuildError',
+     message: '  × Module build failed (from ../../../node_modules/.pnpm/babel-loader@10.1.1_@babel+core@7.29.7_@rspack+core@..+.codex+worktrees+a77f+rspack+packages+rspack/node_modules/babel-loader/lib/index.js):\n' +
+       '  ╰─▶   × Error: The original reference that WeakReference<rspack_binding_api::compilation::JsCompilation> is pointing to is dropped\n' +
+       '        │     at file:///data00/home/jinzhixin/.codex/worktrees/a77f/rspack/packages/rspack/dist/worker.js:3902:69\n' +
+       '        │     at runWorkerLoop (file:///data00/home/jinzhixin/.codex/worktrees/a77f/rspack/packages/rspack/dist/worker.js:3906:18)\n' +
+       '      \n',
+     moduleIdentifier: '/data00/home/jinzhixin/projects/rspack-bench/node_modules/.pnpm/babel-loader@10.1.1_@babel+core@7.29.7_@rspack+core@..+.codex+worktrees+a77f+rspack+packages+rspack/node_modules/babel-loader/lib/index.js??ruleSet[1].rules[0].use[0]!/data00/home/jinzhixin/projects/rspack-bench/results/noop-loader-2026-09-11T04-04-10-528Z-15/fixture/module-00388.js',
+     moduleName: './module-00388.js'
+   },
+   {
+     code: 'ModuleBuildError',
+     message: '  × Module build failed (from ../../../node_modules/.pnpm/babel-loader@10.1.1_@babel+core@7.29.7_@rspack+core@..+.codex+worktrees+a77f+rspack+packages+rspack/node_modules/babel-loader/lib/index.js):\n' +
+       '  ╰─▶   × Error: The original reference that WeakReference<rspack_binding_api::compilation::JsCompilation> is pointing to is dropped\n' +
+       '        │     at file:///data00/home/jinzhixin/.codex/worktrees/a77f/rspack/packages/rspack/dist/worker.js:3902:69\n' +
+       '        │     at runWorkerLoop (file:///data00/home/jinzhixin/.codex/worktrees/a77f/rspack/packages/rspack/dist/worker.js:3906:18)\n' +
+       '      \n',
+     moduleIdentifier: '/data00/home/jinzhixin/projects/rspack-bench/node_modules/.pnpm/babel-loader@10.1.1_@babel+core@7.29.7_@rspack+core@..+.codex+worktrees+a77f+rspack+packages+rspack/node_modules/babel-loader/lib/index.js??ruleSet[1].rules[0].use[0]!/data00/home/jinzhixin/projects/rspack-bench/results/noop-loader-2026-09-11T04-04-10-528Z-15/fixture/module-00394.js',
+     moduleName: './module-00394.js'
+   },
+   {
+     code: 'ModuleBuildError',
+     message: '  × Module build failed (from ../../../node_modules/.pnpm/babel-loader@10.1.1_@babel+core@7.29.7_@rspack+core@..+.codex+worktrees+a77f+rspack+packages+rspack/node_modules/babel-loader/lib/index.js):\n' +
+       '  ╰─▶   × Error: The original reference that WeakReference<rspack_binding_api::compilation::JsCompilation> is pointing to is dropped\n' +
+       '        │     at file:///data00/home/jinzhixin/.codex/worktrees/a77f/rspack/packages/rspack/dist/worker.js:3902:69\n' +
+       '        │     at runWorkerLoop (file:///data00/home/jinzhixin/.codex/worktrees/a77f/rspack/packages/rspack/dist/worker.js:3906:18)\n' +
+       '      \n',
+     moduleIdentifier: '/data00/home/jinzhixin/projects/rspack-bench/node_modules/.pnpm/babel-loader@10.1.1_@babel+core@7.29.7_@rspack+core@..+.codex+worktrees+a77f+rspack+packages+rspack/node_modules/babel-loader/lib/index.js??ruleSet[1].rules[0].use[0]!/data00/home/jinzhixin/projects/rspack-bench/results/noop-loader-2026-09-11T04-04-10-528Z-15/fixture/module-00397.js',
+     moduleName: './module-00397.js'
+   },
+   {
+     code: 'ModuleBuildError',
+     message: '  × Module build failed (from ../../../node_modules/.pnpm/babel-loader@10.1.1_@babel+core@7.29.7_@rspack+core@..+.codex+worktrees+a77f+rspack+packages+rspack/node_modules/babel-loader/lib/index.js):\n' +
+       '  ╰─▶   × Error: The original reference that WeakReference<rspack_binding_api::compilation::JsCompilation> is pointing to is dropped\n' +
+       '        │     at file:///data00/home/jinzhixin/.codex/worktrees/a77f/rspack/packages/rspack/dist/worker.js:3902:69\n' +
+       '        │     at runWorkerLoop (file:///data00/home/jinzhixin/.codex/worktrees/a77f/rspack/packages/rspack/dist/worker.js:3906:18)\n' +
+       '      \n',
+     moduleIdentifier: '/data00/home/jinzhixin/projects/rspack-bench/node_modules/.pnpm/babel-loader@10.1.1_@babel+core@7.29.7_@rspack+core@..+.codex+worktrees+a77f+rspack+packages+rspack/node_modules/babel-loader/lib/index.js??ruleSet[1].rules[0].use[0]!/data00/home/jinzhixin/projects/rspack-bench/results/noop-loader-2026-09-11T04-04-10-528Z-15/fixture/module-00443.js',
+     moduleName: './module-00443.js'
+   },
+   {
+     code: 'ModuleBuildError',
+     message: '  × Module build failed (from ../../../node_modules/.pnpm/babel-loader@10.1.1_@babel+core@7.29.7_@rspack+core@..+.codex+worktrees+a77f+rspack+packages+rspack/node_modules/babel-loader/lib/index.js):\n' +
+       '  ╰─▶   × Error: The original reference that WeakReference<rspack_binding_api::compilation::JsCompilation> is pointing to is dropped\n' +
+       '        │     at file:///data00/home/jinzhixin/.codex/worktrees/a77f/rspack/packages/rspack/dist/worker.js:3902:69\n' +
+       '        │     at runWorkerLoop (file:///data00/home/jinzhixin/.codex/worktrees/a77f/rspack/packages/rspack/dist/worker.js:3906:18)\n' +
+       '      \n',
+     moduleIdentifier: '/data00/home/jinzhixin/projects/rspack-bench/node_modules/.pnpm/babel-loader@10.1.1_@babel+core@7.29.7_@rspack+core@..+.codex+worktrees+a77f+rspack+packages+rspack/node_modules/babel-loader/lib/index.js??ruleSet[1].rules[0].use[0]!/data00/home/jinzhixin/projects/rspack-bench/results/noop-loader-2026-09-11T04-04-10-528Z-15/fixture/module-00471.js',
+     moduleName: './module-00471.js'
+   },
+   {
+     code: 'ModuleBuildError',
+     message: '  × Module build failed (from ../../../node_modules/.pnpm/babel-loader@10.1.1_@babel+core@7.29.7_@rspack+core@..+.codex+worktrees+a77f+rspack+packages+rspack/node_modules/babel-loader/lib/index.js):\n' +
+       '  ╰─▶   × Error: The original reference that WeakReference<rspack_binding_api::compilation::JsCompilation> is pointing to is dropped\n' +
+       '        │     at file:///data00/home/jinzhixin/.codex/worktrees/a77f/rspack/packages/rspack/dist/worker.js:3902:69\n' +
+       '        │     at runWorkerLoop (file:///data00/home/jinzhixin/.codex/worktrees/a77f/rspack/packages/rspack/dist/worker.js:3906:18)\n' +
+       '      \n',
+     moduleIdentifier: '/data00/home/jinzhixin/projects/rspack-bench/node_modules/.pnpm/babel-loader@10.1.1_@babel+core@7.29.7_@rspack+core@..+.codex+worktrees+a77f+rspack+packages+rspack/node_modules/babel-loader/lib/index.js??ruleSet[1].rules[0].use[0]!/data00/home/jinzhixin/projects/rspack-bench/results/noop-loader-2026-09-11T04-04-10-528Z-15/fixture/module-00516.js',
+     moduleName: './module-00516.js'
+   },
+   {
+     code: 'ModuleBuildError',
+     message: '  × Module build failed (from ../../../node_modules/.pnpm/babel-loader@10.1.1_@babel+core@7.29.7_@rspack+core@..+.codex+worktrees+a77f+rspack+packages+rspack/node_modules/babel-loader/lib/index.js):\n' +
+       '  ╰─▶   × Error: The original reference that WeakReference<rspack_binding_api::compilation::JsCompilation> is pointing to is dropped\n' +
+       '        │     at file:///data00/home/jinzhixin/.codex/worktrees/a77f/rspack/packages/rspack/dist/worker.js:3902:69\n' +
+       '        │     at runWorkerLoop (file:///data00/home/jinzhixin/.codex/worktrees/a77f/rspack/packages/rspack/dist/worker.js:3906:18)\n' +
+       '      \n',
+     moduleIdentifier: '/data00/home/jinzhixin/projects/rspack-bench/node_modules/.pnpm/babel-loader@10.1.1_@babel+core@7.29.7_@rspack+core@..+.codex+worktrees+a77f+rspack+packages+rspack/node_modules/babel-loader/lib/index.js??ruleSet[1].rules[0].use[0]!/data00/home/jinzhixin/projects/rspack-bench/results/noop-loader-2026-09-11T04-04-10-528Z-15/fixture/module-00545.js',
+     moduleName: './module-00545.js'
+   },
+   {
+     code: 'ModuleBuildError',
+     message: '  × Module build failed (from ../../../node_modules/.pnpm/babel-loader@10.1.1_@babel+core@7.29.7_@rspack+core@..+.codex+worktrees+a77f+rspack+packages+rspack/node_modules/babel-loader/lib/index.js):\n' +
+       '  ╰─▶   × Error: The original reference that WeakReference<rspack_binding_api::compilation::JsCompilation> is pointing to is dropped\n' +
+       '        │     at file:///data00/home/jinzhixin/.codex/worktrees/a77f/rspack/packages/rspack/dist/worker.js:3902:69\n' +
+       '        │     at runWorkerLoop (file:///data00/home/jinzhixin/.codex/worktrees/a77f/rspack/packages/rspack/dist/worker.js:3906:18)\n' +
+       '      \n',
+     moduleIdentifier: '/data00/home/jinzhixin/projects/rspack-bench/node_modules/.pnpm/babel-loader@10.1.1_@babel+core@7.29.7_@rspack+core@..+.codex+worktrees+a77f+rspack+packages+rspack/node_modules/babel-loader/lib/index.js??ruleSet[1].rules[0].use[0]!/data00/home/jinzhixin/projects/rspack-bench/results/noop-loader-2026-09-11T04-04-10-528Z-15/fixture/module-00546.js',
+     moduleName: './module-00546.js'
+   },
+   {
+     code: 'ModuleBuildError',
+     message: '  × Module build failed (from ../../../node_modules/.pnpm/babel-loader@10.1.1_@babel+core@7.29.7_@rspack+core@..+.codex+worktrees+a77f+rspack+packages+rspack/node_modules/babel-loader/lib/index.js):\n' +
+       '  ╰─▶   × Error: The original reference that WeakReference<rspack_binding_api::compilation::JsCompilation> is pointing to is dropped\n' +
+       '        │     at file:///data00/home/jinzhixin/.codex/worktrees/a77f/rspack/packages/rspack/dist/worker.js:3902:69\n' +
+       '        │     at runWorkerLoop (file:///data00/home/jinzhixin/.codex/worktrees/a77f/rspack/packages/rspack/dist/worker.js:3906:18)\n' +
+       '      \n',
+     moduleIdentifier: '/data00/home/jinzhixin/projects/rspack-bench/node_modules/.pnpm/babel-loader@10.1.1_@babel+core@7.29.7_@rspack+core@..+.codex+worktrees+a77f+rspack+packages+rspack/node_modules/babel-loader/lib/index.js??ruleSet[1].rules[0].use[0]!/data00/home/jinzhixin/projects/rspack-bench/results/noop-loader-2026-09-11T04-04-10-528Z-15/fixture/module-00547.js',
+     moduleName: './module-00547.js'
+   },
+   {
+     code: 'ModuleBuildError',
+     message: '  × Module build failed (from ../../../node_modules/.pnpm/babel-loader@10.1.1_@babel+core@7.29.7_@rspack+core@..+.codex+worktrees+a77f+rspack+packages+rspack/node_modules/babel-loader/lib/index.js):\n' +
+       '  ╰─▶   × Error: The original reference that WeakReference<rspack_binding_api::compilation::JsCompilation> is pointing to is dropped\n' +
+       '        │     at file:///data00/home/jinzhixin/.codex/worktrees/a77f/rspack/packages/rspack/dist/worker.js:3902:69\n' +
+       '        │     at runWorkerLoop (file:///data00/home/jinzhixin/.codex/worktrees/a77f/rspack/packages/rspack/dist/worker.js:3906:18)\n' +
+       '      \n',
+     moduleIdentifier: '/data00/home/jinzhixin/projects/rspack-bench/node_modules/.pnpm/babel-loader@10.1.1_@babel+core@7.29.7_@rspack+core@..+.codex+worktrees+a77f+rspack+packages+rspack/node_modules/babel-loader/lib/index.js??ruleSet[1].rules[0].use[0]!/data00/home/jinzhixin/projects/rspack-bench/results/noop-loader-2026-09-11T04-04-10-528Z-15/fixture/module-00548.js',
+     moduleName: './module-00548.js'
+   },
+   {
+     code: 'ModuleBuildError',
+     message: '  × Module build failed (from ../../../node_modules/.pnpm/babel-loader@10.1.1_@babel+core@7.29.7_@rspack+core@..+.codex+worktrees+a77f+rspack+packages+rspack/node_modules/babel-loader/lib/index.js):\n' +
+       '  ╰─▶   × Error: The original reference that WeakReference<rspack_binding_api::compilation::JsCompilation> is pointing to is dropped\n' +
+       '        │     at file:///data00/home/jinzhixin/.codex/worktrees/a77f/rspack/packages/rspack/dist/worker.js:3902:69\n' +
+       '        │     at runWorkerLoop (file:///data00/home/jinzhixin/.codex/worktrees/a77f/rspack/packages/rspack/dist/worker.js:3906:18)\n' +
+       '      \n',
+     moduleIdentifier: '/data00/home/jinzhixin/projects/rspack-bench/node_modules/.pnpm/babel-loader@10.1.1_@babel+core@7.29.7_@rspack+core@..+.codex+worktrees+a77f+rspack+packages+rspack/node_modules/babel-loader/lib/index.js??ruleSet[1].rules[0].use[0]!/data00/home/jinzhixin/projects/rspack-bench/results/noop-loader-2026-09-11T04-04-10-528Z-15/fixture/module-00565.js',
+     moduleName: './module-00565.js'
+   },
+   {
+     code: 'ModuleBuildError',
+     message: '  × Module build failed (from ../../../node_modules/.pnpm/babel-loader@10.1.1_@babel+core@7.29.7_@rspack+core@..+.codex+worktrees+a77f+rspack+packages+rspack/node_modules/babel-loader/lib/index.js):\n' +
+       '  ╰─▶   × Error: The original reference that WeakReference<rspack_binding_api::compilation::JsCompilation> is pointing to is dropped\n' +
+       '        │     at file:///data00/home/jinzhixin/.codex/worktrees/a77f/rspack/packages/rspack/dist/worker.js:3902:69\n' +
+       '        │     at runWorkerLoop (file:///data00/home/jinzhixin/.codex/worktrees/a77f/rspack/packages/rspack/dist/worker.js:3906:18)\n' +
+       '      \n',
+     moduleIdentifier: '/data00/home/jinzhixin/projects/rspack-bench/node_modules/.pnpm/babel-loader@10.1.1_@babel+core@7.29.7_@rspack+core@..+.codex+worktrees+a77f+rspack+packages+rspack/node_modules/babel-loader/lib/index.js??ruleSet[1].rules[0].use[0]!/data00/home/jinzhixin/projects/rspack-bench/results/noop-loader-2026-09-11T04-04-10-528Z-15/fixture/module-00592.js',
+     moduleName: './module-00592.js'
+   },
+   {
+     code: 'ModuleBuildError',
+     message: '  × Module build failed (from ../../../node_modules/.pnpm/babel-loader@10.1.1_@babel+core@7.29.7_@rspack+core@..+.codex+worktrees+a77f+rspack+packages+rspack/node_modules/babel-loader/lib/index.js):\n' +
+       '  ╰─▶   × Error: The original reference that WeakReference<rspack_binding_api::compilation::JsCompilation> is pointing to is dropped\n' +
+       '        │     at file:///data00/home/jinzhixin/.codex/worktrees/a77f/rspack/packages/rspack/dist/worker.js:3902:69\n' +
+       '        │     at runWorkerLoop (file:///data00/home/jinzhixin/.codex/worktrees/a77f/rspack/packages/rspack/dist/worker.js:3906:18)\n' +
+       '      \n',
+     moduleIdentifier: '/data00/home/jinzhixin/projects/rspack-bench/node_modules/.pnpm/babel-loader@10.1.1_@babel+core@7.29.7_@rspack+core@..+.codex+worktrees+a77f+rspack+packages+rspack/node_modules/babel-loader/lib/index.js??ruleSet[1].rules[0].use[0]!/data00/home/jinzhixin/projects/rspack-bench/results/noop-loader-2026-09-11T04-04-10-528Z-15/fixture/module-00602.js',
+     moduleName: './module-00602.js'
+   },
+   {
+     code: 'ModuleBuildError',
+     message: '  × Module build failed (from ../../../node_modules/.pnpm/babel-loader@10.1.1_@babel+core@7.29.7_@rspack+core@..+.codex+worktrees+a77f+rspack+packages+rspack/node_modules/babel-loader/lib/index.js):\n' +
+       '  ╰─▶   × Error: The original reference that WeakReference<rspack_binding_api::compilation::JsCompilation> is pointing to is dropped\n' +
+       '        │     at file:///data00/home/jinzhixin/.codex/worktrees/a77f/rspack/packages/rspack/dist/worker.js:3902:69\n' +
+       '        │     at runWorkerLoop (file:///data00/home/jinzhixin/.codex/worktrees/a77f/rspack/packages/rspack/dist/worker.js:3906:18)\n' +
+       '      \n',
+     moduleIdentifier: '/data00/home/jinzhixin/projects/rspack-bench/node_modules/.pnpm/babel-loader@10.1.1_@babel+core@7.29.7_@rspack+core@..+.codex+worktrees+a77f+rspack+packages+rspack/node_modules/babel-loader/lib/index.js??ruleSet[1].rules[0].use[0]!/data00/home/jinzhixin/projects/rspack-bench/results/noop-loader-2026-09-11T04-04-10-528Z-15/fixture/module-00665.js',
+     moduleName: './module-00665.js'
+   },
+   {
+     code: 'ModuleBuildError',
+     message: '  × Module build failed (from ../../../node_modules/.pnpm/babel-loader@10.1.1_@babel+core@7.29.7_@rspack+core@..+.codex+worktrees+a77f+rspack+packages+rspack/node_modules/babel-loader/lib/index.js):\n' +
+       '  ╰─▶   × Error: The original reference that WeakReference<rspack_binding_api::compilation::JsCompilation> is pointing to is dropped\n' +
+       '        │     at file:///data00/home/jinzhixin/.codex/worktrees/a77f/rspack/packages/rspack/dist/worker.js:3902:69\n' +
+       '        │     at runWorkerLoop (file:///data00/home/jinzhixin/.codex/worktrees/a77f/rspack/packages/rspack/dist/worker.js:3906:18)\n' +
+       '      \n',
+     moduleIdentifier: '/data00/home/jinzhixin/projects/rspack-bench/node_modules/.pnpm/babel-loader@10.1.1_@babel+core@7.29.7_@rspack+core@..+.codex+worktrees+a77f+rspack+packages+rspack/node_modules/babel-loader/lib/index.js??ruleSet[1].rules[0].use[0]!/data00/home/jinzhixin/projects/rspack-bench/results/noop-loader-2026-09-11T04-04-10-528Z-15/fixture/module-00666.js',
+     moduleName: './module-00666.js'
+   },
+   {
+     code: 'ModuleBuildError',
+     message: '  × Module build failed (from ../../../node_modules/.pnpm/babel-loader@10.1.1_@babel+core@7.29.7_@rspack+core@..+.codex+worktrees+a77f+rspack+packages+rspack/node_modules/babel-loader/lib/index.js):\n' +
+       '  ╰─▶   × Error: The original reference that WeakReference<rspack_binding_api::compilation::JsCompilation> is pointing to is dropped\n' +
+       '        │     at file:///data00/home/jinzhixin/.codex/worktrees/a77f/rspack/packages/rspack/dist/worker.js:3902:69\n' +
+       '        │     at runWorkerLoop (file:///data00/home/jinzhixin/.codex/worktrees/a77f/rspack/packages/rspack/dist/worker.js:3906:18)\n' +
+       '      \n',
+     moduleIdentifier: '/data00/home/jinzhixin/projects/rspack-bench/node_modules/.pnpm/babel-loader@10.1.1_@babel+core@7.29.7_@rspack+core@..+.codex+worktrees+a77f+rspack+packages+rspack/node_modules/babel-loader/lib/index.js??ruleSet[1].rules[0].use[0]!/data00/home/jinzhixin/projects/rspack-bench/results/noop-loader-2026-09-11T04-04-10-528Z-15/fixture/module-00780.js',
+     moduleName: './module-00780.js'
+   },
+   {
+     code: 'ModuleBuildError',
+     message: '  × Module build failed (from ../../../node_modules/.pnpm/babel-loader@10.1.1_@babel+core@7.29.7_@rspack+core@..+.codex+worktrees+a77f+rspack+packages+rspack/node_modules/babel-loader/lib/index.js):\n' +
+       '  ╰─▶   × Error: The original reference that WeakReference<rspack_binding_api::compilation::JsCompilation> is pointing to is dropped\n' +
+       '        │     at file:///data00/home/jinzhixin/.codex/worktrees/a77f/rspack/packages/rspack/dist/worker.js:3902:69\n' +
+       '        │     at runWorkerLoop (file:///data00/home/jinzhixin/.codex/worktrees/a77f/rspack/packages/rspack/dist/worker.js:3906:18)\n' +
+       '      \n',
+     moduleIdentifier: '/data00/home/jinzhixin/projects/rspack-bench/node_modules/.pnpm/babel-loader@10.1.1_@babel+core@7.29.7_@rspack+core@..+.codex+worktrees+a77f+rspack+packages+rspack/node_modules/babel-loader/lib/index.js??ruleSet[1].rules[0].use[0]!/data00/home/jinzhixin/projects/rspack-bench/results/noop-loader-2026-09-11T04-04-10-528Z-15/fixture/module-00794.js',
+     moduleName: './module-00794.js'
+   },
+   {
+     code: 'ModuleBuildError',
+     message: '  × Module build failed (from ../../../node_modules/.pnpm/babel-loader@10.1.1_@babel+core@7.29.7_@rspack+core@..+.codex+worktrees+a77f+rspack+packages+rspack/node_modules/babel-loader/lib/index.js):\n' +
+       '  ╰─▶   × Error: The original reference that WeakReference<rspack_binding_api::compilation::JsCompilation> is pointing to is dropped\n' +
+       '        │     at file:///data00/home/jinzhixin/.codex/worktrees/a77f/rspack/packages/rspack/dist/worker.js:3902:69\n' +
+       '        │     at runWorkerLoop (file:///data00/home/jinzhixin/.codex/worktrees/a77f/rspack/packages/rspack/dist/worker.js:3906:18)\n' +
+       '      \n',
+     moduleIdentifier: '/data00/home/jinzhixin/projects/rspack-bench/node_modules/.pnpm/babel-loader@10.1.1_@babel+core@7.29.7_@rspack+core@..+.codex+worktrees+a77f+rspack+packages+rspack/node_modules/babel-loader/lib/index.js??ruleSet[1].rules[0].use[0]!/data00/home/jinzhixin/projects/rspack-bench/results/noop-loader-2026-09-11T04-04-10-528Z-15/fixture/module-00805.js',
+     moduleName: './module-00805.js'
+   },
+   {
+     code: 'ModuleBuildError',
+     message: '  × Module build failed (from ../../../node_modules/.pnpm/babel-loader@10.1.1_@babel+core@7.29.7_@rspack+core@..+.codex+worktrees+a77f+rspack+packages+rspack/node_modules/babel-loader/lib/index.js):\n' +
+       '  ╰─▶   × Error: The original reference that WeakReference<rspack_binding_api::compilation::JsCompilation> is pointing to is dropped\n' +
+       '        │     at file:///data00/home/jinzhixin/.codex/worktrees/a77f/rspack/packages/rspack/dist/worker.js:3902:69\n' +
+       '        │     at runWorkerLoop (file:///data00/home/jinzhixin/.codex/worktrees/a77f/rspack/packages/rspack/dist/worker.js:3906:18)\n' +
+       '      \n',
+     moduleIdentifier: '/data00/home/jinzhixin/projects/rspack-bench/node_modules/.pnpm/babel-loader@10.1.1_@babel+core@7.29.7_@rspack+core@..+.codex+worktrees+a77f+rspack+packages+rspack/node_modules/babel-loader/lib/index.js??ruleSet[1].rules[0].use[0]!/data00/home/jinzhixin/projects/rspack-bench/results/noop-loader-2026-09-11T04-04-10-528Z-15/fixture/module-00812.js',
+     moduleName: './module-00812.js'
+   },
+   {
+     code: 'ModuleBuildError',
+     message: '  × Module build failed (from ../../../node_modules/.pnpm/babel-loader@10.1.1_@babel+core@7.29.7_@rspack+core@..+.codex+worktrees+a77f+rspack+packages+rspack/node_modules/babel-loader/lib/index.js):\n' +
+       '  ╰─▶   × Error: The original reference that WeakReference<rspack_binding_api::compilation::JsCompilation> is pointing to is dropped\n' +
+       '        │     at file:///data00/home/jinzhixin/.codex/worktrees/a77f/rspack/packages/rspack/dist/worker.js:3902:69\n' +
+       '        │     at runWorkerLoop (file:///data00/home/jinzhixin/.codex/worktrees/a77f/rspack/packages/rspack/dist/worker.js:3906:18)\n' +
+       '      \n',
+     moduleIdentifier: '/data00/home/jinzhixin/projects/rspack-bench/node_modules/.pnpm/babel-loader@10.1.1_@babel+core@7.29.7_@rspack+core@..+.codex+worktrees+a77f+rspack+packages+rspack/node_modules/babel-loader/lib/index.js??ruleSet[1].rules[0].use[0]!/data00/home/jinzhixin/projects/rspack-bench/results/noop-loader-2026-09-11T04-04-10-528Z-15/fixture/module-00832.js',
+     moduleName: './module-00832.js'
+   },
+   {
+     code: 'ModuleBuildError',
+     message: '  × Module build failed (from ../../../node_modules/.pnpm/babel-loader@10.1.1_@babel+core@7.29.7_@rspack+core@..+.codex+worktrees+a77f+rspack+packages+rspack/node_modules/babel-loader/lib/index.js):\n' +
+       '  ╰─▶   × Error: The original reference that WeakReference<rspack_binding_api::compilation::JsCompilation> is pointing to is dropped\n' +
+       '        │     at file:///data00/home/jinzhixin/.codex/worktrees/a77f/rspack/packages/rspack/dist/worker.js:3902:69\n' +
+       '        │     at runWorkerLoop (file:///data00/home/jinzhixin/.codex/worktrees/a77f/rspack/packages/rspack/dist/worker.js:3906:18)\n' +
+       '      \n',
+     moduleIdentifier: '/data00/home/jinzhixin/projects/rspack-bench/node_modules/.pnpm/babel-loader@10.1.1_@babel+core@7.29.7_@rspack+core@..+.codex+worktrees+a77f+rspack+packages+rspack/node_modules/babel-loader/lib/index.js??ruleSet[1].rules[0].use[0]!/data00/home/jinzhixin/projects/rspack-bench/results/noop-loader-2026-09-11T04-04-10-528Z-15/fixture/module-00838.js',
+     moduleName: './module-00838.js'
+   },
+   {
+     code: 'ModuleBuildError',
+     message: '  × Module build failed (from ../../../node_modules/.pnpm/babel-loader@10.1.1_@babel+core@7.29.7_@rspack+core@..+.codex+worktrees+a77f+rspack+packages+rspack/node_modules/babel-loader/lib/index.js):\n' +
+       '  ╰─▶   × Error: The original reference that WeakReference<rspack_binding_api::compilation::JsCompilation> is pointing to is dropped\n' +
+       '        │     at file:///data00/home/jinzhixin/.codex/worktrees/a77f/rspack/packages/rspack/dist/worker.js:3902:69\n' +
+       '        │     at runWorkerLoop (file:///data00/home/jinzhixin/.codex/worktrees/a77f/rspack/packages/rspack/dist/worker.js:3906:18)\n' +
+       '      \n',
+     moduleIdentifier: '/data00/home/jinzhixin/projects/rspack-bench/node_modules/.pnpm/babel-loader@10.1.1_@babel+core@7.29.7_@rspack+core@..+.codex+worktrees+a77f+rspack+packages+rspack/node_modules/babel-loader/lib/index.js??ruleSet[1].rules[0].use[0]!/data00/home/jinzhixin/projects/rspack-bench/results/noop-loader-2026-09-11T04-04-10-528Z-15/fixture/module-00855.js',
+     moduleName: './module-00855.js'
+   },
+   {
+     code: 'ModuleBuildError',
+     message: '  × Module build failed (from ../../../node_modules/.pnpm/babel-loader@10.1.1_@babel+core@7.29.7_@rspack+core@..+.codex+worktrees+a77f+rspack+packages+rspack/node_modules/babel-loader/lib/index.js):\n' +
+       '  ╰─▶   × Error: The original reference that WeakReference<rspack_binding_api::compilation::JsCompilation> is pointing to is dropped\n' +
+       '        │     at file:///data00/home/jinzhixin/.codex/worktrees/a77f/rspack/packages/rspack/dist/worker.js:3902:69\n' +
+       '        │     at runWorkerLoop (file:///data00/home/jinzhixin/.codex/worktrees/a77f/rspack/packages/rspack/dist/worker.js:3906:18)\n' +
+       '      \n',
+     moduleIdentifier: '/data00/home/jinzhixin/projects/rspack-bench/node_modules/.pnpm/babel-loader@10.1.1_@babel+core@7.29.7_@rspack+core@..+.codex+worktrees+a77f+rspack+packages+rspack/node_modules/babel-loader/lib/index.js??ruleSet[1].rules[0].use[0]!/data00/home/jinzhixin/projects/rspack-bench/results/noop-loader-2026-09-11T04-04-10-528Z-15/fixture/module-00862.js',
+     moduleName: './module-00862.js'
+   },
+   {
+     code: 'ModuleBuildError',
+     message: '  × Module build failed (from ../../../node_modules/.pnpm/babel-loader@10.1.1_@babel+core@7.29.7_@rspack+core@..+.codex+worktrees+a77f+rspack+packages+rspack/node_modules/babel-loader/lib/index.js):\n' +
+       '  ╰─▶   × Error: The original reference that WeakReference<rspack_binding_api::compilation::JsCompilation> is pointing to is dropped\n' +
+       '        │     at file:///data00/home/jinzhixin/.codex/worktrees/a77f/rspack/packages/rspack/dist/worker.js:3902:69\n' +
+       '        │     at runWorkerLoop (file:///data00/home/jinzhixin/.codex/worktrees/a77f/rspack/packages/rspack/dist/worker.js:3906:18)\n' +
+       '      \n',
+     moduleIdentifier: '/data00/home/jinzhixin/projects/rspack-bench/node_modules/.pnpm/babel-loader@10.1.1_@babel+core@7.29.7_@rspack+core@..+.codex+worktrees+a77f+rspack+packages+rspack/node_modules/babel-loader/lib/index.js??ruleSet[1].rules[0].use[0]!/data00/home/jinzhixin/projects/rspack-bench/results/noop-loader-2026-09-11T04-04-10-528Z-15/fixture/module-00874.js',
+     moduleName: './module-00874.js'
+   },
+   {
+     code: 'ModuleBuildError',
+     message: '  × Module build failed (from ../../../node_modules/.pnpm/babel-loader@10.1.1_@babel+core@7.29.7_@rspack+core@..+.codex+worktrees+a77f+rspack+packages+rspack/node_modules/babel-loader/lib/index.js):\n' +
+       '  ╰─▶   × Error: The original reference that WeakReference<rspack_binding_api::compilation::JsCompilation> is pointing to is dropped\n' +
+       '        │     at file:///data00/home/jinzhixin/.codex/worktrees/a77f/rspack/packages/rspack/dist/worker.js:3902:69\n' +
+       '        │     at runWorkerLoop (file:///data00/home/jinzhixin/.codex/worktrees/a77f/rspack/packages/rspack/dist/worker.js:3906:18)\n' +
+       '      \n',
+     moduleIdentifier: '/data00/home/jinzhixin/projects/rspack-bench/node_modules/.pnpm/babel-loader@10.1.1_@babel+core@7.29.7_@rspack+core@..+.codex+worktrees+a77f+rspack+packages+rspack/node_modules/babel-loader/lib/index.js??ruleSet[1].rules[0].use[0]!/data00/home/jinzhixin/projects/rspack-bench/results/noop-loader-2026-09-11T04-04-10-528Z-15/fixture/module-00931.js',
+     moduleName: './module-00931.js'
+   },
+   {
+     code: 'ModuleBuildError',
+     message: '  × Module build failed (from ../../../node_modules/.pnpm/babel-loader@10.1.1_@babel+core@7.29.7_@rspack+core@..+.codex+worktrees+a77f+rspack+packages+rspack/node_modules/babel-loader/lib/index.js):\n' +
+       '  ╰─▶   × Error: The original reference that WeakReference<rspack_binding_api::compilation::JsCompilation> is pointing to is dropped\n' +
+       '        │     at file:///data00/home/jinzhixin/.codex/worktrees/a77f/rspack/packages/rspack/dist/worker.js:3902:69\n' +
+       '        │     at runWorkerLoop (file:///data00/home/jinzhixin/.codex/worktrees/a77f/rspack/packages/rspack/dist/worker.js:3906:18)\n' +
+       '      \n',
+     moduleIdentifier: '/data00/home/jinzhixin/projects/rspack-bench/node_modules/.pnpm/babel-loader@10.1.1_@babel+core@7.29.7_@rspack+core@..+.codex+worktrees+a77f+rspack+packages+rspack/node_modules/babel-loader/lib/index.js??ruleSet[1].rules[0].use[0]!/data00/home/jinzhixin/projects/rspack-bench/results/noop-loader-2026-09-11T04-04-10-528Z-15/fixture/module-00948.js',
+     moduleName: './module-00948.js'
+   },
+   {
+     code: 'ModuleBuildError',
+     message: '  × Module build failed (from ../../../node_modules/.pnpm/babel-loader@10.1.1_@babel+core@7.29.7_@rspack+core@..+.codex+worktrees+a77f+rspack+packages+rspack/node_modules/babel-loader/lib/index.js):\n' +
+       '  ╰─▶   × Error: The original reference that WeakReference<rspack_binding_api::compilation::JsCompilation> is pointing to is dropped\n' +
+       '        │     at file:///data00/home/jinzhixin/.codex/worktrees/a77f/rspack/packages/rspack/dist/worker.js:3902:69\n' +
+       '        │     at runWorkerLoop (file:///data00/home/jinzhixin/.codex/worktrees/a77f/rspack/packages/rspack/dist/worker.js:3906:18)\n' +
+       '      \n',
+     moduleIdentifier: '/data00/home/jinzhixin/projects/rspack-bench/node_modules/.pnpm/babel-loader@10.1.1_@babel+core@7.29.7_@rspack+core@..+.codex+worktrees+a77f+rspack+packages+rspack/node_modules/babel-loader/lib/index.js??ruleSet[1].rules[0].use[0]!/data00/home/jinzhixin/projects/rspack-bench/results/noop-loader-2026-09-11T04-04-10-528Z-15/fixture/module-00970.js',
+     moduleName: './module-00970.js'
+   },
+   {
+     code: 'ModuleBuildError',
+     message: '  × Module build failed (from ../../../node_modules/.pnpm/babel-loader@10.1.1_@babel+core@7.29.7_@rspack+core@..+.codex+worktrees+a77f+rspack+packages+rspack/node_modules/babel-loader/lib/index.js):\n' +
+       '  ╰─▶   × Error: The original reference that WeakReference<rspack_binding_api::compilation::JsCompilation> is pointing to is dropped\n' +
+       '        │     at file:///data00/home/jinzhixin/.codex/worktrees/a77f/rspack/packages/rspack/dist/worker.js:3902:69\n' +
+       '        │     at runWorkerLoop (file:///data00/home/jinzhixin/.codex/worktrees/a77f/rspack/packages/rspack/dist/worker.js:3906:18)\n' +
+       '      \n',
+     moduleIdentifier: '/data00/home/jinzhixin/projects/rspack-bench/node_modules/.pnpm/babel-loader@10.1.1_@babel+core@7.29.7_@rspack+core@..+.codex+worktrees+a77f+rspack+packages+rspack/node_modules/babel-loader/lib/index.js??ruleSet[1].rules[0].use[0]!/data00/home/jinzhixin/projects/rspack-bench/results/noop-loader-2026-09-11T04-04-10-528Z-15/fixture/module-00974.js',
+     moduleName: './module-00974.js'
+   },
+   {
+     code: 'ModuleBuildError',
+     message: '  × Module build failed (from ../../../node_modules/.pnpm/babel-loader@10.1.1_@babel+core@7.29.7_@rspack+core@..+.codex+worktrees+a77f+rspack+packages+rspack/node_modules/babel-loader/lib/index.js):\n' +
+       '  ╰─▶   × Error: The original reference that WeakReference<rspack_binding_api::compilation::JsCompilation> is pointing to is dropped\n' +
+       '        │     at file:///data00/home/jinzhixin/.codex/worktrees/a77f/rspack/packages/rspack/dist/worker.js:3902:69\n' +
+       '        │     at runWorkerLoop (file:///data00/home/jinzhixin/.codex/worktrees/a77f/rspack/packages/rspack/dist/worker.js:3906:18)\n' +
+       '      \n',
+     moduleIdentifier: '/data00/home/jinzhixin/projects/rspack-bench/node_modules/.pnpm/babel-loader@10.1.1_@babel+core@7.29.7_@rspack+core@..+.codex+worktrees+a77f+rspack+packages+rspack/node_modules/babel-loader/lib/index.js??ruleSet[1].rules[0].use[0]!/data00/home/jinzhixin/projects/rspack-bench/results/noop-loader-2026-09-11T04-04-10-528Z-15/fixture/module-01017.js',
+     moduleName: './module-01017.js'
+   },
+   {
+     code: 'ModuleBuildError',
+     message: '  × Module build failed (from ../../../node_modules/.pnpm/babel-loader@10.1.1_@babel+core@7.29.7_@rspack+core@..+.codex+worktrees+a77f+rspack+packages+rspack/node_modules/babel-loader/lib/index.js):\n' +
+       '  ╰─▶   × Error: The original reference that WeakReference<rspack_binding_api::compilation::JsCompilation> is pointing to is dropped\n' +
+       '        │     at file:///data00/home/jinzhixin/.codex/worktrees/a77f/rspack/packages/rspack/dist/worker.js:3902:69\n' +
+       '        │     at runWorkerLoop (file:///data00/home/jinzhixin/.codex/worktrees/a77f/rspack/packages/rspack/dist/worker.js:3906:18)\n' +
+       '      \n',
+     moduleIdentifier: '/data00/home/jinzhixin/projects/rspack-bench/node_modules/.pnpm/babel-loader@10.1.1_@babel+core@7.29.7_@rspack+core@..+.codex+worktrees+a77f+rspack+packages+rspack/node_modules/babel-loader/lib/index.js??ruleSet[1].rules[0].use[0]!/data00/home/jinzhixin/projects/rspack-bench/results/noop-loader-2026-09-11T04-04-10-528Z-15/fixture/module-01018.js',
+     moduleName: './module-01018.js'
+   },
+   {
+     code: 'ModuleBuildError',
+     message: '  × Module build failed (from ../../../node_modules/.pnpm/babel-loader@10.1.1_@babel+core@7.29.7_@rspack+core@..+.codex+worktrees+a77f+rspack+packages+rspack/node_modules/babel-loader/lib/index.js):\n' +
+       '  ╰─▶   × Error: The original reference that WeakReference<rspack_binding_api::compilation::JsCompilation> is pointing to is dropped\n' +
+       '        │     at file:///data00/home/jinzhixin/.codex/worktrees/a77f/rspack/packages/rspack/dist/worker.js:3902:69\n' +
+       '        │     at runWorkerLoop (file:///data00/home/jinzhixin/.codex/worktrees/a77f/rspack/packages/rspack/dist/worker.js:3906:18)\n' +
+       '      \n',
+     moduleIdentifier: '/data00/home/jinzhixin/projects/rspack-bench/node_modules/.pnpm/babel-loader@10.1.1_@babel+core@7.29.7_@rspack+core@..+.codex+worktrees+a77f+rspack+packages+rspack/node_modules/babel-loader/lib/index.js??ruleSet[1].rules[0].use[0]!/data00/home/jinzhixin/projects/rspack-bench/results/noop-loader-2026-09-11T04-04-10-528Z-15/fixture/module-01050.js',
+     moduleName: './module-01050.js'
+   },
+   {
+     code: 'ModuleBuildError',
+     message: '  × Module build failed (from ../../../node_modules/.pnpm/babel-loader@10.1.1_@babel+core@7.29.7_@rspack+core@..+.codex+worktrees+a77f+rspack+packages+rspack/node_modules/babel-loader/lib/index.js):\n' +
+       '  ╰─▶   × Error: The original reference that WeakReference<rspack_binding_api::compilation::JsCompilation> is pointing to is dropped\n' +
+       '        │     at file:///data00/home/jinzhixin/.codex/worktrees/a77f/rspack/packages/rspack/dist/worker.js:3902:69\n' +
+       '        │     at runWorkerLoop (file:///data00/home/jinzhixin/.codex/worktrees/a77f/rspack/packages/rspack/dist/worker.js:3906:18)\n' +
+       '      \n',
+     moduleIdentifier: '/data00/home/jinzhixin/projects/rspack-bench/node_modules/.pnpm/babel-loader@10.1.1_@babel+core@7.29.7_@rspack+core@..+.codex+worktrees+a77f+rspack+packages+rspack/node_modules/babel-loader/lib/index.js??ruleSet[1].rules[0].use[0]!/data00/home/jinzhixin/projects/rspack-bench/results/noop-loader-2026-09-11T04-04-10-528Z-15/fixture/module-01089.js',
+     moduleName: './module-01089.js'
+   },
+   {
+     code: 'ModuleBuildError',
+     message: '  × Module build failed (from ../../../node_modules/.pnpm/babel-loader@10.1.1_@babel+core@7.29.7_@rspack+core@..+.codex+worktrees+a77f+rspack+packages+rspack/node_modules/babel-loader/lib/index.js):\n' +
+       '  ╰─▶   × Error: The original reference that WeakReference<rspack_binding_api::compilation::JsCompilation> is pointing to is dropped\n' +
+       '        │     at file:///data00/home/jinzhixin/.codex/worktrees/a77f/rspack/packages/rspack/dist/worker.js:3902:69\n' +
+       '        │     at runWorkerLoop (file:///data00/home/jinzhixin/.codex/worktrees/a77f/rspack/packages/rspack/dist/worker.js:3906:18)\n' +
+       '      \n',
+     moduleIdentifier: '/data00/home/jinzhixin/projects/rspack-bench/node_modules/.pnpm/babel-loader@10.1.1_@babel+core@7.29.7_@rspack+core@..+.codex+worktrees+a77f+rspack+packages+rspack/node_modules/babel-loader/lib/index.js??ruleSet[1].rules[0].use[0]!/data00/home/jinzhixin/projects/rspack-bench/results/noop-loader-2026-09-11T04-04-10-528Z-15/fixture/module-01113.js',
+     moduleName: './module-01113.js'
+   },
+   {
+     code: 'ModuleBuildError',
+     message: '  × Module build failed (from ../../../node_modules/.pnpm/babel-loader@10.1.1_@babel+core@7.29.7_@rspack+core@..+.codex+worktrees+a77f+rspack+packages+rspack/node_modules/babel-loader/lib/index.js):\n' +
+       '  ╰─▶   × Error: The original reference that WeakReference<rspack_binding_api::compilation::JsCompilation> is pointing to is dropped\n' +
+       '        │     at file:///data00/home/jinzhixin/.codex/worktrees/a77f/rspack/packages/rspack/dist/worker.js:3902:69\n' +
+       '        │     at runWorkerLoop (file:///data00/home/jinzhixin/.codex/worktrees/a77f/rspack/packages/rspack/dist/worker.js:3906:18)\n' +
+       '      \n',
+     moduleIdentifier: '/data00/home/jinzhixin/projects/rspack-bench/node_modules/.pnpm/babel-loader@10.1.1_@babel+core@7.29.7_@rspack+core@..+.codex+worktrees+a77f+rspack+packages+rspack/node_modules/babel-loader/lib/index.js??ruleSet[1].rules[0].use[0]!/data00/home/jinzhixin/projects/rspack-bench/results/noop-loader-2026-09-11T04-04-10-528Z-15/fixture/module-01114.js',
+     moduleName: './module-01114.js'
+   },
+   {
+     code: 'ModuleBuildError',
+     message: '  × Module build failed (from ../../../node_modules/.pnpm/babel-loader@10.1.1_@babel+core@7.29.7_@rspack+core@..+.codex+worktrees+a77f+rspack+packages+rspack/node_modules/babel-loader/lib/index.js):\n' +
+       '  ╰─▶   × Error: The original reference that WeakReference<rspack_binding_api::compilation::JsCompilation> is pointing to is dropped\n' +
+       '        │     at file:///data00/home/jinzhixin/.codex/worktrees/a77f/rspack/packages/rspack/dist/worker.js:3902:69\n' +
+       '        │     at runWorkerLoop (file:///data00/home/jinzhixin/.codex/worktrees/a77f/rspack/packages/rspack/dist/worker.js:3906:18)\n' +
+       '      \n',
+     moduleIdentifier: '/data00/home/jinzhixin/projects/rspack-bench/node_modules/.pnpm/babel-loader@10.1.1_@babel+core@7.29.7_@rspack+core@..+.codex+worktrees+a77f+rspack+packages+rspack/node_modules/babel-loader/lib/index.js??ruleSet[1].rules[0].use[0]!/data00/home/jinzhixin/projects/rspack-bench/results/noop-loader-2026-09-11T04-04-10-528Z-15/fixture/module-01136.js',
+     moduleName: './module-01136.js'
+   },
+   {
+     code: 'ModuleBuildError',
+     message: '  × Module build failed (from ../../../node_modules/.pnpm/babel-loader@10.1.1_@babel+core@7.29.7_@rspack+core@..+.codex+worktrees+a77f+rspack+packages+rspack/node_modules/babel-loader/lib/index.js):\n' +
+       '  ╰─▶   × Error: The original reference that WeakReference<rspack_binding_api::compilation::JsCompilation> is pointing to is dropped\n' +
+       '        │     at file:///data00/home/jinzhixin/.codex/worktrees/a77f/rspack/packages/rspack/dist/worker.js:3902:69\n' +
+       '        │     at runWorkerLoop (file:///data00/home/jinzhixin/.codex/worktrees/a77f/rspack/packages/rspack/dist/worker.js:3906:18)\n' +
+       '      \n',
+     moduleIdentifier: '/data00/home/jinzhixin/projects/rspack-bench/node_modules/.pnpm/babel-loader@10.1.1_@babel+core@7.29.7_@rspack+core@..+.codex+worktrees+a77f+rspack+packages+rspack/node_modules/babel-loader/lib/index.js??ruleSet[1].rules[0].use[0]!/data00/home/jinzhixin/projects/rspack-bench/results/noop-loader-2026-09-11T04-04-10-528Z-15/fixture/module-01140.js',
+     moduleName: './module-01140.js'
+   },
+   {
+     code: 'ModuleBuildError',
+     message: '  × Module build failed (from ../../../node_modules/.pnpm/babel-loader@10.1.1_@babel+core@7.29.7_@rspack+core@..+.codex+worktrees+a77f+rspack+packages+rspack/node_modules/babel-loader/lib/index.js):\n' +
+       '  ╰─▶   × Error: The original reference that WeakReference<rspack_binding_api::compilation::JsCompilation> is pointing to is dropped\n' +
+       '        │     at file:///data00/home/jinzhixin/.codex/worktrees/a77f/rspack/packages/rspack/dist/worker.js:3902:69\n' +
+       '        │     at runWorkerLoop (file:///data00/home/jinzhixin/.codex/worktrees/a77f/rspack/packages/rspack/dist/worker.js:3906:18)\n' +
+       '      \n',
+     moduleIdentifier: '/data00/home/jinzhixin/projects/rspack-bench/node_modules/.pnpm/babel-loader@10.1.1_@babel+core@7.29.7_@rspack+core@..+.codex+worktrees+a77f+rspack+packages+rspack/node_modules/babel-loader/lib/index.js??ruleSet[1].rules[0].use[0]!/data00/home/jinzhixin/projects/rspack-bench/results/noop-loader-2026-09-11T04-04-10-528Z-15/fixture/module-01148.js',
+     moduleName: './module-01148.js'
+   },
+   {
+     code: 'ModuleBuildError',
+     message: '  × Module build failed (from ../../../node_modules/.pnpm/babel-loader@10.1.1_@babel+core@7.29.7_@rspack+core@..+.codex+worktrees+a77f+rspack+packages+rspack/node_modules/babel-loader/lib/index.js):\n' +
+       '  ╰─▶   × Error: The original reference that WeakReference<rspack_binding_api::compilation::JsCompilation> is pointing to is dropped\n' +
+       '        │     at file:///data00/home/jinzhixin/.codex/worktrees/a77f/rspack/packages/rspack/dist/worker.js:3902:69\n' +
+       '        │     at runWorkerLoop (file:///data00/home/jinzhixin/.codex/worktrees/a77f/rspack/packages/rspack/dist/worker.js:3906:18)\n' +
+       '      \n',
+     moduleIdentifier: '/data00/home/jinzhixin/projects/rspack-bench/node_modules/.pnpm/babel-loader@10.1.1_@babel+core@7.29.7_@rspack+core@..+.codex+worktrees+a77f+rspack+packages+rspack/node_modules/babel-loader/lib/index.js??ruleSet[1].rules[0].use[0]!/data00/home/jinzhixin/projects/rspack-bench/results/noop-loader-2026-09-11T04-04-10-528Z-15/fixture/module-01157.js',
+     moduleName: './module-01157.js'
+   },
+   {
+     code: 'ModuleBuildError',
+     message: '  × Module build failed (from ../../../node_modules/.pnpm/babel-loader@10.1.1_@babel+core@7.29.7_@rspack+core@..+.codex+worktrees+a77f+rspack+packages+rspack/node_modules/babel-loader/lib/index.js):\n' +
+       '  ╰─▶   × Error: The original reference that WeakReference<rspack_binding_api::compilation::JsCompilation> is pointing to is dropped\n' +
+       '        │     at file:///data00/home/jinzhixin/.codex/worktrees/a77f/rspack/packages/rspack/dist/worker.js:3902:69\n' +
+       '        │     at runWorkerLoop (file:///data00/home/jinzhixin/.codex/worktrees/a77f/rspack/packages/rspack/dist/worker.js:3906:18)\n' +
+       '      \n',
+     moduleIdentifier: '/data00/home/jinzhixin/projects/rspack-bench/node_modules/.pnpm/babel-loader@10.1.1_@babel+core@7.29.7_@rspack+core@..+.codex+worktrees+a77f+rspack+packages+rspack/node_modules/babel-loader/lib/index.js??ruleSet[1].rules[0].use[0]!/data00/home/jinzhixin/projects/rspack-bench/results/noop-loader-2026-09-11T04-04-10-528Z-15/fixture/module-01176.js',
+     moduleName: './module-01176.js'
+   },
+   {
+     code: 'ModuleBuildError',
+     message: '  × Module build failed (from ../../../node_modules/.pnpm/babel-loader@10.1.1_@babel+core@7.29.7_@rspack+core@..+.codex+worktrees+a77f+rspack+packages+rspack/node_modules/babel-loader/lib/index.js):\n' +
+       '  ╰─▶   × Error: The original reference that WeakReference<rspack_binding_api::compilation::JsCompilation> is pointing to is dropped\n' +
+       '        │     at file:///data00/home/jinzhixin/.codex/worktrees/a77f/rspack/packages/rspack/dist/worker.js:3902:69\n' +
+       '        │     at runWorkerLoop (file:///data00/home/jinzhixin/.codex/worktrees/a77f/rspack/packages/rspack/dist/worker.js:3906:18)\n' +
+       '      \n',
+     moduleIdentifier: '/data00/home/jinzhixin/projects/rspack-bench/node_modules/.pnpm/babel-loader@10.1.1_@babel+core@7.29.7_@rspack+core@..+.codex+worktrees+a77f+rspack+packages+rspack/node_modules/babel-loader/lib/index.js??ruleSet[1].rules[0].use[0]!/data00/home/jinzhixin/projects/rspack-bench/results/noop-loader-2026-09-11T04-04-10-528Z-15/fixture/module-01187.js',
+     moduleName: './module-01187.js'
+   },
+   {
+     code: 'ModuleBuildError',
+     message: '  × Module build failed (from ../../../node_modules/.pnpm/babel-loader@10.1.1_@babel+core@7.29.7_@rspack+core@..+.codex+worktrees+a77f+rspack+packages+rspack/node_modules/babel-loader/lib/index.js):\n' +
+       '  ╰─▶   × Error: The original reference that WeakReference<rspack_binding_api::compilation::JsCompilation> is pointing to is dropped\n' +
+       '        │     at file:///data00/home/jinzhixin/.codex/worktrees/a77f/rspack/packages/rspack/dist/worker.js:3902:69\n' +
+       '        │     at runWorkerLoop (file:///data00/home/jinzhixin/.codex/worktrees/a77f/rspack/packages/rspack/dist/worker.js:3906:18)\n' +
+       '      \n',
+     moduleIdentifier: '/data00/home/jinzhixin/projects/rspack-bench/node_modules/.pnpm/babel-loader@10.1.1_@babel+core@7.29.7_@rspack+core@..+.codex+worktrees+a77f+rspack+packages+rspack/node_modules/babel-loader/lib/index.js??ruleSet[1].rules[0].use[0]!/data00/home/jinzhixin/projects/rspack-bench/results/noop-loader-2026-09-11T04-04-10-528Z-15/fixture/module-01188.js',
+     moduleName: './module-01188.js'
+   },
+   {
+     code: 'ModuleBuildError',
+     message: '  × Module build failed (from ../../../node_modules/.pnpm/babel-loader@10.1.1_@babel+core@7.29.7_@rspack+core@..+.codex+worktrees+a77f+rspack+packages+rspack/node_modules/babel-loader/lib/index.js):\n' +
+       '  ╰─▶   × Error: The original reference that WeakReference<rspack_binding_api::compilation::JsCompilation> is pointing to is dropped\n' +
+       '        │     at file:///data00/home/jinzhixin/.codex/worktrees/a77f/rspack/packages/rspack/dist/worker.js:3902:69\n' +
+       '        │     at runWorkerLoop (file:///data00/home/jinzhixin/.codex/worktrees/a77f/rspack/packages/rspack/dist/worker.js:3906:18)\n' +
+       '      \n',
+     moduleIdentifier: '/data00/home/jinzhixin/projects/rspack-bench/node_modules/.pnpm/babel-loader@10.1.1_@babel+core@7.29.7_@rspack+core@..+.codex+worktrees+a77f+rspack+packages+rspack/node_modules/babel-loader/lib/index.js??ruleSet[1].rules[0].use[0]!/data00/home/jinzhixin/projects/rspack-bench/results/noop-loader-2026-09-11T04-04-10-528Z-15/fixture/module-01199.js',
+     moduleName: './module-01199.js'
+   },
+   {
+     code: 'ModuleBuildError',
+     message: '  × Module build failed (from ../../../node_modules/.pnpm/babel-loader@10.1.1_@babel+core@7.29.7_@rspack+core@..+.codex+worktrees+a77f+rspack+packages+rspack/node_modules/babel-loader/lib/index.js):\n' +
+       '  ╰─▶   × Error: The original reference that WeakReference<rspack_binding_api::compilation::JsCompilation> is pointing to is dropped\n' +
+       '        │     at file:///data00/home/jinzhixin/.codex/worktrees/a77f/rspack/packages/rspack/dist/worker.js:3902:69\n' +
+       '        │     at runWorkerLoop (file:///data00/home/jinzhixin/.codex/worktrees/a77f/rspack/packages/rspack/dist/worker.js:3906:18)\n' +
+       '      \n',
+     moduleIdentifier: '/data00/home/jinzhixin/projects/rspack-bench/node_modules/.pnpm/babel-loader@10.1.1_@babel+core@7.29.7_@rspack+core@..+.codex+worktrees+a77f+rspack+packages+rspack/node_modules/babel-loader/lib/index.js??ruleSet[1].rules[0].use[0]!/data00/home/jinzhixin/projects/rspack-bench/results/noop-loader-2026-09-11T04-04-10-528Z-15/fixture/module-01200.js',
+     moduleName: './module-01200.js'
+   },
+   {
+     code: 'ModuleBuildError',
+     message: '  × Module build failed (from ../../../node_modules/.pnpm/babel-loader@10.1.1_@babel+core@7.29.7_@rspack+core@..+.codex+worktrees+a77f+rspack+packages+rspack/node_modules/babel-loader/lib/index.js):\n' +
+       '  ╰─▶   × Error: The original reference that WeakReference<rspack_binding_api::compilation::JsCompilation> is pointing to is dropped\n' +
+       '        │     at file:///data00/home/jinzhixin/.codex/worktrees/a77f/rspack/packages/rspack/dist/worker.js:3902:69\n' +
+       '        │     at runWorkerLoop (file:///data00/home/jinzhixin/.codex/worktrees/a77f/rspack/packages/rspack/dist/worker.js:3906:18)\n' +
+       '      \n',
+     moduleIdentifier: '/data00/home/jinzhixin/projects/rspack-bench/node_modules/.pnpm/babel-loader@10.1.1_@babel+core@7.29.7_@rspack+core@..+.codex+worktrees+a77f+rspack+packages+rspack/node_modules/babel-loader/lib/index.js??ruleSet[1].rules[0].use[0]!/data00/home/jinzhixin/projects/rspack-bench/results/noop-loader-2026-09-11T04-04-10-528Z-15/fixture/module-01207.js',
+     moduleName: './module-01207.js'
+   },
+   {
+     code: 'ModuleBuildError',
+     message: '  × Module build failed (from ../../../node_modules/.pnpm/babel-loader@10.1.1_@babel+core@7.29.7_@rspack+core@..+.codex+worktrees+a77f+rspack+packages+rspack/node_modules/babel-loader/lib/index.js):\n' +
+       '  ╰─▶   × Error: The original reference that WeakReference<rspack_binding_api::compilation::JsCompilation> is pointing to is dropped\n' +
+       '        │     at file:///data00/home/jinzhixin/.codex/worktrees/a77f/rspack/packages/rspack/dist/worker.js:3902:69\n' +
+       '        │     at runWorkerLoop (file:///data00/home/jinzhixin/.codex/worktrees/a77f/rspack/packages/rspack/dist/worker.js:3906:18)\n' +
+       '      \n',
+     moduleIdentifier: '/data00/home/jinzhixin/projects/rspack-bench/node_modules/.pnpm/babel-loader@10.1.1_@babel+core@7.29.7_@rspack+core@..+.codex+worktrees+a77f+rspack+packages+rspack/node_modules/babel-loader/lib/index.js??ruleSet[1].rules[0].use[0]!/data00/home/jinzhixin/projects/rspack-bench/results/noop-loader-2026-09-11T04-04-10-528Z-15/fixture/module-01252.js',
+     moduleName: './module-01252.js'
+   },
+   {
+     code: 'ModuleBuildError',
+     message: '  × Module build failed (from ../../../node_modules/.pnpm/babel-loader@10.1.1_@babel+core@7.29.7_@rspack+core@..+.codex+worktrees+a77f+rspack+packages+rspack/node_modules/babel-loader/lib/index.js):\n' +
+       '  ╰─▶   × Error: The original reference that WeakReference<rspack_binding_api::compilation::JsCompilation> is pointing to is dropped\n' +
+       '        │     at file:///data00/home/jinzhixin/.codex/worktrees/a77f/rspack/packages/rspack/dist/worker.js:3902:69\n' +
+       '        │     at runWorkerLoop (file:///data00/home/jinzhixin/.codex/worktrees/a77f/rspack/packages/rspack/dist/worker.js:3906:18)\n' +
+       '      \n',
+     moduleIdentifier: '/data00/home/jinzhixin/projects/rspack-bench/node_modules/.pnpm/babel-loader@10.1.1_@babel+core@7.29.7_@rspack+core@..+.codex+worktrees+a77f+rspack+packages+rspack/node_modules/babel-loader/lib/index.js??ruleSet[1].rules[0].use[0]!/data00/home/jinzhixin/projects/rspack-bench/results/noop-loader-2026-09-11T04-04-10-528Z-15/fixture/module-01255.js',
+     moduleName: './module-01255.js'
+   },
+   {
+     code: 'ModuleBuildError',
+     message: '  × Module build failed (from ../../../node_modules/.pnpm/babel-loader@10.1.1_@babel+core@7.29.7_@rspack+core@..+.codex+worktrees+a77f+rspack+packages+rspack/node_modules/babel-loader/lib/index.js):\n' +
+       '  ╰─▶   × Error: The original reference that WeakReference<rspack_binding_api::compilation::JsCompilation> is pointing to is dropped\n' +
+       '        │     at file:///data00/home/jinzhixin/.codex/worktrees/a77f/rspack/packages/rspack/dist/worker.js:3902:69\n' +
+       '        │     at runWorkerLoop (file:///data00/home/jinzhixin/.codex/worktrees/a77f/rspack/packages/rspack/dist/worker.js:3906:18)\n' +
+       '      \n',
+     moduleIdentifier: '/data00/home/jinzhixin/projects/rspack-bench/node_modules/.pnpm/babel-loader@10.1.1_@babel+core@7.29.7_@rspack+core@..+.codex+worktrees+a77f+rspack+packages+rspack/node_modules/babel-loader/lib/index.js??ruleSet[1].rules[0].use[0]!/data00/home/jinzhixin/projects/rspack-bench/results/noop-loader-2026-09-11T04-04-10-528Z-15/fixture/module-01261.js',
+     moduleName: './module-01261.js'
+   },
+   {
+     code: 'ModuleBuildError',
+     message: '  × Module build failed (from ../../../node_modules/.pnpm/babel-loader@10.1.1_@babel+core@7.29.7_@rspack+core@..+.codex+worktrees+a77f+rspack+packages+rspack/node_modules/babel-loader/lib/index.js):\n' +
+       '  ╰─▶   × Error: The original reference that WeakReference<rspack_binding_api::compilation::JsCompilation> is pointing to is dropped\n' +
+       '        │     at file:///data00/home/jinzhixin/.codex/worktrees/a77f/rspack/packages/rspack/dist/worker.js:3902:69\n' +
+       '        │     at runWorkerLoop (file:///data00/home/jinzhixin/.codex/worktrees/a77f/rspack/packages/rspack/dist/worker.js:3906:18)\n' +
+       '      \n',
+     moduleIdentifier: '/data00/home/jinzhixin/projects/rspack-bench/node_modules/.pnpm/babel-loader@10.1.1_@babel+core@7.29.7_@rspack+core@..+.codex+worktrees+a77f+rspack+packages+rspack/node_modules/babel-loader/lib/index.js??ruleSet[1].rules[0].use[0]!/data00/home/jinzhixin/projects/rspack-bench/results/noop-loader-2026-09-11T04-04-10-528Z-15/fixture/module-01273.js',
+     moduleName: './module-01273.js'
+   },
+   {
+     code: 'ModuleBuildError',
+     message: '  × Module build failed (from ../../../node_modules/.pnpm/babel-loader@10.1.1_@babel+core@7.29.7_@rspack+core@..+.codex+worktrees+a77f+rspack+packages+rspack/node_modules/babel-loader/lib/index.js):\n' +
+       '  ╰─▶   × Error: The original reference that WeakReference<rspack_binding_api::compilation::JsCompilation> is pointing to is dropped\n' +
+       '        │     at file:///data00/home/jinzhixin/.codex/worktrees/a77f/rspack/packages/rspack/dist/worker.js:3902:69\n' +
+       '        │     at runWorkerLoop (file:///data00/home/jinzhixin/.codex/worktrees/a77f/rspack/packages/rspack/dist/worker.js:3906:18)\n' +
+       '      \n',
+     moduleIdentifier: '/data00/home/jinzhixin/projects/rspack-bench/node_modules/.pnpm/babel-loader@10.1.1_@babel+core@7.29.7_@rspack+core@..+.codex+worktrees+a77f+rspack+packages+rspack/node_modules/babel-loader/lib/index.js??ruleSet[1].rules[0].use[0]!/data00/home/jinzhixin/projects/rspack-bench/results/noop-loader-2026-09-11T04-04-10-528Z-15/fixture/module-01294.js',
+     moduleName: './module-01294.js'
+   },
+   {
+     code: 'ModuleBuildError',
+     message: '  × Module build failed (from ../../../node_modules/.pnpm/babel-loader@10.1.1_@babel+core@7.29.7_@rspack+core@..+.codex+worktrees+a77f+rspack+packages+rspack/node_modules/babel-loader/lib/index.js):\n' +
+       '  ╰─▶   × Error: The original reference that WeakReference<rspack_binding_api::compilation::JsCompilation> is pointing to is dropped\n' +
+       '        │     at file:///data00/home/jinzhixin/.codex/worktrees/a77f/rspack/packages/rspack/dist/worker.js:3902:69\n' +
+       '        │     at runWorkerLoop (file:///data00/home/jinzhixin/.codex/worktrees/a77f/rspack/packages/rspack/dist/worker.js:3906:18)\n' +
+       '      \n',
+     moduleIdentifier: '/data00/home/jinzhixin/projects/rspack-bench/node_modules/.pnpm/babel-loader@10.1.1_@babel+core@7.29.7_@rspack+core@..+.codex+worktrees+a77f+rspack+packages+rspack/node_modules/babel-loader/lib/index.js??ruleSet[1].rules[0].use[0]!/data00/home/jinzhixin/projects/rspack-bench/results/noop-loader-2026-09-11T04-04-10-528Z-15/fixture/module-01298.js',
+     moduleName: './module-01298.js'
+   },
+   {
+     code: 'ModuleBuildError',
+     message: '  × Module build failed (from ../../../node_modules/.pnpm/babel-loader@10.1.1_@babel+core@7.29.7_@rspack+core@..+.codex+worktrees+a77f+rspack+packages+rspack/node_modules/babel-loader/lib/index.js):\n' +
+       '  ╰─▶   × Error: The original reference that WeakReference<rspack_binding_api::compilation::JsCompilation> is pointing to is dropped\n' +
+       '        │     at file:///data00/home/jinzhixin/.codex/worktrees/a77f/rspack/packages/rspack/dist/worker.js:3902:69\n' +
+       '        │     at runWorkerLoop (file:///data00/home/jinzhixin/.codex/worktrees/a77f/rspack/packages/rspack/dist/worker.js:3906:18)\n' +
+       '      \n',
+     moduleIdentifier: '/data00/home/jinzhixin/projects/rspack-bench/node_modules/.pnpm/babel-loader@10.1.1_@babel+core@7.29.7_@rspack+core@..+.codex+worktrees+a77f+rspack+packages+rspack/node_modules/babel-loader/lib/index.js??ruleSet[1].rules[0].use[0]!/data00/home/jinzhixin/projects/rspack-bench/results/noop-loader-2026-09-11T04-04-10-528Z-15/fixture/module-01301.js',
+     moduleName: './module-01301.js'
+   },
+   {
+     code: 'ModuleBuildError',
+     message: '  × Module build failed (from ../../../node_modules/.pnpm/babel-loader@10.1.1_@babel+core@7.29.7_@rspack+core@..+.codex+worktrees+a77f+rspack+packages+rspack/node_modules/babel-loader/lib/index.js):\n' +
+       '  ╰─▶   × Error: The original reference that WeakReference<rspack_binding_api::compilation::JsCompilation> is pointing to is dropped\n' +
+       '        │     at file:///data00/home/jinzhixin/.codex/worktrees/a77f/rspack/packages/rspack/dist/worker.js:3902:69\n' +
+       '        │     at runWorkerLoop (file:///data00/home/jinzhixin/.codex/worktrees/a77f/rspack/packages/rspack/dist/worker.js:3906:18)\n' +
+       '      \n',
+     moduleIdentifier: '/data00/home/jinzhixin/projects/rspack-bench/node_modules/.pnpm/babel-loader@10.1.1_@babel+core@7.29.7_@rspack+core@..+.codex+worktrees+a77f+rspack+packages+rspack/node_modules/babel-loader/lib/index.js??ruleSet[1].rules[0].use[0]!/data00/home/jinzhixin/projects/rspack-bench/results/noop-loader-2026-09-11T04-04-10-528Z-15/fixture/module-01567.js',
+     moduleName: './module-01567.js'
+   },
+   {
+     code: 'ModuleBuildError',
+     message: '  × Module build failed (from ../../../node_modules/.pnpm/babel-loader@10.1.1_@babel+core@7.29.7_@rspack+core@..+.codex+worktrees+a77f+rspack+packages+rspack/node_modules/babel-loader/lib/index.js):\n' +
+       '  ╰─▶   × Error: The original reference that WeakReference<rspack_binding_api::compilation::JsCompilation> is pointing to is dropped\n' +
+       '        │     at file:///data00/home/jinzhixin/.codex/worktrees/a77f/rspack/packages/rspack/dist/worker.js:3902:69\n' +
+       '        │     at runWorkerLoop (file:///data00/home/jinzhixin/.codex/worktrees/a77f/rspack/packages/rspack/dist/worker.js:3906:18)\n' +
+       '      \n',
+     moduleIdentifier: '/data00/home/jinzhixin/projects/rspack-bench/node_modules/.pnpm/babel-loader@10.1.1_@babel+core@7.29.7_@rspack+core@..+.codex+worktrees+a77f+rspack+packages+rspack/node_modules/babel-loader/lib/index.js??ruleSet[1].rules[0].use[0]!/data00/home/jinzhixin/projects/rspack-bench/results/noop-loader-2026-09-11T04-04-10-528Z-15/fixture/module-01568.js',
+     moduleName: './module-01568.js'
+   },
+   {
+     code: 'ModuleBuildError',
+     message: '  × Module build failed (from ../../../node_modules/.pnpm/babel-loader@10.1.1_@babel+core@7.29.7_@rspack+core@..+.codex+worktrees+a77f+rspack+packages+rspack/node_modules/babel-loader/lib/index.js):\n' +
+       '  ╰─▶   × Error: The original reference that WeakReference<rspack_binding_api::compilation::JsCompilation> is pointing to is dropped\n' +
+       '        │     at file:///data00/home/jinzhixin/.codex/worktrees/a77f/rspack/packages/rspack/dist/worker.js:3902:69\n' +
+       '        │     at runWorkerLoop (file:///data00/home/jinzhixin/.codex/worktrees/a77f/rspack/packages/rspack/dist/worker.js:3906:18)\n' +
+       '      \n',
+     moduleIdentifier: '/data00/home/jinzhixin/projects/rspack-bench/node_modules/.pnpm/babel-loader@10.1.1_@babel+core@7.29.7_@rspack+core@..+.codex+worktrees+a77f+rspack+packages+rspack/node_modules/babel-loader/lib/index.js??ruleSet[1].rules[0].use[0]!/data00/home/jinzhixin/projects/rspack-bench/results/noop-loader-2026-09-11T04-04-10-528Z-15/fixture/module-01569.js',
+     moduleName: './module-01569.js'
+   },
+   {
+     code: 'ModuleBuildError',
+     message: '  × Module build failed (from ../../../node_modules/.pnpm/babel-loader@10.1.1_@babel+core@7.29.7_@rspack+core@..+.codex+worktrees+a77f+rspack+packages+rspack/node_modules/babel-loader/lib/index.js):\n' +
+       '  ╰─▶   × Error: The original reference that WeakReference<rspack_binding_api::compilation::JsCompilation> is pointing to is dropped\n' +
+       '        │     at file:///data00/home/jinzhixin/.codex/worktrees/a77f/rspack/packages/rspack/dist/worker.js:3902:69\n' +
+       '        │     at runWorkerLoop (file:///data00/home/jinzhixin/.codex/worktrees/a77f/rspack/packages/rspack/dist/worker.js:3906:18)\n' +
+       '      \n',
+     moduleIdentifier: '/data00/home/jinzhixin/projects/rspack-bench/node_modules/.pnpm/babel-loader@10.1.1_@babel+core@7.29.7_@rspack+core@..+.codex+worktrees+a77f+rspack+packages+rspack/node_modules/babel-loader/lib/index.js??ruleSet[1].rules[0].use[0]!/data00/home/jinzhixin/projects/rspack-bench/results/noop-loader-2026-09-11T04-04-10-528Z-15/fixture/module-01573.js',
+     moduleName: './module-01573.js'
+   },
+   {
+     code: 'ModuleBuildError',
+     message: '  × Module build failed (from ../../../node_modules/.pnpm/babel-loader@10.1.1_@babel+core@7.29.7_@rspack+core@..+.codex+worktrees+a77f+rspack+packages+rspack/node_modules/babel-loader/lib/index.js):\n' +
+       '  ╰─▶   × Error: The original reference that WeakReference<rspack_binding_api::compilation::JsCompilation> is pointing to is dropped\n' +
+       '        │     at file:///data00/home/jinzhixin/.codex/worktrees/a77f/rspack/packages/rspack/dist/worker.js:3902:69\n' +
+       '        │     at runWorkerLoop (file:///data00/home/jinzhixin/.codex/worktrees/a77f/rspack/packages/rspack/dist/worker.js:3906:18)\n' +
+       '      \n',
+     moduleIdentifier: '/data00/home/jinzhixin/projects/rspack-bench/node_modules/.pnpm/babel-loader@10.1.1_@babel+core@7.29.7_@rspack+core@..+.codex+worktrees+a77f+rspack+packages+rspack/node_modules/babel-loader/lib/index.js??ruleSet[1].rules[0].use[0]!/data00/home/jinzhixin/projects/rspack-bench/results/noop-loader-2026-09-11T04-04-10-528Z-15/fixture/module-01574.js',
+     moduleName: './module-01574.js'
+   },
+   {
+     code: 'ModuleBuildError',
+     message: '  × Module build failed (from ../../../node_modules/.pnpm/babel-loader@10.1.1_@babel+core@7.29.7_@rspack+core@..+.codex+worktrees+a77f+rspack+packages+rspack/node_modules/babel-loader/lib/index.js):\n' +
+       '  ╰─▶   × Error: The original reference that WeakReference<rspack_binding_api::compilation::JsCompilation> is pointing to is dropped\n' +
+       '        │     at file:///data00/home/jinzhixin/.codex/worktrees/a77f/rspack/packages/rspack/dist/worker.js:3902:69\n' +
+       '        │     at runWorkerLoop (file:///data00/home/jinzhixin/.codex/worktrees/a77f/rspack/packages/rspack/dist/worker.js:3906:18)\n' +
+       '      \n',
+     moduleIdentifier: '/data00/home/jinzhixin/projects/rspack-bench/node_modules/.pnpm/babel-loader@10.1.1_@babel+core@7.29.7_@rspack+core@..+.codex+worktrees+a77f+rspack+packages+rspack/node_modules/babel-loader/lib/index.js??ruleSet[1].rules[0].use[0]!/data00/home/jinzhixin/projects/rspack-bench/results/noop-loader-2026-09-11T04-04-10-528Z-15/fixture/module-01587.js',
+     moduleName: './module-01587.js'
+   },
+   {
+     code: 'ModuleBuildError',
+     message: '  × Module build failed (from ../../../node_modules/.pnpm/babel-loader@10.1.1_@babel+core@7.29.7_@rspack+core@..+.codex+worktrees+a77f+rspack+packages+rspack/node_modules/babel-loader/lib/index.js):\n' +
+       '  ╰─▶   × Error: The original reference that WeakReference<rspack_binding_api::compilation::JsCompilation> is pointing to is dropped\n' +
+       '        │     at file:///data00/home/jinzhixin/.codex/worktrees/a77f/rspack/packages/rspack/dist/worker.js:3902:69\n' +
+       '        │     at runWorkerLoop (file:///data00/home/jinzhixin/.codex/worktrees/a77f/rspack/packages/rspack/dist/worker.js:3906:18)\n' +
+       '      \n',
+     moduleIdentifier: '/data00/home/jinzhixin/projects/rspack-bench/node_modules/.pnpm/babel-loader@10.1.1_@babel+core@7.29.7_@rspack+core@..+.codex+worktrees+a77f+rspack+packages+rspack/node_modules/babel-loader/lib/index.js??ruleSet[1].rules[0].use[0]!/data00/home/jinzhixin/projects/rspack-bench/results/noop-loader-2026-09-11T04-04-10-528Z-15/fixture/module-01607.js',
+     moduleName: './module-01607.js'
+   },
+   {
+     code: 'ModuleBuildError',
+     message: '  × Module build failed (from ../../../node_modules/.pnpm/babel-loader@10.1.1_@babel+core@7.29.7_@rspack+core@..+.codex+worktrees+a77f+rspack+packages+rspack/node_modules/babel-loader/lib/index.js):\n' +
+       '  ╰─▶   × Error: The original reference that WeakReference<rspack_binding_api::compilation::JsCompilation> is pointing to is dropped\n' +
+       '        │     at file:///data00/home/jinzhixin/.codex/worktrees/a77f/rspack/packages/rspack/dist/worker.js:3902:69\n' +
+       '        │     at runWorkerLoop (file:///data00/home/jinzhixin/.codex/worktrees/a77f/rspack/packages/rspack/dist/worker.js:3906:18)\n' +
+       '      \n',
+     moduleIdentifier: '/data00/home/jinzhixin/projects/rspack-bench/node_modules/.pnpm/babel-loader@10.1.1_@babel+core@7.29.7_@rspack+core@..+.codex+worktrees+a77f+rspack+packages+rspack/node_modules/babel-loader/lib/index.js??ruleSet[1].rules[0].use[0]!/data00/home/jinzhixin/projects/rspack-bench/results/noop-loader-2026-09-11T04-04-10-528Z-15/fixture/module-01614.js',
+     moduleName: './module-01614.js'
+   },
+   {
+     code: 'ModuleBuildError',
+     message: '  × Module build failed (from ../../../node_modules/.pnpm/babel-loader@10.1.1_@babel+core@7.29.7_@rspack+core@..+.codex+worktrees+a77f+rspack+packages+rspack/node_modules/babel-loader/lib/index.js):\n' +
+       '  ╰─▶   × Error: The original reference that WeakReference<rspack_binding_api::compilation::JsCompilation> is pointing to is dropped\n' +
+       '        │     at file:///data00/home/jinzhixin/.codex/worktrees/a77f/rspack/packages/rspack/dist/worker.js:3902:69\n' +
+       '        │     at runWorkerLoop (file:///data00/home/jinzhixin/.codex/worktrees/a77f/rspack/packages/rspack/dist/worker.js:3906:18)\n' +
+       '      \n',
+     moduleIdentifier: '/data00/home/jinzhixin/projects/rspack-bench/node_modules/.pnpm/babel-loader@10.1.1_@babel+core@7.29.7_@rspack+core@..+.codex+worktrees+a77f+rspack+packages+rspack/node_modules/babel-loader/lib/index.js??ruleSet[1].rules[0].use[0]!/data00/home/jinzhixin/projects/rspack-bench/results/noop-loader-2026-09-11T04-04-10-528Z-15/fixture/module-01620.js',
+     moduleName: './module-01620.js'
+   },
+   {
+     code: 'ModuleBuildError',
+     message: '  × Module build failed (from ../../../node_modules/.pnpm/babel-loader@10.1.1_@babel+core@7.29.7_@rspack+core@..+.codex+worktrees+a77f+rspack+packages+rspack/node_modules/babel-loader/lib/index.js):\n' +
+       '  ╰─▶   × Error: The original reference that WeakReference<rspack_binding_api::compilation::JsCompilation> is pointing to is dropped\n' +
+       '        │     at file:///data00/home/jinzhixin/.codex/worktrees/a77f/rspack/packages/rspack/dist/worker.js:3902:69\n' +
+       '        │     at runWorkerLoop (file:///data00/home/jinzhixin/.codex/worktrees/a77f/rspack/packages/rspack/dist/worker.js:3906:18)\n' +
+       '      \n',
+     moduleIdentifier: '/data00/home/jinzhixin/projects/rspack-bench/node_modules/.pnpm/babel-loader@10.1.1_@babel+core@7.29.7_@rspack+core@..+.codex+worktrees+a77f+rspack+packages+rspack/node_modules/babel-loader/lib/index.js??ruleSet[1].rules[0].use[0]!/data00/home/jinzhixin/projects/rspack-bench/results/noop-loader-2026-09-11T04-04-10-528Z-15/fixture/module-01675.js',
+     moduleName: './module-01675.js'
+   },
+   {
+     code: 'ModuleBuildError',
+     message: '  × Module build failed (from ../../../node_modules/.pnpm/babel-loader@10.1.1_@babel+core@7.29.7_@rspack+core@..+.codex+worktrees+a77f+rspack+packages+rspack/node_modules/babel-loader/lib/index.js):\n' +
+       '  ╰─▶   × Error: The original reference that WeakReference<rspack_binding_api::compilation::JsCompilation> is pointing to is dropped\n' +
+       '        │     at file:///data00/home/jinzhixin/.codex/worktrees/a77f/rspack/packages/rspack/dist/worker.js:3902:69\n' +
+       '        │     at runWorkerLoop (file:///data00/home/jinzhixin/.codex/worktrees/a77f/rspack/packages/rspack/dist/worker.js:3906:18)\n' +
+       '      \n',
+     moduleIdentifier: '/data00/home/jinzhixin/projects/rspack-bench/node_modules/.pnpm/babel-loader@10.1.1_@babel+core@7.29.7_@rspack+core@..+.codex+worktrees+a77f+rspack+packages+rspack/node_modules/babel-loader/lib/index.js??ruleSet[1].rules[0].use[0]!/data00/home/jinzhixin/projects/rspack-bench/results/noop-loader-2026-09-11T04-04-10-528Z-15/fixture/module-01696.js',
+     moduleName: './module-01696.js'
+   },
+   {
+     code: 'ModuleBuildError',
+     message: '  × Module build failed (from ../../../node_modules/.pnpm/babel-loader@10.1.1_@babel+core@7.29.7_@rspack+core@..+.codex+worktrees+a77f+rspack+packages+rspack/node_modules/babel-loader/lib/index.js):\n' +
+       '  ╰─▶   × Error: The original reference that WeakReference<rspack_binding_api::compilation::JsCompilation> is pointing to is dropped\n' +
+       '        │     at file:///data00/home/jinzhixin/.codex/worktrees/a77f/rspack/packages/rspack/dist/worker.js:3902:69\n' +
+       '        │     at runWorkerLoop (file:///data00/home/jinzhixin/.codex/worktrees/a77f/rspack/packages/rspack/dist/worker.js:3906:18)\n' +
+       '      \n',
+     moduleIdentifier: '/data00/home/jinzhixin/projects/rspack-bench/node_modules/.pnpm/babel-loader@10.1.1_@babel+core@7.29.7_@rspack+core@..+.codex+worktrees+a77f+rspack+packages+rspack/node_modules/babel-loader/lib/index.js??ruleSet[1].rules[0].use[0]!/data00/home/jinzhixin/projects/rspack-bench/results/noop-loader-2026-09-11T04-04-10-528Z-15/fixture/module-01699.js',
+     moduleName: './module-01699.js'
+   },
+   {
+     code: 'ModuleBuildError',
+     message: '  × Module build failed (from ../../../node_modules/.pnpm/babel-loader@10.1.1_@babel+core@7.29.7_@rspack+core@..+.codex+worktrees+a77f+rspack+packages+rspack/node_modules/babel-loader/lib/index.js):\n' +
+       '  ╰─▶   × Error: The original reference that WeakReference<rspack_binding_api::compilation::JsCompilation> is pointing to is dropped\n' +
+       '        │     at file:///data00/home/jinzhixin/.codex/worktrees/a77f/rspack/packages/rspack/dist/worker.js:3902:69\n' +
+       '        │     at runWorkerLoop (file:///data00/home/jinzhixin/.codex/worktrees/a77f/rspack/packages/rspack/dist/worker.js:3906:18)\n' +
+       '      \n',
+     moduleIdentifier: '/data00/home/jinzhixin/projects/rspack-bench/node_modules/.pnpm/babel-loader@10.1.1_@babel+core@7.29.7_@rspack+core@..+.codex+worktrees+a77f+rspack+packages+rspack/node_modules/babel-loader/lib/index.js??ruleSet[1].rules[0].use[0]!/data00/home/jinzhixin/projects/rspack-bench/results/noop-loader-2026-09-11T04-04-10-528Z-15/fixture/module-01744.js',
+     moduleName: './module-01744.js'
+   },
+   {
+     code: 'ModuleBuildError',
+     message: '  × Module build failed (from ../../../node_modules/.pnpm/babel-loader@10.1.1_@babel+core@7.29.7_@rspack+core@..+.codex+worktrees+a77f+rspack+packages+rspack/node_modules/babel-loader/lib/index.js):\n' +
+       '  ╰─▶   × Error: The original reference that WeakReference<rspack_binding_api::compilation::JsCompilation> is pointing to is dropped\n' +
+       '        │     at file:///data00/home/jinzhixin/.codex/worktrees/a77f/rspack/packages/rspack/dist/worker.js:3902:69\n' +
+       '        │     at runWorkerLoop (file:///data00/home/jinzhixin/.codex/worktrees/a77f/rspack/packages/rspack/dist/worker.js:3906:18)\n' +
+       '      \n',
+     moduleIdentifier: '/data00/home/jinzhixin/projects/rspack-bench/node_modules/.pnpm/babel-loader@10.1.1_@babel+core@7.29.7_@rspack+core@..+.codex+worktrees+a77f+rspack+packages+rspack/node_modules/babel-loader/lib/index.js??ruleSet[1].rules[0].use[0]!/data00/home/jinzhixin/projects/rspack-bench/results/noop-loader-2026-09-11T04-04-10-528Z-15/fixture/module-01746.js',
+     moduleName: './module-01746.js'
+   },
+   {
+     code: 'ModuleBuildError',
+     message: '  × Module build failed (from ../../../node_modules/.pnpm/babel-loader@10.1.1_@babel+core@7.29.7_@rspack+core@..+.codex+worktrees+a77f+rspack+packages+rspack/node_modules/babel-loader/lib/index.js):\n' +
+       '  ╰─▶   × Error: The original reference that WeakReference<rspack_binding_api::compilation::JsCompilation> is pointing to is dropped\n' +
+       '        │     at file:///data00/home/jinzhixin/.codex/worktrees/a77f/rspack/packages/rspack/dist/worker.js:3902:69\n' +
+       '        │     at runWorkerLoop (file:///data00/home/jinzhixin/.codex/worktrees/a77f/rspack/packages/rspack/dist/worker.js:3906:18)\n' +
+       '      \n',
+     moduleIdentifier: '/data00/home/jinzhixin/projects/rspack-bench/node_modules/.pnpm/babel-loader@10.1.1_@babel+core@7.29.7_@rspack+core@..+.codex+worktrees+a77f+rspack+packages+rspack/node_modules/babel-loader/lib/index.js??ruleSet[1].rules[0].use[0]!/data00/home/jinzhixin/projects/rspack-bench/results/noop-loader-2026-09-11T04-04-10-528Z-15/fixture/module-01755.js',
+     moduleName: './module-01755.js'
+   },
+   {
+     code: 'ModuleBuildError',
+     message: '  × Module build failed (from ../../../node_modules/.pnpm/babel-loader@10.1.1_@babel+core@7.29.7_@rspack+core@..+.codex+worktrees+a77f+rspack+packages+rspack/node_modules/babel-loader/lib/index.js):\n' +
+       '  ╰─▶   × Error: The original reference that WeakReference<rspack_binding_api::compilation::JsCompilation> is pointing to is dropped\n' +
+       '        │     at file:///data00/home/jinzhixin/.codex/worktrees/a77f/rspack/packages/rspack/dist/worker.js:3902:69\n' +
+       '        │     at runWorkerLoop (file:///data00/home/jinzhixin/.codex/worktrees/a77f/rspack/packages/rspack/dist/worker.js:3906:18)\n' +
+       '      \n',
+     moduleIdentifier: '/data00/home/jinzhixin/projects/rspack-bench/node_modules/.pnpm/babel-loader@10.1.1_@babel+core@7.29.7_@rspack+core@..+.codex+worktrees+a77f+rspack+packages+rspack/node_modules/babel-loader/lib/index.js??ruleSet[1].rules[0].use[0]!/data00/home/jinzhixin/projects/rspack-bench/results/noop-loader-2026-09-11T04-04-10-528Z-15/fixture/module-01758.js',
+     moduleName: './module-01758.js'
+   },
+   {
+     code: 'ModuleBuildError',
+     message: '  × Module build failed (from ../../../node_modules/.pnpm/babel-loader@10.1.1_@babel+core@7.29.7_@rspack+core@..+.codex+worktrees+a77f+rspack+packages+rspack/node_modules/babel-loader/lib/index.js):\n' +
+       '  ╰─▶   × Error: The original reference that WeakReference<rspack_binding_api::compilation::JsCompilation> is pointing to is dropped\n' +
+       '        │     at file:///data00/home/jinzhixin/.codex/worktrees/a77f/rspack/packages/rspack/dist/worker.js:3902:69\n' +
+       '        │     at runWorkerLoop (file:///data00/home/jinzhixin/.codex/worktrees/a77f/rspack/packages/rspack/dist/worker.js:3906:18)\n' +
+       '      \n',
+     moduleIdentifier: '/data00/home/jinzhixin/projects/rspack-bench/node_modules/.pnpm/babel-loader@10.1.1_@babel+core@7.29.7_@rspack+core@..+.codex+worktrees+a77f+rspack+packages+rspack/node_modules/babel-loader/lib/index.js??ruleSet[1].rules[0].use[0]!/data00/home/jinzhixin/projects/rspack-bench/results/noop-loader-2026-09-11T04-04-10-528Z-15/fixture/module-01794.js',
+     moduleName: './module-01794.js'
+   },
+   {
+     code: 'ModuleBuildError',
+     message: '  × Module build failed (from ../../../node_modules/.pnpm/babel-loader@10.1.1_@babel+core@7.29.7_@rspack+core@..+.codex+worktrees+a77f+rspack+packages+rspack/node_modules/babel-loader/lib/index.js):\n' +
+       '  ╰─▶   × Error: The original reference that WeakReference<rspack_binding_api::compilation::JsCompilation> is pointing to is dropped\n' +
+       '        │     at file:///data00/home/jinzhixin/.codex/worktrees/a77f/rspack/packages/rspack/dist/worker.js:3902:69\n' +
+       '        │     at runWorkerLoop (file:///data00/home/jinzhixin/.codex/worktrees/a77f/rspack/packages/rspack/dist/worker.js:3906:18)\n' +
+       '      \n',
+     moduleIdentifier: '/data00/home/jinzhixin/projects/rspack-bench/node_modules/.pnpm/babel-loader@10.1.1_@babel+core@7.29.7_@rspack+core@..+.codex+worktrees+a77f+rspack+packages+rspack/node_modules/babel-loader/lib/index.js??ruleSet[1].rules[0].use[0]!/data00/home/jinzhixin/projects/rspack-bench/results/noop-loader-2026-09-11T04-04-10-528Z-15/fixture/module-01810.js',
+     moduleName: './module-01810.js'
+   },
+   {
+     code: 'ModuleBuildError',
+     message: '  × Module build failed (from ../../../node_modules/.pnpm/babel-loader@10.1.1_@babel+core@7.29.7_@rspack+core@..+.codex+worktrees+a77f+rspack+packages+rspack/node_modules/babel-loader/lib/index.js):\n' +
+       '  ╰─▶   × Error: The original reference that WeakReference<rspack_binding_api::compilation::JsCompilation> is pointing to is dropped\n' +
+       '        │     at file:///data00/home/jinzhixin/.codex/worktrees/a77f/rspack/packages/rspack/dist/worker.js:3902:69\n' +
+       '        │     at runWorkerLoop (file:///data00/home/jinzhixin/.codex/worktrees/a77f/rspack/packages/rspack/dist/worker.js:3906:18)\n' +
+       '      \n',
+     moduleIdentifier: '/data00/home/jinzhixin/projects/rspack-bench/node_modules/.pnpm/babel-loader@10.1.1_@babel+core@7.29.7_@rspack+core@..+.codex+worktrees+a77f+rspack+packages+rspack/node_modules/babel-loader/lib/index.js??ruleSet[1].rules[0].use[0]!/data00/home/jinzhixin/projects/rspack-bench/results/noop-loader-2026-09-11T04-04-10-528Z-15/fixture/module-01811.js',
+     moduleName: './module-01811.js'
+   },
+   {
+     code: 'ModuleBuildError',
+     message: '  × Module build failed (from ../../../node_modules/.pnpm/babel-loader@10.1.1_@babel+core@7.29.7_@rspack+core@..+.codex+worktrees+a77f+rspack+packages+rspack/node_modules/babel-loader/lib/index.js):\n' +
+       '  ╰─▶   × Error: The original reference that WeakReference<rspack_binding_api::compilation::JsCompilation> is pointing to is dropped\n' +
+       '        │     at file:///data00/home/jinzhixin/.codex/worktrees/a77f/rspack/packages/rspack/dist/worker.js:3902:69\n' +
+       '        │     at runWorkerLoop (file:///data00/home/jinzhixin/.codex/worktrees/a77f/rspack/packages/rspack/dist/worker.js:3906:18)\n' +
+       '      \n',
+     moduleIdentifier: '/data00/home/jinzhixin/projects/rspack-bench/node_modules/.pnpm/babel-loader@10.1.1_@babel+core@7.29.7_@rspack+core@..+.codex+worktrees+a77f+rspack+packages+rspack/node_modules/babel-loader/lib/index.js??ruleSet[1].rules[0].use[0]!/data00/home/jinzhixin/projects/rspack-bench/results/noop-loader-2026-09-11T04-04-10-528Z-15/fixture/module-01823.js',
+     moduleName: './module-01823.js'
+   },
+   {
+     code: 'ModuleBuildError',
+     message: '  × Module build failed (from ../../../node_modules/.pnpm/babel-loader@10.1.1_@babel+core@7.29.7_@rspack+core@..+.codex+worktrees+a77f+rspack+packages+rspack/node_modules/babel-loader/lib/index.js):\n' +
+       '  ╰─▶   × Error: The original reference that WeakReference<rspack_binding_api::compilation::JsCompilation> is pointing to is dropped\n' +
+       '        │     at file:///data00/home/jinzhixin/.codex/worktrees/a77f/rspack/packages/rspack/dist/worker.js:3902:69\n' +
+       '        │     at runWorkerLoop (file:///data00/home/jinzhixin/.codex/worktrees/a77f/rspack/packages/rspack/dist/worker.js:3906:18)\n' +
+       '      \n',
+     moduleIdentifier: '/data00/home/jinzhixin/projects/rspack-bench/node_modules/.pnpm/babel-loader@10.1.1_@babel+core@7.29.7_@rspack+core@..+.codex+worktrees+a77f+rspack+packages+rspack/node_modules/babel-loader/lib/index.js??ruleSet[1].rules[0].use[0]!/data00/home/jinzhixin/projects/rspack-bench/results/noop-loader-2026-09-11T04-04-10-528Z-15/fixture/module-01833.js',
+     moduleName: './module-01833.js'
+   },
+   {
+     code: 'ModuleBuildError',
+     message: '  × Module build failed (from ../../../node_modules/.pnpm/babel-loader@10.1.1_@babel+core@7.29.7_@rspack+core@..+.codex+worktrees+a77f+rspack+packages+rspack/node_modules/babel-loader/lib/index.js):\n' +
+       '  ╰─▶   × Error: The original reference that WeakReference<rspack_binding_api::compilation::JsCompilation> is pointing to is dropped\n' +
+       '        │     at file:///data00/home/jinzhixin/.codex/worktrees/a77f/rspack/packages/rspack/dist/worker.js:3902:69\n' +
+       '        │     at runWorkerLoop (file:///data00/home/jinzhixin/.codex/worktrees/a77f/rspack/packages/rspack/dist/worker.js:3906:18)\n' +
+       '      \n',
+     moduleIdentifier: '/data00/home/jinzhixin/projects/rspack-bench/node_modules/.pnpm/babel-loader@10.1.1_@babel+core@7.29.7_@rspack+core@..+.codex+worktrees+a77f+rspack+packages+rspack/node_modules/babel-loader/lib/index.js??ruleSet[1].rules[0].use[0]!/data00/home/jinzhixin/projects/rspack-bench/results/noop-loader-2026-09-11T04-04-10-528Z-15/fixture/module-01834.js',
+     moduleName: './module-01834.js'
+   },
+   {
+     code: 'ModuleBuildError',
+     message: '  × Module build failed (from ../../../node_modules/.pnpm/babel-loader@10.1.1_@babel+core@7.29.7_@rspack+core@..+.codex+worktrees+a77f+rspack+packages+rspack/node_modules/babel-loader/lib/index.js):\n' +
+       '  ╰─▶   × Error: The original reference that WeakReference<rspack_binding_api::compilation::JsCompilation> is pointing to is dropped\n' +
+       '        │     at file:///data00/home/jinzhixin/.codex/worktrees/a77f/rspack/packages/rspack/dist/worker.js:3902:69\n' +
+       '        │     at runWorkerLoop (file:///data00/home/jinzhixin/.codex/worktrees/a77f/rspack/packages/rspack/dist/worker.js:3906:18)\n' +
+       '      \n',
+     moduleIdentifier: '/data00/home/jinzhixin/projects/rspack-bench/node_modules/.pnpm/babel-loader@10.1.1_@babel+core@7.29.7_@rspack+core@..+.codex+worktrees+a77f+rspack+packages+rspack/node_modules/babel-loader/lib/index.js??ruleSet[1].rules[0].use[0]!/data00/home/jinzhixin/projects/rspack-bench/results/noop-loader-2026-09-11T04-04-10-528Z-15/fixture/module-01839.js',
+     moduleName: './module-01839.js'
+   },
+   {
+     code: 'ModuleBuildError',
+     message: '  × Module build failed (from ../../../node_modules/.pnpm/babel-loader@10.1.1_@babel+core@7.29.7_@rspack+core@..+.codex+worktrees+a77f+rspack+packages+rspack/node_modules/babel-loader/lib/index.js):\n' +
+       '  ╰─▶   × Error: The original reference that WeakReference<rspack_binding_api::compilation::JsCompilation> is pointing to is dropped\n' +
+       '        │     at file:///data00/home/jinzhixin/.codex/worktrees/a77f/rspack/packages/rspack/dist/worker.js:3902:69\n' +
+       '        │     at runWorkerLoop (file:///data00/home/jinzhixin/.codex/worktrees/a77f/rspack/packages/rspack/dist/worker.js:3906:18)\n' +
+       '      \n',
+     moduleIdentifier: '/data00/home/jinzhixin/projects/rspack-bench/node_modules/.pnpm/babel-loader@10.1.1_@babel+core@7.29.7_@rspack+core@..+.codex+worktrees+a77f+rspack+packages+rspack/node_modules/babel-loader/lib/index.js??ruleSet[1].rules[0].use[0]!/data00/home/jinzhixin/projects/rspack-bench/results/noop-loader-2026-09-11T04-04-10-528Z-15/fixture/module-01845.js',
+     moduleName: './module-01845.js'
+   },
+   {
+     code: 'ModuleBuildError',
+     message: '  × Module build failed (from ../../../node_modules/.pnpm/babel-loader@10.1.1_@babel+core@7.29.7_@rspack+core@..+.codex+worktrees+a77f+rspack+packages+rspack/node_modules/babel-loader/lib/index.js):\n' +
+       '  ╰─▶   × Error: The original reference that WeakReference<rspack_binding_api::compilation::JsCompilation> is pointing to is dropped\n' +
+       '        │     at file:///data00/home/jinzhixin/.codex/worktrees/a77f/rspack/packages/rspack/dist/worker.js:3902:69\n' +
+       '        │     at runWorkerLoop (file:///data00/home/jinzhixin/.codex/worktrees/a77f/rspack/packages/rspack/dist/worker.js:3906:18)\n' +
+       '      \n',
+     moduleIdentifier: '/data00/home/jinzhixin/projects/rspack-bench/node_modules/.pnpm/babel-loader@10.1.1_@babel+core@7.29.7_@rspack+core@..+.codex+worktrees+a77f+rspack+packages+rspack/node_modules/babel-loader/lib/index.js??ruleSet[1].rules[0].use[0]!/data00/home/jinzhixin/projects/rspack-bench/results/noop-loader-2026-09-11T04-04-10-528Z-15/fixture/module-01865.js',
+     moduleName: './module-01865.js'
+   },
+   {
+     code: 'ModuleBuildError',
+     message: '  × Module build failed (from ../../../node_modules/.pnpm/babel-loader@10.1.1_@babel+core@7.29.7_@rspack+core@..+.codex+worktrees+a77f+rspack+packages+rspack/node_modules/babel-loader/lib/index.js):\n' +
+       '  ╰─▶   × Error: The original reference that WeakReference<rspack_binding_api::compilation::JsCompilation> is pointing to is dropped\n' +
+       '        │     at file:///data00/home/jinzhixin/.codex/worktrees/a77f/rspack/packages/rspack/dist/worker.js:3902:69\n' +
+       '        │     at runWorkerLoop (file:///data00/home/jinzhixin/.codex/worktrees/a77f/rspack/packages/rspack/dist/worker.js:3906:18)\n' +
+       '      \n',
+     moduleIdentifier: '/data00/home/jinzhixin/projects/rspack-bench/node_modules/.pnpm/babel-loader@10.1.1_@babel+core@7.29.7_@rspack+core@..+.codex+worktrees+a77f+rspack+packages+rspack/node_modules/babel-loader/lib/index.js??ruleSet[1].rules[0].use[0]!/data00/home/jinzhixin/projects/rspack-bench/results/noop-loader-2026-09-11T04-04-10-528Z-15/fixture/module-01867.js',
+     moduleName: './module-01867.js'
+   },
+   {
+     code: 'ModuleBuildError',
+     message: '  × Module build failed (from ../../../node_modules/.pnpm/babel-loader@10.1.1_@babel+core@7.29.7_@rspack+core@..+.codex+worktrees+a77f+rspack+packages+rspack/node_modules/babel-loader/lib/index.js):\n' +
+       '  ╰─▶   × Error: The original reference that WeakReference<rspack_binding_api::compilation::JsCompilation> is pointing to is dropped\n' +
+       '        │     at file:///data00/home/jinzhixin/.codex/worktrees/a77f/rspack/packages/rspack/dist/worker.js:3902:69\n' +
+       '        │     at runWorkerLoop (file:///data00/home/jinzhixin/.codex/worktrees/a77f/rspack/packages/rspack/dist/worker.js:3906:18)\n' +
+       '      \n',
+     moduleIdentifier: '/data00/home/jinzhixin/projects/rspack-bench/node_modules/.pnpm/babel-loader@10.1.1_@babel+core@7.29.7_@rspack+core@..+.codex+worktrees+a77f+rspack+packages+rspack/node_modules/babel-loader/lib/index.js??ruleSet[1].rules[0].use[0]!/data00/home/jinzhixin/projects/rspack-bench/results/noop-loader-2026-09-11T04-04-10-528Z-15/fixture/module-01873.js',
+     moduleName: './module-01873.js'
+   },
+   {
+     code: 'ModuleBuildError',
+     message: '  × Module build failed (from ../../../node_modules/.pnpm/babel-loader@10.1.1_@babel+core@7.29.7_@rspack+core@..+.codex+worktrees+a77f+rspack+packages+rspack/node_modules/babel-loader/lib/index.js):\n' +
+       '  ╰─▶   × Error: The original reference that WeakReference<rspack_binding_api::compilation::JsCompilation> is pointing to is dropped\n' +
+       '        │     at file:///data00/home/jinzhixin/.codex/worktrees/a77f/rspack/packages/rspack/dist/worker.js:3902:69\n' +
+       '        │     at runWorkerLoop (file:///data00/home/jinzhixin/.codex/worktrees/a77f/rspack/packages/rspack/dist/worker.js:3906:18)\n' +
+       '      \n',
+     moduleIdentifier: '/data00/home/jinzhixin/projects/rspack-bench/node_modules/.pnpm/babel-loader@10.1.1_@babel+core@7.29.7_@rspack+core@..+.codex+worktrees+a77f+rspack+packages+rspack/node_modules/babel-loader/lib/index.js??ruleSet[1].rules[0].use[0]!/data00/home/jinzhixin/projects/rspack-bench/results/noop-loader-2026-09-11T04-04-10-528Z-15/fixture/module-01877.js',
+     moduleName: './module-01877.js'
+   },
+   {
+     code: 'ModuleBuildError',
+     message: '  × Module build failed (from ../../../node_modules/.pnpm/babel-loader@10.1.1_@babel+core@7.29.7_@rspack+core@..+.codex+worktrees+a77f+rspack+packages+rspack/node_modules/babel-loader/lib/index.js):\n' +
+       '  ╰─▶   × Error: The original reference that WeakReference<rspack_binding_api::compilation::JsCompilation> is pointing to is dropped\n' +
+       '        │     at file:///data00/home/jinzhixin/.codex/worktrees/a77f/rspack/packages/rspack/dist/worker.js:3902:69\n' +
+       '        │     at runWorkerLoop (file:///data00/home/jinzhixin/.codex/worktrees/a77f/rspack/packages/rspack/dist/worker.js:3906:18)\n' +
+       '      \n',
+     moduleIdentifier: '/data00/home/jinzhixin/projects/rspack-bench/node_modules/.pnpm/babel-loader@10.1.1_@babel+core@7.29.7_@rspack+core@..+.codex+worktrees+a77f+rspack+packages+rspack/node_modules/babel-loader/lib/index.js??ruleSet[1].rules[0].use[0]!/data00/home/jinzhixin/projects/rspack-bench/results/noop-loader-2026-09-11T04-04-10-528Z-15/fixture/module-01882.js',
+     moduleName: './module-01882.js'
+   },
+   {
+     code: 'ModuleBuildError',
+     message: '  × Module build failed (from ../../../node_modules/.pnpm/babel-loader@10.1.1_@babel+core@7.29.7_@rspack+core@..+.codex+worktrees+a77f+rspack+packages+rspack/node_modules/babel-loader/lib/index.js):\n' +
+       '  ╰─▶   × Error: The original reference that WeakReference<rspack_binding_api::compilation::JsCompilation> is pointing to is dropped\n' +
+       '        │     at file:///data00/home/jinzhixin/.codex/worktrees/a77f/rspack/packages/rspack/dist/worker.js:3902:69\n' +
+       '        │     at runWorkerLoop (file:///data00/home/jinzhixin/.codex/worktrees/a77f/rspack/packages/rspack/dist/worker.js:3906:18)\n' +
+       '      \n',
+     moduleIdentifier: '/data00/home/jinzhixin/projects/rspack-bench/node_modules/.pnpm/babel-loader@10.1.1_@babel+core@7.29.7_@rspack+core@..+.codex+worktrees+a77f+rspack+packages+rspack/node_modules/babel-loader/lib/index.js??ruleSet[1].rules[0].use[0]!/data00/home/jinzhixin/projects/rspack-bench/results/noop-loader-2026-09-11T04-04-10-528Z-15/fixture/module-01883.js',
+     moduleName: './module-01883.js'
+   },
+   {
+     code: 'ModuleBuildError',
+     message: '  × Module build failed (from ../../../node_modules/.pnpm/babel-loader@10.1.1_@babel+core@7.29.7_@rspack+core@..+.codex+worktrees+a77f+rspack+packages+rspack/node_modules/babel-loader/lib/index.js):\n' +
+       '  ╰─▶   × Error: The original reference that WeakReference<rspack_binding_api::compilation::JsCompilation> is pointing to is dropped\n' +
+       '        │     at file:///data00/home/jinzhixin/.codex/worktrees/a77f/rspack/packages/rspack/dist/worker.js:3902:69\n' +
+       '        │     at runWorkerLoop (file:///data00/home/jinzhixin/.codex/worktrees/a77f/rspack/packages/rspack/dist/worker.js:3906:18)\n' +
+       '      \n',
+     moduleIdentifier: '/data00/home/jinzhixin/projects/rspack-bench/node_modules/.pnpm/babel-loader@10.1.1_@babel+core@7.29.7_@rspack+core@..+.codex+worktrees+a77f+rspack+packages+rspack/node_modules/babel-loader/lib/index.js??ruleSet[1].rules[0].use[0]!/data00/home/jinzhixin/projects/rspack-bench/results/noop-loader-2026-09-11T04-04-10-528Z-15/fixture/module-01891.js',
+     moduleName: './module-01891.js'
+   },
+   {
+     code: 'ModuleBuildError',
+     message: '  × Module build failed (from ../../../node_modules/.pnpm/babel-loader@10.1.1_@babel+core@7.29.7_@rspack+core@..+.codex+worktrees+a77f+rspack+packages+rspack/node_modules/babel-loader/lib/index.js):\n' +
+       '  ╰─▶   × Error: The original reference that WeakReference<rspack_binding_api::compilation::JsCompilation> is pointing to is dropped\n' +
+       '        │     at file:///data00/home/jinzhixin/.codex/worktrees/a77f/rspack/packages/rspack/dist/worker.js:3902:69\n' +
+       '        │     at runWorkerLoop (file:///data00/home/jinzhixin/.codex/worktrees/a77f/rspack/packages/rspack/dist/worker.js:3906:18)\n' +
+       '      \n',
+     moduleIdentifier: '/data00/home/jinzhixin/projects/rspack-bench/node_modules/.pnpm/babel-loader@10.1.1_@babel+core@7.29.7_@rspack+core@..+.codex+worktrees+a77f+rspack+packages+rspack/node_modules/babel-loader/lib/index.js??ruleSet[1].rules[0].use[0]!/data00/home/jinzhixin/projects/rspack-bench/results/noop-loader-2026-09-11T04-04-10-528Z-15/fixture/module-01901.js',
+     moduleName: './module-01901.js'
+   },
+   {
+     code: 'ModuleBuildError',
+     message: '  × Module build failed (from ../../../node_modules/.pnpm/babel-loader@10.1.1_@babel+core@7.29.7_@rspack+core@..+.codex+worktrees+a77f+rspack+packages+rspack/node_modules/babel-loader/lib/index.js):\n' +
+       '  ╰─▶   × Error: The original reference that WeakReference<rspack_binding_api::compilation::JsCompilation> is pointing to is dropped\n' +
+       '        │     at file:///data00/home/jinzhixin/.codex/worktrees/a77f/rspack/packages/rspack/dist/worker.js:3902:69\n' +
+       '        │     at runWorkerLoop (file:///data00/home/jinzhixin/.codex/worktrees/a77f/rspack/packages/rspack/dist/worker.js:3906:18)\n' +
+       '      \n',
+     moduleIdentifier: '/data00/home/jinzhixin/projects/rspack-bench/node_modules/.pnpm/babel-loader@10.1.1_@babel+core@7.29.7_@rspack+core@..+.codex+worktrees+a77f+rspack+packages+rspack/node_modules/babel-loader/lib/index.js??ruleSet[1].rules[0].use[0]!/data00/home/jinzhixin/projects/rspack-bench/results/noop-loader-2026-09-11T04-04-10-528Z-15/fixture/module-01921.js',
+     moduleName: './module-01921.js'
+   },
+   {
+     code: 'ModuleBuildError',
+     message: '  × Module build failed (from ../../../node_modules/.pnpm/babel-loader@10.1.1_@babel+core@7.29.7_@rspack+core@..+.codex+worktrees+a77f+rspack+packages+rspack/node_modules/babel-loader/lib/index.js):\n' +
+       '  ╰─▶   × Error: The original reference that WeakReference<rspack_binding_api::compilation::JsCompilation> is pointing to is dropped\n' +
+       '        │     at file:///data00/home/jinzhixin/.codex/worktrees/a77f/rspack/packages/rspack/dist/worker.js:3902:69\n' +
+       '        │     at runWorkerLoop (file:///data00/home/jinzhixin/.codex/worktrees/a77f/rspack/packages/rspack/dist/worker.js:3906:18)\n' +
+       '      \n',
+     moduleIdentifier: '/data00/home/jinzhixin/projects/rspack-bench/node_modules/.pnpm/babel-loader@10.1.1_@babel+core@7.29.7_@rspack+core@..+.codex+worktrees+a77f+rspack+packages+rspack/node_modules/babel-loader/lib/index.js??ruleSet[1].rules[0].use[0]!/data00/home/jinzhixin/projects/rspack-bench/results/noop-loader-2026-09-11T04-04-10-528Z-15/fixture/module-01954.js',
+     moduleName: './module-01954.js'
+   },
+   {
+     code: 'ModuleBuildError',
+     message: '  × Module build failed (from ../../../node_modules/.pnpm/babel-loader@10.1.1_@babel+core@7.29.7_@rspack+core@..+.codex+worktrees+a77f+rspack+packages+rspack/node_modules/babel-loader/lib/index.js):\n' +
+       '  ╰─▶   × Error: The original reference that WeakReference<rspack_binding_api::compilation::JsCompilation> is pointing to is dropped\n' +
+       '        │     at file:///data00/home/jinzhixin/.codex/worktrees/a77f/rspack/packages/rspack/dist/worker.js:3902:69\n' +
+       '        │     at runWorkerLoop (file:///data00/home/jinzhixin/.codex/worktrees/a77f/rspack/packages/rspack/dist/worker.js:3906:18)\n' +
+       '      \n',
+     moduleIdentifier: '/data00/home/jinzhixin/projects/rspack-bench/node_modules/.pnpm/babel-loader@10.1.1_@babel+core@7.29.7_@rspack+core@..+.codex+worktrees+a77f+rspack+packages+rspack/node_modules/babel-loader/lib/index.js??ruleSet[1].rules[0].use[0]!/data00/home/jinzhixin/projects/rspack-bench/results/noop-loader-2026-09-11T04-04-10-528Z-15/fixture/module-01956.js',
+     moduleName: './module-01956.js'
+   },
+   {
+     code: 'ModuleBuildError',
+     message: '  × Module build failed (from ../../../node_modules/.pnpm/babel-loader@10.1.1_@babel+core@7.29.7_@rspack+core@..+.codex+worktrees+a77f+rspack+packages+rspack/node_modules/babel-loader/lib/index.js):\n' +
+       '  ╰─▶   × Error: The original reference that WeakReference<rspack_binding_api::compilation::JsCompilation> is pointing to is dropped\n' +
+       '        │     at file:///data00/home/jinzhixin/.codex/worktrees/a77f/rspack/packages/rspack/dist/worker.js:3902:69\n' +
+       '        │     at runWorkerLoop (file:///data00/home/jinzhixin/.codex/worktrees/a77f/rspack/packages/rspack/dist/worker.js:3906:18)\n' +
+       '      \n',
+     moduleIdentifier: '/data00/home/jinzhixin/projects/rspack-bench/node_modules/.pnpm/babel-loader@10.1.1_@babel+core@7.29.7_@rspack+core@..+.codex+worktrees+a77f+rspack+packages+rspack/node_modules/babel-loader/lib/index.js??ruleSet[1].rules[0].use[0]!/data00/home/jinzhixin/projects/rspack-bench/results/noop-loader-2026-09-11T04-04-10-528Z-15/fixture/module-01963.js',
+     moduleName: './module-01963.js'
+   },
+   {
+     code: 'ModuleBuildError',
+     message: '  × Module build failed (from ../../../node_modules/.pnpm/babel-loader@10.1.1_@babel+core@7.29.7_@rspack+core@..+.codex+worktrees+a77f+rspack+packages+rspack/node_modules/babel-loader/lib/index.js):\n' +
+       '  ╰─▶   × Error: The original reference that WeakReference<rspack_binding_api::compilation::JsCompilation> is pointing to is dropped\n' +
+       '        │     at file:///data00/home/jinzhixin/.codex/worktrees/a77f/rspack/packages/rspack/dist/worker.js:3902:69\n' +
+       '        │     at runWorkerLoop (file:///data00/home/jinzhixin/.codex/worktrees/a77f/rspack/packages/rspack/dist/worker.js:3906:18)\n' +
+       '      \n',
+     moduleIdentifier: '/data00/home/jinzhixin/projects/rspack-bench/node_modules/.pnpm/babel-loader@10.1.1_@babel+core@7.29.7_@rspack+core@..+.codex+worktrees+a77f+rspack+packages+rspack/node_modules/babel-loader/lib/index.js??ruleSet[1].rules[0].use[0]!/data00/home/jinzhixin/projects/rspack-bench/results/noop-loader-2026-09-11T04-04-10-528Z-15/fixture/module-01978.js',
+     moduleName: './module-01978.js'
+   },
+   {
+     code: 'ModuleBuildError',
+     message: '  × Module build failed (from ../../../node_modules/.pnpm/babel-loader@10.1.1_@babel+core@7.29.7_@rspack+core@..+.codex+worktrees+a77f+rspack+packages+rspack/node_modules/babel-loader/lib/index.js):\n' +
+       '  ╰─▶   × Error: The original reference that WeakReference<rspack_binding_api::compilation::JsCompilation> is pointing to is dropped\n' +
+       '        │     at file:///data00/home/jinzhixin/.codex/worktrees/a77f/rspack/packages/rspack/dist/worker.js:3902:69\n' +
+       '        │     at runWorkerLoop (file:///data00/home/jinzhixin/.codex/worktrees/a77f/rspack/packages/rspack/dist/worker.js:3906:18)\n' +
+       '      \n',
+     moduleIdentifier: '/data00/home/jinzhixin/projects/rspack-bench/node_modules/.pnpm/babel-loader@10.1.1_@babel+core@7.29.7_@rspack+core@..+.codex+worktrees+a77f+rspack+packages+rspack/node_modules/babel-loader/lib/index.js??ruleSet[1].rules[0].use[0]!/data00/home/jinzhixin/projects/rspack-bench/results/noop-loader-2026-09-11T04-04-10-528Z-15/fixture/module-01979.js',
+     moduleName: './module-01979.js'
+   },
+   {
+     code: 'ModuleBuildError',
+     message: '  × Module build failed (from ../../../node_modules/.pnpm/babel-loader@10.1.1_@babel+core@7.29.7_@rspack+core@..+.codex+worktrees+a77f+rspack+packages+rspack/node_modules/babel-loader/lib/index.js):\n' +
+       '  ╰─▶   × Error: The original reference that WeakReference<rspack_binding_api::compilation::JsCompilation> is pointing to is dropped\n' +
+       '        │     at file:///data00/home/jinzhixin/.codex/worktrees/a77f/rspack/packages/rspack/dist/worker.js:3902:69\n' +
+       '        │     at runWorkerLoop (file:///data00/home/jinzhixin/.codex/worktrees/a77f/rspack/packages/rspack/dist/worker.js:3906:18)\n' +
+       '      \n',
+     moduleIdentifier: '/data00/home/jinzhixin/projects/rspack-bench/node_modules/.pnpm/babel-loader@10.1.1_@babel+core@7.29.7_@rspack+core@..+.codex+worktrees+a77f+rspack+packages+rspack/node_modules/babel-loader/lib/index.js??ruleSet[1].rules[0].use[0]!/data00/home/jinzhixin/projects/rspack-bench/results/noop-loader-2026-09-11T04-04-10-528Z-15/fixture/module-02011.js',
+     moduleName: './module-02011.js'
+   },
+   {
+     code: 'ModuleBuildError',
+     message: '  × Module build failed (from ../../../node_modules/.pnpm/babel-loader@10.1.1_@babel+core@7.29.7_@rspack+core@..+.codex+worktrees+a77f+rspack+packages+rspack/node_modules/babel-loader/lib/index.js):\n' +
+       '  ╰─▶   × Error: The original reference that WeakReference<rspack_binding_api::compilation::JsCompilation> is pointing to is dropped\n' +
+       '        │     at file:///data00/home/jinzhixin/.codex/worktrees/a77f/rspack/packages/rspack/dist/worker.js:3902:69\n' +
+       '        │     at runWorkerLoop (file:///data00/home/jinzhixin/.codex/worktrees/a77f/rspack/packages/rspack/dist/worker.js:3906:18)\n' +
+       '      \n',
+     moduleIdentifier: '/data00/home/jinzhixin/projects/rspack-bench/node_modules/.pnpm/babel-loader@10.1.1_@babel+core@7.29.7_@rspack+core@..+.codex+worktrees+a77f+rspack+packages+rspack/node_modules/babel-loader/lib/index.js??ruleSet[1].rules[0].use[0]!/data00/home/jinzhixin/projects/rspack-bench/results/noop-loader-2026-09-11T04-04-10-528Z-15/fixture/module-02029.js',
+     moduleName: './module-02029.js'
+   },
+   {
+     code: 'ModuleBuildError',
+     message: '  × Module build failed (from ../../../node_modules/.pnpm/babel-loader@10.1.1_@babel+core@7.29.7_@rspack+core@..+.codex+worktrees+a77f+rspack+packages+rspack/node_modules/babel-loader/lib/index.js):\n' +
+       '  ╰─▶   × Error: The original reference that WeakReference<rspack_binding_api::compilation::JsCompilation> is pointing to is dropped\n' +
+       '        │     at file:///data00/home/jinzhixin/.codex/worktrees/a77f/rspack/packages/rspack/dist/worker.js:3902:69\n' +
+       '        │     at runWorkerLoop (file:///data00/home/jinzhixin/.codex/worktrees/a77f/rspack/packages/rspack/dist/worker.js:3906:18)\n' +
+       '      \n',
+     moduleIdentifier: '/data00/home/jinzhixin/projects/rspack-bench/node_modules/.pnpm/babel-loader@10.1.1_@babel+core@7.29.7_@rspack+core@..+.codex+worktrees+a77f+rspack+packages+rspack/node_modules/babel-loader/lib/index.js??ruleSet[1].rules[0].use[0]!/data00/home/jinzhixin/projects/rspack-bench/results/noop-loader-2026-09-11T04-04-10-528Z-15/fixture/module-02030.js',
+     moduleName: './module-02030.js'
+   },
+   {
+     code: 'ModuleBuildError',
+     message: '  × Module build failed (from ../../../node_modules/.pnpm/babel-loader@10.1.1_@babel+core@7.29.7_@rspack+core@..+.codex+worktrees+a77f+rspack+packages+rspack/node_modules/babel-loader/lib/index.js):\n' +
+       '  ╰─▶   × Error: The original reference that WeakReference<rspack_binding_api::compilation::JsCompilation> is pointing to is dropped\n' +
+       '        │     at file:///data00/home/jinzhixin/.codex/worktrees/a77f/rspack/packages/rspack/dist/worker.js:3902:69\n' +
+       '        │     at runWorkerLoop (file:///data00/home/jinzhixin/.codex/worktrees/a77f/rspack/packages/rspack/dist/worker.js:3906:18)\n' +
+       '      \n',
+     moduleIdentifier: '/data00/home/jinzhixin/projects/rspack-bench/node_modules/.pnpm/babel-loader@10.1.1_@babel+core@7.29.7_@rspack+core@..+.codex+worktrees+a77f+rspack+packages+rspack/node_modules/babel-loader/lib/index.js??ruleSet[1].rules[0].use[0]!/data00/home/jinzhixin/projects/rspack-bench/results/noop-loader-2026-09-11T04-04-10-528Z-15/fixture/module-02032.js',
+     moduleName: './module-02032.js'
+   },
+   {
+     code: 'ModuleBuildError',
+     message: '  × Module build failed (from ../../../node_modules/.pnpm/babel-loader@10.1.1_@babel+core@7.29.7_@rspack+core@..+.codex+worktrees+a77f+rspack+packages+rspack/node_modules/babel-loader/lib/index.js):\n' +
+       '  ╰─▶   × Error: The original reference that WeakReference<rspack_binding_api::compilation::JsCompilation> is pointing to is dropped\n' +
+       '        │     at file:///data00/home/jinzhixin/.codex/worktrees/a77f/rspack/packages/rspack/dist/worker.js:3902:69\n' +
+       '        │     at runWorkerLoop (file:///data00/home/jinzhixin/.codex/worktrees/a77f/rspack/packages/rspack/dist/worker.js:3906:18)\n' +
+       '      \n',
+     moduleIdentifier: '/data00/home/jinzhixin/projects/rspack-bench/node_modules/.pnpm/babel-loader@10.1.1_@babel+core@7.29.7_@rspack+core@..+.codex+worktrees+a77f+rspack+packages+rspack/node_modules/babel-loader/lib/index.js??ruleSet[1].rules[0].use[0]!/data00/home/jinzhixin/projects/rspack-bench/results/noop-loader-2026-09-11T04-04-10-528Z-15/fixture/module-02051.js',
+     moduleName: './module-02051.js'
+   },
+   {
+     code: 'ModuleBuildError',
+     message: '  × Module build failed (from ../../../node_modules/.pnpm/babel-loader@10.1.1_@babel+core@7.29.7_@rspack+core@..+.codex+worktrees+a77f+rspack+packages+rspack/node_modules/babel-loader/lib/index.js):\n' +
+       '  ╰─▶   × Error: The original reference that WeakReference<rspack_binding_api::compilation::JsCompilation> is pointing to is dropped\n' +
+       '        │     at file:///data00/home/jinzhixin/.codex/worktrees/a77f/rspack/packages/rspack/dist/worker.js:3902:69\n' +
+       '        │     at runWorkerLoop (file:///data00/home/jinzhixin/.codex/worktrees/a77f/rspack/packages/rspack/dist/worker.js:3906:18)\n' +
+       '      \n',
+     moduleIdentifier: '/data00/home/jinzhixin/projects/rspack-bench/node_modules/.pnpm/babel-loader@10.1.1_@babel+core@7.29.7_@rspack+core@..+.codex+worktrees+a77f+rspack+packages+rspack/node_modules/babel-loader/lib/index.js??ruleSet[1].rules[0].use[0]!/data00/home/jinzhixin/projects/rspack-bench/results/noop-loader-2026-09-11T04-04-10-528Z-15/fixture/module-02063.js',
+     moduleName: './module-02063.js'
+   },
+   {
+     code: 'ModuleBuildError',
+     message: '  × Module build failed (from ../../../node_modules/.pnpm/babel-loader@10.1.1_@babel+core@7.29.7_@rspack+core@..+.codex+worktrees+a77f+rspack+packages+rspack/node_modules/babel-loader/lib/index.js):\n' +
+       '  ╰─▶   × Error: The original reference that WeakReference<rspack_binding_api::compilation::JsCompilation> is pointing to is dropped\n' +
+       '        │     at file:///data00/home/jinzhixin/.codex/worktrees/a77f/rspack/packages/rspack/dist/worker.js:3902:69\n' +
+       '        │     at runWorkerLoop (file:///data00/home/jinzhixin/.codex/worktrees/a77f/rspack/packages/rspack/dist/worker.js:3906:18)\n' +
+       '      \n',
+     moduleIdentifier: '/data00/home/jinzhixin/projects/rspack-bench/node_modules/.pnpm/babel-loader@10.1.1_@babel+core@7.29.7_@rspack+core@..+.codex+worktrees+a77f+rspack+packages+rspack/node_modules/babel-loader/lib/index.js??ruleSet[1].rules[0].use[0]!/data00/home/jinzhixin/projects/rspack-bench/results/noop-loader-2026-09-11T04-04-10-528Z-15/fixture/module-02071.js',
+     moduleName: './module-02071.js'
+   },
+   {
+     code: 'ModuleBuildError',
+     message: '  × Module build failed (from ../../../node_modules/.pnpm/babel-loader@10.1.1_@babel+core@7.29.7_@rspack+core@..+.codex+worktrees+a77f+rspack+packages+rspack/node_modules/babel-loader/lib/index.js):\n' +
+       '  ╰─▶   × Error: The original reference that WeakReference<rspack_binding_api::compilation::JsCompilation> is pointing to is dropped\n' +
+       '        │     at file:///data00/home/jinzhixin/.codex/worktrees/a77f/rspack/packages/rspack/dist/worker.js:3902:69\n' +
+       '        │     at runWorkerLoop (file:///data00/home/jinzhixin/.codex/worktrees/a77f/rspack/packages/rspack/dist/worker.js:3906:18)\n' +
+       '      \n',
+     moduleIdentifier: '/data00/home/jinzhixin/projects/rspack-bench/node_modules/.pnpm/babel-loader@10.1.1_@babel+core@7.29.7_@rspack+core@..+.codex+worktrees+a77f+rspack+packages+rspack/node_modules/babel-loader/lib/index.js??ruleSet[1].rules[0].use[0]!/data00/home/jinzhixin/projects/rspack-bench/results/noop-loader-2026-09-11T04-04-10-528Z-15/fixture/module-02072.js',
+     moduleName: './module-02072.js'
+   },
+   {
+     code: 'ModuleBuildError',
+     message: '  × Module build failed (from ../../../node_modules/.pnpm/babel-loader@10.1.1_@babel+core@7.29.7_@rspack+core@..+.codex+worktrees+a77f+rspack+packages+rspack/node_modules/babel-loader/lib/index.js):\n' +
+       '  ╰─▶   × Error: The original reference that WeakReference<rspack_binding_api::compilation::JsCompilation> is pointing to is dropped\n' +
+       '        │     at file:///data00/home/jinzhixin/.codex/worktrees/a77f/rspack/packages/rspack/dist/worker.js:3902:69\n' +
+       '        │     at runWorkerLoop (file:///data00/home/jinzhixin/.codex/worktrees/a77f/rspack/packages/rspack/dist/worker.js:3906:18)\n' +
+       '      \n',
+     moduleIdentifier: '/data00/home/jinzhixin/projects/rspack-bench/node_modules/.pnpm/babel-loader@10.1.1_@babel+core@7.29.7_@rspack+core@..+.codex+worktrees+a77f+rspack+packages+rspack/node_modules/babel-loader/lib/index.js??ruleSet[1].rules[0].use[0]!/data00/home/jinzhixin/projects/rspack-bench/results/noop-loader-2026-09-11T04-04-10-528Z-15/fixture/module-02178.js',
+     moduleName: './module-02178.js'
+   },
+   {
+     code: 'ModuleBuildError',
+     message: '  × Module build failed (from ../../../node_modules/.pnpm/babel-loader@10.1.1_@babel+core@7.29.7_@rspack+core@..+.codex+worktrees+a77f+rspack+packages+rspack/node_modules/babel-loader/lib/index.js):\n' +
+       '  ╰─▶   × Error: The original reference that WeakReference<rspack_binding_api::compilation::JsCompilation> is pointing to is dropped\n' +
+       '        │     at file:///data00/home/jinzhixin/.codex/worktrees/a77f/rspack/packages/rspack/dist/worker.js:3902:69\n' +
+       '        │     at runWorkerLoop (file:///data00/home/jinzhixin/.codex/worktrees/a77f/rspack/packages/rspack/dist/worker.js:3906:18)\n' +
+       '      \n',
+     moduleIdentifier: '/data00/home/jinzhixin/projects/rspack-bench/node_modules/.pnpm/babel-loader@10.1.1_@babel+core@7.29.7_@rspack+core@..+.codex+worktrees+a77f+rspack+packages+rspack/node_modules/babel-loader/lib/index.js??ruleSet[1].rules[0].use[0]!/data00/home/jinzhixin/projects/rspack-bench/results/noop-loader-2026-09-11T04-04-10-528Z-15/fixture/module-02257.js',
+     moduleName: './module-02257.js'
+   },
+   {
+     code: 'ModuleBuildError',
+     message: '  × Module build failed (from ../../../node_modules/.pnpm/babel-loader@10.1.1_@babel+core@7.29.7_@rspack+core@..+.codex+worktrees+a77f+rspack+packages+rspack/node_modules/babel-loader/lib/index.js):\n' +
+       '  ╰─▶   × Error: The original reference that WeakReference<rspack_binding_api::compilation::JsCompilation> is pointing to is dropped\n' +
+       '        │     at file:///data00/home/jinzhixin/.codex/worktrees/a77f/rspack/packages/rspack/dist/worker.js:3902:69\n' +
+       '        │     at runWorkerLoop (file:///data00/home/jinzhixin/.codex/worktrees/a77f/rspack/packages/rspack/dist/worker.js:3906:18)\n' +
+       '      \n',
+     moduleIdentifier: '/data00/home/jinzhixin/projects/rspack-bench/node_modules/.pnpm/babel-loader@10.1.1_@babel+core@7.29.7_@rspack+core@..+.codex+worktrees+a77f+rspack+packages+rspack/node_modules/babel-loader/lib/index.js??ruleSet[1].rules[0].use[0]!/data00/home/jinzhixin/projects/rspack-bench/results/noop-loader-2026-09-11T04-04-10-528Z-15/fixture/module-02261.js',
+     moduleName: './module-02261.js'
+   },
+   {
+     code: 'ModuleBuildError',
+     message: '  × Module build failed (from ../../../node_modules/.pnpm/babel-loader@10.1.1_@babel+core@7.29.7_@rspack+core@..+.codex+worktrees+a77f+rspack+packages+rspack/node_modules/babel-loader/lib/index.js):\n' +
+       '  ╰─▶   × Error: The original reference that WeakReference<rspack_binding_api::compilation::JsCompilation> is pointing to is dropped\n' +
+       '        │     at file:///data00/home/jinzhixin/.codex/worktrees/a77f/rspack/packages/rspack/dist/worker.js:3902:69\n' +
+       '        │     at runWorkerLoop (file:///data00/home/jinzhixin/.codex/worktrees/a77f/rspack/packages/rspack/dist/worker.js:3906:18)\n' +
+       '      \n',
+     moduleIdentifier: '/data00/home/jinzhixin/projects/rspack-bench/node_modules/.pnpm/babel-loader@10.1.1_@babel+core@7.29.7_@rspack+core@..+.codex+worktrees+a77f+rspack+packages+rspack/node_modules/babel-loader/lib/index.js??ruleSet[1].rules[0].use[0]!/data00/home/jinzhixin/projects/rspack-bench/results/noop-loader-2026-09-11T04-04-10-528Z-15/fixture/module-02262.js',
+     moduleName: './module-02262.js'
+   },
+   {
+     code: 'ModuleBuildError',
+     message: '  × Module build failed (from ../../../node_modules/.pnpm/babel-loader@10.1.1_@babel+core@7.29.7_@rspack+core@..+.codex+worktrees+a77f+rspack+packages+rspack/node_modules/babel-loader/lib/index.js):\n' +
+       '  ╰─▶   × Error: The original reference that WeakReference<rspack_binding_api::compilation::JsCompilation> is pointing to is dropped\n' +
+       '        │     at file:///data00/home/jinzhixin/.codex/worktrees/a77f/rspack/packages/rspack/dist/worker.js:3902:69\n' +
+       '        │     at runWorkerLoop (file:///data00/home/jinzhixin/.codex/worktrees/a77f/rspack/packages/rspack/dist/worker.js:3906:18)\n' +
+       '      \n',
+     moduleIdentifier: '/data00/home/jinzhixin/projects/rspack-bench/node_modules/.pnpm/babel-loader@10.1.1_@babel+core@7.29.7_@rspack+core@..+.codex+worktrees+a77f+rspack+packages+rspack/node_modules/babel-loader/lib/index.js??ruleSet[1].rules[0].use[0]!/data00/home/jinzhixin/projects/rspack-bench/results/noop-loader-2026-09-11T04-04-10-528Z-15/fixture/module-02268.js',
+     moduleName: './module-02268.js'
+   },
+   {
+     code: 'ModuleBuildError',
+     message: '  × Module build failed (from ../../../node_modules/.pnpm/babel-loader@10.1.1_@babel+core@7.29.7_@rspack+core@..+.codex+worktrees+a77f+rspack+packages+rspack/node_modules/babel-loader/lib/index.js):\n' +
+       '  ╰─▶   × Error: The original reference that WeakReference<rspack_binding_api::compilation::JsCompilation> is pointing to is dropped\n' +
+       '        │     at file:///data00/home/jinzhixin/.codex/worktrees/a77f/rspack/packages/rspack/dist/worker.js:3902:69\n' +
+       '        │     at runWorkerLoop (file:///data00/home/jinzhixin/.codex/worktrees/a77f/rspack/packages/rspack/dist/worker.js:3906:18)\n' +
+       '      \n',
+     moduleIdentifier: '/data00/home/jinzhixin/projects/rspack-bench/node_modules/.pnpm/babel-loader@10.1.1_@babel+core@7.29.7_@rspack+core@..+.codex+worktrees+a77f+rspack+packages+rspack/node_modules/babel-loader/lib/index.js??ruleSet[1].rules[0].use[0]!/data00/home/jinzhixin/projects/rspack-bench/results/noop-loader-2026-09-11T04-04-10-528Z-15/fixture/module-02269.js',
+     moduleName: './module-02269.js'
+   },
+   {
+     code: 'ModuleBuildError',
+     message: '  × Module build failed (from ../../../node_modules/.pnpm/babel-loader@10.1.1_@babel+core@7.29.7_@rspack+core@..+.codex+worktrees+a77f+rspack+packages+rspack/node_modules/babel-loader/lib/index.js):\n' +
+       '  ╰─▶   × Error: The original reference that WeakReference<rspack_binding_api::compilation::JsCompilation> is pointing to is dropped\n' +
+       '        │     at file:///data00/home/jinzhixin/.codex/worktrees/a77f/rspack/packages/rspack/dist/worker.js:3902:69\n' +
+       '        │     at runWorkerLoop (file:///data00/home/jinzhixin/.codex/worktrees/a77f/rspack/packages/rspack/dist/worker.js:3906:18)\n' +
+       '      \n',
+     moduleIdentifier: '/data00/home/jinzhixin/projects/rspack-bench/node_modules/.pnpm/babel-loader@10.1.1_@babel+core@7.29.7_@rspack+core@..+.codex+worktrees+a77f+rspack+packages+rspack/node_modules/babel-loader/lib/index.js??ruleSet[1].rules[0].use[0]!/data00/home/jinzhixin/projects/rspack-bench/results/noop-loader-2026-09-11T04-04-10-528Z-15/fixture/module-02271.js',
+     moduleName: './module-02271.js'
+   },
+   {
+     code: 'ModuleBuildError',
+     message: '  × Module build failed (from ../../../node_modules/.pnpm/babel-loader@10.1.1_@babel+core@7.29.7_@rspack+core@..+.codex+worktrees+a77f+rspack+packages+rspack/node_modules/babel-loader/lib/index.js):\n' +
+       '  ╰─▶   × Error: The original reference that WeakReference<rspack_binding_api::compilation::JsCompilation> is pointing to is dropped\n' +
+       '        │     at file:///data00/home/jinzhixin/.codex/worktrees/a77f/rspack/packages/rspack/dist/worker.js:3902:69\n' +
+       '        │     at runWorkerLoop (file:///data00/home/jinzhixin/.codex/worktrees/a77f/rspack/packages/rspack/dist/worker.js:3906:18)\n' +
+       '      \n',
+     moduleIdentifier: '/data00/home/jinzhixin/projects/rspack-bench/node_modules/.pnpm/babel-loader@10.1.1_@babel+core@7.29.7_@rspack+core@..+.codex+worktrees+a77f+rspack+packages+rspack/node_modules/babel-loader/lib/index.js??ruleSet[1].rules[0].use[0]!/data00/home/jinzhixin/projects/rspack-bench/results/noop-loader-2026-09-11T04-04-10-528Z-15/fixture/module-02278.js',
+     moduleName: './module-02278.js'
+   },
+   {
+     code: 'ModuleBuildError',
+     message: '  × Module build failed (from ../../../node_modules/.pnpm/babel-loader@10.1.1_@babel+core@7.29.7_@rspack+core@..+.codex+worktrees+a77f+rspack+packages+rspack/node_modules/babel-loader/lib/index.js):\n' +
+       '  ╰─▶   × Error: The original reference that WeakReference<rspack_binding_api::compilation::JsCompilation> is pointing to is dropped\n' +
+       '        │     at file:///data00/home/jinzhixin/.codex/worktrees/a77f/rspack/packages/rspack/dist/worker.js:3902:69\n' +
+       '        │     at runWorkerLoop (file:///data00/home/jinzhixin/.codex/worktrees/a77f/rspack/packages/rspack/dist/worker.js:3906:18)\n' +
+       '      \n',
+     moduleIdentifier: '/data00/home/jinzhixin/projects/rspack-bench/node_modules/.pnpm/babel-loader@10.1.1_@babel+core@7.29.7_@rspack+core@..+.codex+worktrees+a77f+rspack+packages+rspack/node_modules/babel-loader/lib/index.js??ruleSet[1].rules[0].use[0]!/data00/home/jinzhixin/projects/rspack-bench/results/noop-loader-2026-09-11T04-04-10-528Z-15/fixture/module-02287.js',
+     moduleName: './module-02287.js'
+   },
+   {
+     code: 'ModuleBuildError',
+     message: '  × Module build failed (from ../../../node_modules/.pnpm/babel-loader@10.1.1_@babel+core@7.29.7_@rspack+core@..+.codex+worktrees+a77f+rspack+packages+rspack/node_modules/babel-loader/lib/index.js):\n' +
+       '  ╰─▶   × Error: The original reference that WeakReference<rspack_binding_api::compilation::JsCompilation> is pointing to is dropped\n' +
+       '        │     at file:///data00/home/jinzhixin/.codex/worktrees/a77f/rspack/packages/rspack/dist/worker.js:3902:69\n' +
+       '        │     at runWorkerLoop (file:///data00/home/jinzhixin/.codex/worktrees/a77f/rspack/packages/rspack/dist/worker.js:3906:18)\n' +
+       '      \n',
+     moduleIdentifier: '/data00/home/jinzhixin/projects/rspack-bench/node_modules/.pnpm/babel-loader@10.1.1_@babel+core@7.29.7_@rspack+core@..+.codex+worktrees+a77f+rspack+packages+rspack/node_modules/babel-loader/lib/index.js??ruleSet[1].rules[0].use[0]!/data00/home/jinzhixin/projects/rspack-bench/results/noop-loader-2026-09-11T04-04-10-528Z-15/fixture/module-02288.js',
+     moduleName: './module-02288.js'
+   },
+   {
+     code: 'ModuleBuildError',
+     message: '  × Module build failed (from ../../../node_modules/.pnpm/babel-loader@10.1.1_@babel+core@7.29.7_@rspack+core@..+.codex+worktrees+a77f+rspack+packages+rspack/node_modules/babel-loader/lib/index.js):\n' +
+       '  ╰─▶   × Error: The original reference that WeakReference<rspack_binding_api::compilation::JsCompilation> is pointing to is dropped\n' +
+       '        │     at file:///data00/home/jinzhixin/.codex/worktrees/a77f/rspack/packages/rspack/dist/worker.js:3902:69\n' +
+       '        │     at runWorkerLoop (file:///data00/home/jinzhixin/.codex/worktrees/a77f/rspack/packages/rspack/dist/worker.js:3906:18)\n' +
+       '      \n',
+     moduleIdentifier: '/data00/home/jinzhixin/projects/rspack-bench/node_modules/.pnpm/babel-loader@10.1.1_@babel+core@7.29.7_@rspack+core@..+.codex+worktrees+a77f+rspack+packages+rspack/node_modules/babel-loader/lib/index.js??ruleSet[1].rules[0].use[0]!/data00/home/jinzhixin/projects/rspack-bench/results/noop-loader-2026-09-11T04-04-10-528Z-15/fixture/module-02383.js',
+     moduleName: './module-02383.js'
+   },
+   {
+     code: 'ModuleBuildError',
+     message: '  × Module build failed (from ../../../node_modules/.pnpm/babel-loader@10.1.1_@babel+core@7.29.7_@rspack+core@..+.codex+worktrees+a77f+rspack+packages+rspack/node_modules/babel-loader/lib/index.js):\n' +
+       '  ╰─▶   × Error: The original reference that WeakReference<rspack_binding_api::compilation::JsCompilation> is pointing to is dropped\n' +
+       '        │     at file:///data00/home/jinzhixin/.codex/worktrees/a77f/rspack/packages/rspack/dist/worker.js:3902:69\n' +
+       '        │     at runWorkerLoop (file:///data00/home/jinzhixin/.codex/worktrees/a77f/rspack/packages/rspack/dist/worker.js:3906:18)\n' +
+       '      \n',
+     moduleIdentifier: '/data00/home/jinzhixin/projects/rspack-bench/node_modules/.pnpm/babel-loader@10.1.1_@babel+core@7.29.7_@rspack+core@..+.codex+worktrees+a77f+rspack+packages+rspack/node_modules/babel-loader/lib/index.js??ruleSet[1].rules[0].use[0]!/data00/home/jinzhixin/projects/rspack-bench/results/noop-loader-2026-09-11T04-04-10-528Z-15/fixture/module-02387.js',
+     moduleName: './module-02387.js'
+   },
+   {
+     code: 'ModuleBuildError',
+     message: '  × Module build failed (from ../../../node_modules/.pnpm/babel-loader@10.1.1_@babel+core@7.29.7_@rspack+core@..+.codex+worktrees+a77f+rspack+packages+rspack/node_modules/babel-loader/lib/index.js):\n' +
+       '  ╰─▶   × Error: The original reference that WeakReference<rspack_binding_api::compilation::JsCompilation> is pointing to is dropped\n' +
+       '        │     at file:///data00/home/jinzhixin/.codex/worktrees/a77f/rspack/packages/rspack/dist/worker.js:3902:69\n' +
+       '        │     at runWorkerLoop (file:///data00/home/jinzhixin/.codex/worktrees/a77f/rspack/packages/rspack/dist/worker.js:3906:18)\n' +
+       '      \n',
+     moduleIdentifier: '/data00/home/jinzhixin/projects/rspack-bench/node_modules/.pnpm/babel-loader@10.1.1_@babel+core@7.29.7_@rspack+core@..+.codex+worktrees+a77f+rspack+packages+rspack/node_modules/babel-loader/lib/index.js??ruleSet[1].rules[0].use[0]!/data00/home/jinzhixin/projects/rspack-bench/results/noop-loader-2026-09-11T04-04-10-528Z-15/fixture/module-02388.js',
+     moduleName: './module-02388.js'
+   },
+   {
+     code: 'ModuleBuildError',
+     message: '  × Module build failed (from ../../../node_modules/.pnpm/babel-loader@10.1.1_@babel+core@7.29.7_@rspack+core@..+.codex+worktrees+a77f+rspack+packages+rspack/node_modules/babel-loader/lib/index.js):\n' +
+       '  ╰─▶   × Error: The original reference that WeakReference<rspack_binding_api::compilation::JsCompilation> is pointing to is dropped\n' +
+       '        │     at file:///data00/home/jinzhixin/.codex/worktrees/a77f/rspack/packages/rspack/dist/worker.js:3902:69\n' +
+       '        │     at runWorkerLoop (file:///data00/home/jinzhixin/.codex/worktrees/a77f/rspack/packages/rspack/dist/worker.js:3906:18)\n' +
+       '      \n',
+     moduleIdentifier: '/data00/home/jinzhixin/projects/rspack-bench/node_modules/.pnpm/babel-loader@10.1.1_@babel+core@7.29.7_@rspack+core@..+.codex+worktrees+a77f+rspack+packages+rspack/node_modules/babel-loader/lib/index.js??ruleSet[1].rules[0].use[0]!/data00/home/jinzhixin/projects/rspack-bench/results/noop-loader-2026-09-11T04-04-10-528Z-15/fixture/module-02390.js',
+     moduleName: './module-02390.js'
+   },
+   {
+     code: 'ModuleBuildError',
+     message: '  × Module build failed (from ../../../node_modules/.pnpm/babel-loader@10.1.1_@babel+core@7.29.7_@rspack+core@..+.codex+worktrees+a77f+rspack+packages+rspack/node_modules/babel-loader/lib/index.js):\n' +
+       '  ╰─▶   × Error: The original reference that WeakReference<rspack_binding_api::compilation::JsCompilation> is pointing to is dropped\n' +
+       '        │     at file:///data00/home/jinzhixin/.codex/worktrees/a77f/rspack/packages/rspack/dist/worker.js:3902:69\n' +
+       '        │     at runWorkerLoop (file:///data00/home/jinzhixin/.codex/worktrees/a77f/rspack/packages/rspack/dist/worker.js:3906:18)\n' +
+       '      \n',
+     moduleIdentifier: '/data00/home/jinzhixin/projects/rspack-bench/node_modules/.pnpm/babel-loader@10.1.1_@babel+core@7.29.7_@rspack+core@..+.codex+worktrees+a77f+rspack+packages+rspack/node_modules/babel-loader/lib/index.js??ruleSet[1].rules[0].use[0]!/data00/home/jinzhixin/projects/rspack-bench/results/noop-loader-2026-09-11T04-04-10-528Z-15/fixture/module-02396.js',
+     moduleName: './module-02396.js'
+   },
+   {
+     code: 'ModuleBuildError',
+     message: '  × Module build failed (from ../../../node_modules/.pnpm/babel-loader@10.1.1_@babel+core@7.29.7_@rspack+core@..+.codex+worktrees+a77f+rspack+packages+rspack/node_modules/babel-loader/lib/index.js):\n' +
+       '  ╰─▶   × Error: The original reference that WeakReference<rspack_binding_api::compilation::JsCompilation> is pointing to is dropped\n' +
+       '        │     at file:///data00/home/jinzhixin/.codex/worktrees/a77f/rspack/packages/rspack/dist/worker.js:3902:69\n' +
+       '        │     at runWorkerLoop (file:///data00/home/jinzhixin/.codex/worktrees/a77f/rspack/packages/rspack/dist/worker.js:3906:18)\n' +
+       '      \n',
+     moduleIdentifier: '/data00/home/jinzhixin/projects/rspack-bench/node_modules/.pnpm/babel-loader@10.1.1_@babel+core@7.29.7_@rspack+core@..+.codex+worktrees+a77f+rspack+packages+rspack/node_modules/babel-loader/lib/index.js??ruleSet[1].rules[0].use[0]!/data00/home/jinzhixin/projects/rspack-bench/results/noop-loader-2026-09-11T04-04-10-528Z-15/fixture/module-02397.js',
+     moduleName: './module-02397.js'
+   },
+   {
+     code: 'ModuleBuildError',
+     message: '  × Module build failed (from ../../../node_modules/.pnpm/babel-loader@10.1.1_@babel+core@7.29.7_@rspack+core@..+.codex+worktrees+a77f+rspack+packages+rspack/node_modules/babel-loader/lib/index.js):\n' +
+       '  ╰─▶   × Error: The original reference that WeakReference<rspack_binding_api::compilation::JsCompilation> is pointing to is dropped\n' +
+       '        │     at file:///data00/home/jinzhixin/.codex/worktrees/a77f/rspack/packages/rspack/dist/worker.js:3902:69\n' +
+       '        │     at runWorkerLoop (file:///data00/home/jinzhixin/.codex/worktrees/a77f/rspack/packages/rspack/dist/worker.js:3906:18)\n' +
+       '      \n',
+     moduleIdentifier: '/data00/home/jinzhixin/projects/rspack-bench/node_modules/.pnpm/babel-loader@10.1.1_@babel+core@7.29.7_@rspack+core@..+.codex+worktrees+a77f+rspack+packages+rspack/node_modules/babel-loader/lib/index.js??ruleSet[1].rules[0].use[0]!/data00/home/jinzhixin/projects/rspack-bench/results/noop-loader-2026-09-11T04-04-10-528Z-15/fixture/module-02398.js',
+     moduleName: './module-02398.js'
+   },
+   {
+     code: 'ModuleBuildError',
+     message: '  × Module build failed (from ../../../node_modules/.pnpm/babel-loader@10.1.1_@babel+core@7.29.7_@rspack+core@..+.codex+worktrees+a77f+rspack+packages+rspack/node_modules/babel-loader/lib/index.js):\n' +
+       '  ╰─▶   × Error: The original reference that WeakReference<rspack_binding_api::compilation::JsCompilation> is pointing to is dropped\n' +
+       '        │     at file:///data00/home/jinzhixin/.codex/worktrees/a77f/rspack/packages/rspack/dist/worker.js:3902:69\n' +
+       '        │     at runWorkerLoop (file:///data00/home/jinzhixin/.codex/worktrees/a77f/rspack/packages/rspack/dist/worker.js:3906:18)\n' +
+       '      \n',
+     moduleIdentifier: '/data00/home/jinzhixin/projects/rspack-bench/node_modules/.pnpm/babel-loader@10.1.1_@babel+core@7.29.7_@rspack+core@..+.codex+worktrees+a77f+rspack+packages+rspack/node_modules/babel-loader/lib/index.js??ruleSet[1].rules[0].use[0]!/data00/home/jinzhixin/projects/rspack-bench/results/noop-loader-2026-09-11T04-04-10-528Z-15/fixture/module-02419.js',
+     moduleName: './module-02419.js'
+   },
+   {
+     code: 'ModuleBuildError',
+     message: '  × Module build failed (from ../../../node_modules/.pnpm/babel-loader@10.1.1_@babel+core@7.29.7_@rspack+core@..+.codex+worktrees+a77f+rspack+packages+rspack/node_modules/babel-loader/lib/index.js):\n' +
+       '  ╰─▶   × Error: The original reference that WeakReference<rspack_binding_api::compilation::JsCompilation> is pointing to is dropped\n' +
+       '        │     at file:///data00/home/jinzhixin/.codex/worktrees/a77f/rspack/packages/rspack/dist/worker.js:3902:69\n' +
+       '        │     at runWorkerLoop (file:///data00/home/jinzhixin/.codex/worktrees/a77f/rspack/packages/rspack/dist/worker.js:3906:18)\n' +
+       '      \n',
+     moduleIdentifier: '/data00/home/jinzhixin/projects/rspack-bench/node_modules/.pnpm/babel-loader@10.1.1_@babel+core@7.29.7_@rspack+core@..+.codex+worktrees+a77f+rspack+packages+rspack/node_modules/babel-loader/lib/index.js??ruleSet[1].rules[0].use[0]!/data00/home/jinzhixin/projects/rspack-bench/results/noop-loader-2026-09-11T04-04-10-528Z-15/fixture/module-02472.js',
+     moduleName: './module-02472.js'
+   },
+   {
+     code: 'ModuleBuildError',
+     message: '  × Module build failed (from ../../../node_modules/.pnpm/babel-loader@10.1.1_@babel+core@7.29.7_@rspack+core@..+.codex+worktrees+a77f+rspack+packages+rspack/node_modules/babel-loader/lib/index.js):\n' +
+       '  ╰─▶   × Error: The original reference that WeakReference<rspack_binding_api::compilation::JsCompilation> is pointing to is dropped\n' +
+       '        │     at file:///data00/home/jinzhixin/.codex/worktrees/a77f/rspack/packages/rspack/dist/worker.js:3902:69\n' +
+       '        │     at runWorkerLoop (file:///data00/home/jinzhixin/.codex/worktrees/a77f/rspack/packages/rspack/dist/worker.js:3906:18)\n' +
+       '      \n',
+     moduleIdentifier: '/data00/home/jinzhixin/projects/rspack-bench/node_modules/.pnpm/babel-loader@10.1.1_@babel+core@7.29.7_@rspack+core@..+.codex+worktrees+a77f+rspack+packages+rspack/node_modules/babel-loader/lib/index.js??ruleSet[1].rules[0].use[0]!/data00/home/jinzhixin/projects/rspack-bench/results/noop-loader-2026-09-11T04-04-10-528Z-15/fixture/module-02482.js',
+     moduleName: './module-02482.js'
+   },
+   {
+     code: 'ModuleBuildError',
+     message: '  × Module build failed (from ../../../node_modules/.pnpm/babel-loader@10.1.1_@babel+core@7.29.7_@rspack+core@..+.codex+worktrees+a77f+rspack+packages+rspack/node_modules/babel-loader/lib/index.js):\n' +
+       '  ╰─▶   × Error: The original reference that WeakReference<rspack_binding_api::compilation::JsCompilation> is pointing to is dropped\n' +
+       '        │     at file:///data00/home/jinzhixin/.codex/worktrees/a77f/rspack/packages/rspack/dist/worker.js:3902:69\n' +
+       '        │     at runWorkerLoop (file:///data00/home/jinzhixin/.codex/worktrees/a77f/rspack/packages/rspack/dist/worker.js:3906:18)\n' +
+       '      \n',
+     moduleIdentifier: '/data00/home/jinzhixin/projects/rspack-bench/node_modules/.pnpm/babel-loader@10.1.1_@babel+core@7.29.7_@rspack+core@..+.codex+worktrees+a77f+rspack+packages+rspack/node_modules/babel-loader/lib/index.js??ruleSet[1].rules[0].use[0]!/data00/home/jinzhixin/projects/rspack-bench/results/noop-loader-2026-09-11T04-04-10-528Z-15/fixture/module-02498.js',
+     moduleName: './module-02498.js'
+   },
+   {
+     code: 'ModuleBuildError',
+     message: '  × Module build failed (from ../../../node_modules/.pnpm/babel-loader@10.1.1_@babel+core@7.29.7_@rspack+core@..+.codex+worktrees+a77f+rspack+packages+rspack/node_modules/babel-loader/lib/index.js):\n' +
+       '  ╰─▶   × Error: The original reference that WeakReference<rspack_binding_api::compilation::JsCompilation> is pointing to is dropped\n' +
+       '        │     at file:///data00/home/jinzhixin/.codex/worktrees/a77f/rspack/packages/rspack/dist/worker.js:3902:69\n' +
+       '        │     at runWorkerLoop (file:///data00/home/jinzhixin/.codex/worktrees/a77f/rspack/packages/rspack/dist/worker.js:3906:18)\n' +
+       '      \n',
+     moduleIdentifier: '/data00/home/jinzhixin/projects/rspack-bench/node_modules/.pnpm/babel-loader@10.1.1_@babel+core@7.29.7_@rspack+core@..+.codex+worktrees+a77f+rspack+packages+rspack/node_modules/babel-loader/lib/index.js??ruleSet[1].rules[0].use[0]!/data00/home/jinzhixin/projects/rspack-bench/results/noop-loader-2026-09-11T04-04-10-528Z-15/fixture/module-02544.js',
+     moduleName: './module-02544.js'
+   },
+   {
+     code: 'ModuleBuildError',
+     message: '  × Module build failed (from ../../../node_modules/.pnpm/babel-loader@10.1.1_@babel+core@7.29.7_@rspack+core@..+.codex+worktrees+a77f+rspack+packages+rspack/node_modules/babel-loader/lib/index.js):\n' +
+       '  ╰─▶   × Error: The original reference that WeakReference<rspack_binding_api::compilation::JsCompilation> is pointing to is dropped\n' +
+       '        │     at file:///data00/home/jinzhixin/.codex/worktrees/a77f/rspack/packages/rspack/dist/worker.js:3902:69\n' +
+       '        │     at runWorkerLoop (file:///data00/home/jinzhixin/.codex/worktrees/a77f/rspack/packages/rspack/dist/worker.js:3906:18)\n' +
+       '      \n',
+     moduleIdentifier: '/data00/home/jinzhixin/projects/rspack-bench/node_modules/.pnpm/babel-loader@10.1.1_@babel+core@7.29.7_@rspack+core@..+.codex+worktrees+a77f+rspack+packages+rspack/node_modules/babel-loader/lib/index.js??ruleSet[1].rules[0].use[0]!/data00/home/jinzhixin/projects/rspack-bench/results/noop-loader-2026-09-11T04-04-10-528Z-15/fixture/module-02552.js',
+     moduleName: './module-02552.js'
+   },
+   {
+     code: 'ModuleBuildError',
+     message: '  × Module build failed (from ../../../node_modules/.pnpm/babel-loader@10.1.1_@babel+core@7.29.7_@rspack+core@..+.codex+worktrees+a77f+rspack+packages+rspack/node_modules/babel-loader/lib/index.js):\n' +
+       '  ╰─▶   × Error: The original reference that WeakReference<rspack_binding_api::compilation::JsCompilation> is pointing to is dropped\n' +
+       '        │     at file:///data00/home/jinzhixin/.codex/worktrees/a77f/rspack/packages/rspack/dist/worker.js:3902:69\n' +
+       '        │     at runWorkerLoop (file:///data00/home/jinzhixin/.codex/worktrees/a77f/rspack/packages/rspack/dist/worker.js:3906:18)\n' +
+       '      \n',
+     moduleIdentifier: '/data00/home/jinzhixin/projects/rspack-bench/node_modules/.pnpm/babel-loader@10.1.1_@babel+core@7.29.7_@rspack+core@..+.codex+worktrees+a77f+rspack+packages+rspack/node_modules/babel-loader/lib/index.js??ruleSet[1].rules[0].use[0]!/data00/home/jinzhixin/projects/rspack-bench/results/noop-loader-2026-09-11T04-04-10-528Z-15/fixture/module-02563.js',
+     moduleName: './module-02563.js'
+   },
+   {
+     code: 'ModuleBuildError',
+     message: '  × Module build failed (from ../../../node_modules/.pnpm/babel-loader@10.1.1_@babel+core@7.29.7_@rspack+core@..+.codex+worktrees+a77f+rspack+packages+rspack/node_modules/babel-loader/lib/index.js):\n' +
+       '  ╰─▶   × Error: The original reference that WeakReference<rspack_binding_api::compilation::JsCompilation> is pointing to is dropped\n' +
+       '        │     at file:///data00/home/jinzhixin/.codex/worktrees/a77f/rspack/packages/rspack/dist/worker.js:3902:69\n' +
+       '        │     at runWorkerLoop (file:///data00/home/jinzhixin/.codex/worktrees/a77f/rspack/packages/rspack/dist/worker.js:3906:18)\n' +
+       '      \n',
+     moduleIdentifier: '/data00/home/jinzhixin/projects/rspack-bench/node_modules/.pnpm/babel-loader@10.1.1_@babel+core@7.29.7_@rspack+core@..+.codex+worktrees+a77f+rspack+packages+rspack/node_modules/babel-loader/lib/index.js??ruleSet[1].rules[0].use[0]!/data00/home/jinzhixin/projects/rspack-bench/results/noop-loader-2026-09-11T04-04-10-528Z-15/fixture/module-02591.js',
+     moduleName: './module-02591.js'
+   },
+   {
+     code: 'ModuleBuildError',
+     message: '  × Module build failed (from ../../../node_modules/.pnpm/babel-loader@10.1.1_@babel+core@7.29.7_@rspack+core@..+.codex+worktrees+a77f+rspack+packages+rspack/node_modules/babel-loader/lib/index.js):\n' +
+       '  ╰─▶   × Error: The original reference that WeakReference<rspack_binding_api::compilation::JsCompilation> is pointing to is dropped\n' +
+       '        │     at file:///data00/home/jinzhixin/.codex/worktrees/a77f/rspack/packages/rspack/dist/worker.js:3902:69\n' +
+       '        │     at runWorkerLoop (file:///data00/home/jinzhixin/.codex/worktrees/a77f/rspack/packages/rspack/dist/worker.js:3906:18)\n' +
+       '      \n',
+     moduleIdentifier: '/data00/home/jinzhixin/projects/rspack-bench/node_modules/.pnpm/babel-loader@10.1.1_@babel+core@7.29.7_@rspack+core@..+.codex+worktrees+a77f+rspack+packages+rspack/node_modules/babel-loader/lib/index.js??ruleSet[1].rules[0].use[0]!/data00/home/jinzhixin/projects/rspack-bench/results/noop-loader-2026-09-11T04-04-10-528Z-15/fixture/module-02596.js',
+     moduleName: './module-02596.js'
+   },
+   {
+     code: 'ModuleBuildError',
+     message: '  × Module build failed (from ../../../node_modules/.pnpm/babel-loader@10.1.1_@babel+core@7.29.7_@rspack+core@..+.codex+worktrees+a77f+rspack+packages+rspack/node_modules/babel-loader/lib/index.js):\n' +
+       '  ╰─▶   × Error: The original reference that WeakReference<rspack_binding_api::compilation::JsCompilation> is pointing to is dropped\n' +
+       '        │     at file:///data00/home/jinzhixin/.codex/worktrees/a77f/rspack/packages/rspack/dist/worker.js:3902:69\n' +
+       '        │     at runWorkerLoop (file:///data00/home/jinzhixin/.codex/worktrees/a77f/rspack/packages/rspack/dist/worker.js:3906:18)\n' +
+       '      \n',
+     moduleIdentifier: '/data00/home/jinzhixin/projects/rspack-bench/node_modules/.pnpm/babel-loader@10.1.1_@babel+core@7.29.7_@rspack+core@..+.codex+worktrees+a77f+rspack+packages+rspack/node_modules/babel-loader/lib/index.js??ruleSet[1].rules[0].use[0]!/data00/home/jinzhixin/projects/rspack-bench/results/noop-loader-2026-09-11T04-04-10-528Z-15/fixture/module-02616.js',
+     moduleName: './module-02616.js'
+   },
+   {
+     code: 'ModuleBuildError',
+     message: '  × Module build failed (from ../../../node_modules/.pnpm/babel-loader@10.1.1_@babel+core@7.29.7_@rspack+core@..+.codex+worktrees+a77f+rspack+packages+rspack/node_modules/babel-loader/lib/index.js):\n' +
+       '  ╰─▶   × Error: The original reference that WeakReference<rspack_binding_api::compilation::JsCompilation> is pointing to is dropped\n' +
+       '        │     at file:///data00/home/jinzhixin/.codex/worktrees/a77f/rspack/packages/rspack/dist/worker.js:3902:69\n' +
+       '        │     at runWorkerLoop (file:///data00/home/jinzhixin/.codex/worktrees/a77f/rspack/packages/rspack/dist/worker.js:3906:18)\n' +
+       '      \n',
+     moduleIdentifier: '/data00/home/jinzhixin/projects/rspack-bench/node_modules/.pnpm/babel-loader@10.1.1_@babel+core@7.29.7_@rspack+core@..+.codex+worktrees+a77f+rspack+packages+rspack/node_modules/babel-loader/lib/index.js??ruleSet[1].rules[0].use[0]!/data00/home/jinzhixin/projects/rspack-bench/results/noop-loader-2026-09-11T04-04-10-528Z-15/fixture/module-02623.js',
+     moduleName: './module-02623.js'
+   },
+   {
+     code: 'ModuleBuildError',
+     message: '  × Module build failed (from ../../../node_modules/.pnpm/babel-loader@10.1.1_@babel+core@7.29.7_@rspack+core@..+.codex+worktrees+a77f+rspack+packages+rspack/node_modules/babel-loader/lib/index.js):\n' +
+       '  ╰─▶   × Error: The original reference that WeakReference<rspack_binding_api::compilation::JsCompilation> is pointing to is dropped\n' +
+       '        │     at file:///data00/home/jinzhixin/.codex/worktrees/a77f/rspack/packages/rspack/dist/worker.js:3902:69\n' +
+       '        │     at runWorkerLoop (file:///data00/home/jinzhixin/.codex/worktrees/a77f/rspack/packages/rspack/dist/worker.js:3906:18)\n' +
+       '      \n',
+     moduleIdentifier: '/data00/home/jinzhixin/projects/rspack-bench/node_modules/.pnpm/babel-loader@10.1.1_@babel+core@7.29.7_@rspack+core@..+.codex+worktrees+a77f+rspack+packages+rspack/node_modules/babel-loader/lib/index.js??ruleSet[1].rules[0].use[0]!/data00/home/jinzhixin/projects/rspack-bench/results/noop-loader-2026-09-11T04-04-10-528Z-15/fixture/module-02649.js',
+     moduleName: './module-02649.js'
+   },
+   {
+     code: 'ModuleBuildError',
+     message: '  × Module build failed (from ../../../node_modules/.pnpm/babel-loader@10.1.1_@babel+core@7.29.7_@rspack+core@..+.codex+worktrees+a77f+rspack+packages+rspack/node_modules/babel-loader/lib/index.js):\n' +
+       '  ╰─▶   × Error: The original reference that WeakReference<rspack_binding_api::compilation::JsCompilation> is pointing to is dropped\n' +
+       '        │     at file:///data00/home/jinzhixin/.codex/worktrees/a77f/rspack/packages/rspack/dist/worker.js:3902:69\n' +
+       '        │     at runWorkerLoop (file:///data00/home/jinzhixin/.codex/worktrees/a77f/rspack/packages/rspack/dist/worker.js:3906:18)\n' +
+       '      \n',
+     moduleIdentifier: '/data00/home/jinzhixin/projects/rspack-bench/node_modules/.pnpm/babel-loader@10.1.1_@babel+core@7.29.7_@rspack+core@..+.codex+worktrees+a77f+rspack+packages+rspack/node_modules/babel-loader/lib/index.js??ruleSet[1].rules[0].use[0]!/data00/home/jinzhixin/projects/rspack-bench/results/noop-loader-2026-09-11T04-04-10-528Z-15/fixture/module-02890.js',
+     moduleName: './module-02890.js'
+   },
+   {
+     code: 'ModuleBuildError',
+     message: '  × Module build failed (from ../../../node_modules/.pnpm/babel-loader@10.1.1_@babel+core@7.29.7_@rspack+core@..+.codex+worktrees+a77f+rspack+packages+rspack/node_modules/babel-loader/lib/index.js):\n' +
+       '  ╰─▶   × Error: The original reference that WeakReference<rspack_binding_api::compilation::JsCompilation> is pointing to is dropped\n' +
+       '        │     at file:///data00/home/jinzhixin/.codex/worktrees/a77f/rspack/packages/rspack/dist/worker.js:3902:69\n' +
+       '        │     at runWorkerLoop (file:///data00/home/jinzhixin/.codex/worktrees/a77f/rspack/packages/rspack/dist/worker.js:3906:18)\n' +
+       '      \n',
+     moduleIdentifier: '/data00/home/jinzhixin/projects/rspack-bench/node_modules/.pnpm/babel-loader@10.1.1_@babel+core@7.29.7_@rspack+core@..+.codex+worktrees+a77f+rspack+packages+rspack/node_modules/babel-loader/lib/index.js??ruleSet[1].rules[0].use[0]!/data00/home/jinzhixin/projects/rspack-bench/results/noop-loader-2026-09-11T04-04-10-528Z-15/fixture/module-02906.js',
+     moduleName: './module-02906.js'
+   },
+   {
+     code: 'ModuleBuildError',
+     message: '  × Module build failed (from ../../../node_modules/.pnpm/babel-loader@10.1.1_@babel+core@7.29.7_@rspack+core@..+.codex+worktrees+a77f+rspack+packages+rspack/node_modules/babel-loader/lib/index.js):\n' +
+       '  ╰─▶   × Error: The original reference that WeakReference<rspack_binding_api::compilation::JsCompilation> is pointing to is dropped\n' +
+       '        │     at file:///data00/home/jinzhixin/.codex/worktrees/a77f/rspack/packages/rspack/dist/worker.js:3902:69\n' +
+       '        │     at runWorkerLoop (file:///data00/home/jinzhixin/.codex/worktrees/a77f/rspack/packages/rspack/dist/worker.js:3906:18)\n' +
+       '      \n',
+     moduleIdentifier: '/data00/home/jinzhixin/projects/rspack-bench/node_modules/.pnpm/babel-loader@10.1.1_@babel+core@7.29.7_@rspack+core@..+.codex+worktrees+a77f+rspack+packages+rspack/node_modules/babel-loader/lib/index.js??ruleSet[1].rules[0].use[0]!/data00/home/jinzhixin/projects/rspack-bench/results/noop-loader-2026-09-11T04-04-10-528Z-15/fixture/module-03077.js',
+     moduleName: './module-03077.js'
+   },
+   {
+     code: 'ModuleBuildError',
+     message: '  × Module build failed (from ../../../node_modules/.pnpm/babel-loader@10.1.1_@babel+core@7.29.7_@rspack+core@..+.codex+worktrees+a77f+rspack+packages+rspack/node_modules/babel-loader/lib/index.js):\n' +
+       '  ╰─▶   × Error: The original reference that WeakReference<rspack_binding_api::compilation::JsCompilation> is pointing to is dropped\n' +
+       '        │     at file:///data00/home/jinzhixin/.codex/worktrees/a77f/rspack/packages/rspack/dist/worker.js:3902:69\n' +
+       '        │     at runWorkerLoop (file:///data00/home/jinzhixin/.codex/worktrees/a77f/rspack/packages/rspack/dist/worker.js:3906:18)\n' +
+       '      \n',
+     moduleIdentifier: '/data00/home/jinzhixin/projects/rspack-bench/node_modules/.pnpm/babel-loader@10.1.1_@babel+core@7.29.7_@rspack+core@..+.codex+worktrees+a77f+rspack+packages+rspack/node_modules/babel-loader/lib/index.js??ruleSet[1].rules[0].use[0]!/data00/home/jinzhixin/projects/rspack-bench/results/noop-loader-2026-09-11T04-04-10-528Z-15/fixture/module-03080.js',
+     moduleName: './module-03080.js'
+   },
+   {
+     code: 'ModuleBuildError',
+     message: '  × Module build failed (from ../../../node_modules/.pnpm/babel-loader@10.1.1_@babel+core@7.29.7_@rspack+core@..+.codex+worktrees+a77f+rspack+packages+rspack/node_modules/babel-loader/lib/index.js):\n' +
+       '  ╰─▶   × Error: The original reference that WeakReference<rspack_binding_api::compilation::JsCompilation> is pointing to is dropped\n' +
+       '        │     at file:///data00/home/jinzhixin/.codex/worktrees/a77f/rspack/packages/rspack/dist/worker.js:3902:69\n' +
+       '        │     at runWorkerLoop (file:///data00/home/jinzhixin/.codex/worktrees/a77f/rspack/packages/rspack/dist/worker.js:3906:18)\n' +
+       '      \n',
+     moduleIdentifier: '/data00/home/jinzhixin/projects/rspack-bench/node_modules/.pnpm/babel-loader@10.1.1_@babel+core@7.29.7_@rspack+core@..+.codex+worktrees+a77f+rspack+packages+rspack/node_modules/babel-loader/lib/index.js??ruleSet[1].rules[0].use[0]!/data00/home/jinzhixin/projects/rspack-bench/results/noop-loader-2026-09-11T04-04-10-528Z-15/fixture/module-03266.js',
+     moduleName: './module-03266.js'
+   },
+   {
+     code: 'ModuleBuildError',
+     message: '  × Module build failed (from ../../../node_modules/.pnpm/babel-loader@10.1.1_@babel+core@7.29.7_@rspack+core@..+.codex+worktrees+a77f+rspack+packages+rspack/node_modules/babel-loader/lib/index.js):\n' +
+       '  ╰─▶   × Error: The original reference that WeakReference<rspack_binding_api::compilation::JsCompilation> is pointing to is dropped\n' +
+       '        │     at file:///data00/home/jinzhixin/.codex/worktrees/a77f/rspack/packages/rspack/dist/worker.js:3902:69\n' +
+       '        │     at runWorkerLoop (file:///data00/home/jinzhixin/.codex/worktrees/a77f/rspack/packages/rspack/dist/worker.js:3906:18)\n' +
+       '      \n',
+     moduleIdentifier: '/data00/home/jinzhixin/projects/rspack-bench/node_modules/.pnpm/babel-loader@10.1.1_@babel+core@7.29.7_@rspack+core@..+.codex+worktrees+a77f+rspack+packages+rspack/node_modules/babel-loader/lib/index.js??ruleSet[1].rules[0].use[0]!/data00/home/jinzhixin/projects/rspack-bench/results/noop-loader-2026-09-11T04-04-10-528Z-15/fixture/module-03270.js',
+     moduleName: './module-03270.js'
+   },
+   {
+     code: 'ModuleBuildError',
+     message: '  × Module build failed (from ../../../node_modules/.pnpm/babel-loader@10.1.1_@babel+core@7.29.7_@rspack+core@..+.codex+worktrees+a77f+rspack+packages+rspack/node_modules/babel-loader/lib/index.js):\n' +
+       '  ╰─▶   × Error: The original reference that WeakReference<rspack_binding_api::compilation::JsCompilation> is pointing to is dropped\n' +
+       '        │     at file:///data00/home/jinzhixin/.codex/worktrees/a77f/rspack/packages/rspack/dist/worker.js:3902:69\n' +
+       '        │     at runWorkerLoop (file:///data00/home/jinzhixin/.codex/worktrees/a77f/rspack/packages/rspack/dist/worker.js:3906:18)\n' +
+       '      \n',
+     moduleIdentifier: '/data00/home/jinzhixin/projects/rspack-bench/node_modules/.pnpm/babel-loader@10.1.1_@babel+core@7.29.7_@rspack+core@..+.codex+worktrees+a77f+rspack+packages+rspack/node_modules/babel-loader/lib/index.js??ruleSet[1].rules[0].use[0]!/data00/home/jinzhixin/projects/rspack-bench/results/noop-loader-2026-09-11T04-04-10-528Z-15/fixture/module-03271.js',
+     moduleName: './module-03271.js'
+   },
+   {
+     code: 'ModuleBuildError',
+     message: '  × Module build failed (from ../../../node_modules/.pnpm/babel-loader@10.1.1_@babel+core@7.29.7_@rspack+core@..+.codex+worktrees+a77f+rspack+packages+rspack/node_modules/babel-loader/lib/index.js):\n' +
+       '  ╰─▶   × Error: The original reference that WeakReference<rspack_binding_api::compilation::JsCompilation> is pointing to is dropped\n' +
+       '        │     at file:///data00/home/jinzhixin/.codex/worktrees/a77f/rspack/packages/rspack/dist/worker.js:3902:69\n' +
+       '        │     at runWorkerLoop (file:///data00/home/jinzhixin/.codex/worktrees/a77f/rspack/packages/rspack/dist/worker.js:3906:18)\n' +
+       '      \n',
+     moduleIdentifier: '/data00/home/jinzhixin/projects/rspack-bench/node_modules/.pnpm/babel-loader@10.1.1_@babel+core@7.29.7_@rspack+core@..+.codex+worktrees+a77f+rspack+packages+rspack/node_modules/babel-loader/lib/index.js??ruleSet[1].rules[0].use[0]!/data00/home/jinzhixin/projects/rspack-bench/results/noop-loader-2026-09-11T04-04-10-528Z-15/fixture/module-03294.js',
+     moduleName: './module-03294.js'
+   },
+   {
+     code: 'ModuleBuildError',
+     message: '  × Module build failed (from ../../../node_modules/.pnpm/babel-loader@10.1.1_@babel+core@7.29.7_@rspack+core@..+.codex+worktrees+a77f+rspack+packages+rspack/node_modules/babel-loader/lib/index.js):\n' +
+       '  ╰─▶   × Error: The original reference that WeakReference<rspack_binding_api::compilation::JsCompilation> is pointing to is dropped\n' +
+       '        │     at file:///data00/home/jinzhixin/.codex/worktrees/a77f/rspack/packages/rspack/dist/worker.js:3902:69\n' +
+       '        │     at runWorkerLoop (file:///data00/home/jinzhixin/.codex/worktrees/a77f/rspack/packages/rspack/dist/worker.js:3906:18)\n' +
+       '      \n',
+     moduleIdentifier: '/data00/home/jinzhixin/projects/rspack-bench/node_modules/.pnpm/babel-loader@10.1.1_@babel+core@7.29.7_@rspack+core@..+.codex+worktrees+a77f+rspack+packages+rspack/node_modules/babel-loader/lib/index.js??ruleSet[1].rules[0].use[0]!/data00/home/jinzhixin/projects/rspack-bench/results/noop-loader-2026-09-11T04-04-10-528Z-15/fixture/module-03308.js',
+     moduleName: './module-03308.js'
+   },
+   {
+     code: 'ModuleBuildError',
+     message: '  × Module build failed (from ../../../node_modules/.pnpm/babel-loader@10.1.1_@babel+core@7.29.7_@rspack+core@..+.codex+worktrees+a77f+rspack+packages+rspack/node_modules/babel-loader/lib/index.js):\n' +
+       '  ╰─▶   × Error: The original reference that WeakReference<rspack_binding_api::compilation::JsCompilation> is pointing to is dropped\n' +
+       '        │     at file:///data00/home/jinzhixin/.codex/worktrees/a77f/rspack/packages/rspack/dist/worker.js:3902:69\n' +
+       '        │     at runWorkerLoop (file:///data00/home/jinzhixin/.codex/worktrees/a77f/rspack/packages/rspack/dist/worker.js:3906:18)\n' +
+       '      \n',
+     moduleIdentifier: '/data00/home/jinzhixin/projects/rspack-bench/node_modules/.pnpm/babel-loader@10.1.1_@babel+core@7.29.7_@rspack+core@..+.codex+worktrees+a77f+rspack+packages+rspack/node_modules/babel-loader/lib/index.js??ruleSet[1].rules[0].use[0]!/data00/home/jinzhixin/projects/rspack-bench/results/noop-loader-2026-09-11T04-04-10-528Z-15/fixture/module-03310.js',
+     moduleName: './module-03310.js'
+   },
+   {
+     code: 'ModuleBuildError',
+     message: '  × Module build failed (from ../../../node_modules/.pnpm/babel-loader@10.1.1_@babel+core@7.29.7_@rspack+core@..+.codex+worktrees+a77f+rspack+packages+rspack/node_modules/babel-loader/lib/index.js):\n' +
+       '  ╰─▶   × Error: The original reference that WeakReference<rspack_binding_api::compilation::JsCompilation> is pointing to is dropped\n' +
+       '        │     at file:///data00/home/jinzhixin/.codex/worktrees/a77f/rspack/packages/rspack/dist/worker.js:3902:69\n' +
+       '        │     at runWorkerLoop (file:///data00/home/jinzhixin/.codex/worktrees/a77f/rspack/packages/rspack/dist/worker.js:3906:18)\n' +
+       '      \n',
+     moduleIdentifier: '/data00/home/jinzhixin/projects/rspack-bench/node_modules/.pnpm/babel-loader@10.1.1_@babel+core@7.29.7_@rspack+core@..+.codex+worktrees+a77f+rspack+packages+rspack/node_modules/babel-loader/lib/index.js??ruleSet[1].rules[0].use[0]!/data00/home/jinzhixin/projects/rspack-bench/results/noop-loader-2026-09-11T04-04-10-528Z-15/fixture/module-03328.js',
+     moduleName: './module-03328.js'
+   },
+   {
+     code: 'ModuleBuildError',
+     message: '  × Module build failed (from ../../../node_modules/.pnpm/babel-loader@10.1.1_@babel+core@7.29.7_@rspack+core@..+.codex+worktrees+a77f+rspack+packages+rspack/node_modules/babel-loader/lib/index.js):\n' +
+       '  ╰─▶   × Error: The original reference that WeakReference<rspack_binding_api::compilation::JsCompilation> is pointing to is dropped\n' +
+       '        │     at file:///data00/home/jinzhixin/.codex/worktrees/a77f/rspack/packages/rspack/dist/worker.js:3902:69\n' +
+       '        │     at runWorkerLoop (file:///data00/home/jinzhixin/.codex/worktrees/a77f/rspack/packages/rspack/dist/worker.js:3906:18)\n' +
+       '      \n',
+     moduleIdentifier: '/data00/home/jinzhixin/projects/rspack-bench/node_modules/.pnpm/babel-loader@10.1.1_@babel+core@7.29.7_@rspack+core@..+.codex+worktrees+a77f+rspack+packages+rspack/node_modules/babel-loader/lib/index.js??ruleSet[1].rules[0].use[0]!/data00/home/jinzhixin/projects/rspack-bench/results/noop-loader-2026-09-11T04-04-10-528Z-15/fixture/module-03421.js',
+     moduleName: './module-03421.js'
+   },
+   {
+     code: 'ModuleBuildError',
+     message: '  × Module build failed (from ../../../node_modules/.pnpm/babel-loader@10.1.1_@babel+core@7.29.7_@rspack+core@..+.codex+worktrees+a77f+rspack+packages+rspack/node_modules/babel-loader/lib/index.js):\n' +
+       '  ╰─▶   × Error: The original reference that WeakReference<rspack_binding_api::compilation::JsCompilation> is pointing to is dropped\n' +
+       '        │     at file:///data00/home/jinzhixin/.codex/worktrees/a77f/rspack/packages/rspack/dist/worker.js:3902:69\n' +
+       '        │     at runWorkerLoop (file:///data00/home/jinzhixin/.codex/worktrees/a77f/rspack/packages/rspack/dist/worker.js:3906:18)\n' +
+       '      \n',
+     moduleIdentifier: '/data00/home/jinzhixin/projects/rspack-bench/node_modules/.pnpm/babel-loader@10.1.1_@babel+core@7.29.7_@rspack+core@..+.codex+worktrees+a77f+rspack+packages+rspack/node_modules/babel-loader/lib/index.js??ruleSet[1].rules[0].use[0]!/data00/home/jinzhixin/projects/rspack-bench/results/noop-loader-2026-09-11T04-04-10-528Z-15/fixture/module-03427.js',
+     moduleName: './module-03427.js'
+   },
+   {
+     code: 'ModuleBuildError',
+     message: '  × Module build failed (from ../../../node_modules/.pnpm/babel-loader@10.1.1_@babel+core@7.29.7_@rspack+core@..+.codex+worktrees+a77f+rspack+packages+rspack/node_modules/babel-loader/lib/index.js):\n' +
+       '  ╰─▶   × Error: The original reference that WeakReference<rspack_binding_api::compilation::JsCompilation> is pointing to is dropped\n' +
+       '        │     at file:///data00/home/jinzhixin/.codex/worktrees/a77f/rspack/packages/rspack/dist/worker.js:3902:69\n' +
+       '        │     at runWorkerLoop (file:///data00/home/jinzhixin/.codex/worktrees/a77f/rspack/packages/rspack/dist/worker.js:3906:18)\n' +
+       '      \n',
+     moduleIdentifier: '/data00/home/jinzhixin/projects/rspack-bench/node_modules/.pnpm/babel-loader@10.1.1_@babel+core@7.29.7_@rspack+core@..+.codex+worktrees+a77f+rspack+packages+rspack/node_modules/babel-loader/lib/index.js??ruleSet[1].rules[0].use[0]!/data00/home/jinzhixin/projects/rspack-bench/results/noop-loader-2026-09-11T04-04-10-528Z-15/fixture/module-03432.js',
+     moduleName: './module-03432.js'
+   },
+   {
+     code: 'ModuleBuildError',
+     message: '  × Module build failed (from ../../../node_modules/.pnpm/babel-loader@10.1.1_@babel+core@7.29.7_@rspack+core@..+.codex+worktrees+a77f+rspack+packages+rspack/node_modules/babel-loader/lib/index.js):\n' +
+       '  ╰─▶   × Error: The original reference that WeakReference<rspack_binding_api::compilation::JsCompilation> is pointing to is dropped\n' +
+       '        │     at file:///data00/home/jinzhixin/.codex/worktrees/a77f/rspack/packages/rspack/dist/worker.js:3902:69\n' +
+       '        │     at runWorkerLoop (file:///data00/home/jinzhixin/.codex/worktrees/a77f/rspack/packages/rspack/dist/worker.js:3906:18)\n' +
+       '      \n',
+     moduleIdentifier: '/data00/home/jinzhixin/projects/rspack-bench/node_modules/.pnpm/babel-loader@10.1.1_@babel+core@7.29.7_@rspack+core@..+.codex+worktrees+a77f+rspack+packages+rspack/node_modules/babel-loader/lib/index.js??ruleSet[1].rules[0].use[0]!/data00/home/jinzhixin/projects/rspack-bench/results/noop-loader-2026-09-11T04-04-10-528Z-15/fixture/module-03508.js',
+     moduleName: './module-03508.js'
+   },
+   {
+     code: 'ModuleBuildError',
+     message: '  × Module build failed (from ../../../node_modules/.pnpm/babel-loader@10.1.1_@babel+core@7.29.7_@rspack+core@..+.codex+worktrees+a77f+rspack+packages+rspack/node_modules/babel-loader/lib/index.js):\n' +
+       '  ╰─▶   × Error: The original reference that WeakReference<rspack_binding_api::compilation::JsCompilation> is pointing to is dropped\n' +
+       '        │     at file:///data00/home/jinzhixin/.codex/worktrees/a77f/rspack/packages/rspack/dist/worker.js:3902:69\n' +
+       '        │     at runWorkerLoop (file:///data00/home/jinzhixin/.codex/worktrees/a77f/rspack/packages/rspack/dist/worker.js:3906:18)\n' +
+       '      \n',
+     moduleIdentifier: '/data00/home/jinzhixin/projects/rspack-bench/node_modules/.pnpm/babel-loader@10.1.1_@babel+core@7.29.7_@rspack+core@..+.codex+worktrees+a77f+rspack+packages+rspack/node_modules/babel-loader/lib/index.js??ruleSet[1].rules[0].use[0]!/data00/home/jinzhixin/projects/rspack-bench/results/noop-loader-2026-09-11T04-04-10-528Z-15/fixture/module-03515.js',
+     moduleName: './module-03515.js'
+   },
+   {
+     code: 'ModuleBuildError',
+     message: '  × Module build failed (from ../../../node_modules/.pnpm/babel-loader@10.1.1_@babel+core@7.29.7_@rspack+core@..+.codex+worktrees+a77f+rspack+packages+rspack/node_modules/babel-loader/lib/index.js):\n' +
+       '  ╰─▶   × Error: The original reference that WeakReference<rspack_binding_api::compilation::JsCompilation> is pointing to is dropped\n' +
+       '        │     at file:///data00/home/jinzhixin/.codex/worktrees/a77f/rspack/packages/rspack/dist/worker.js:3902:69\n' +
+       '        │     at runWorkerLoop (file:///data00/home/jinzhixin/.codex/worktrees/a77f/rspack/packages/rspack/dist/worker.js:3906:18)\n' +
+       '      \n',
+     moduleIdentifier: '/data00/home/jinzhixin/projects/rspack-bench/node_modules/.pnpm/babel-loader@10.1.1_@babel+core@7.29.7_@rspack+core@..+.codex+worktrees+a77f+rspack+packages+rspack/node_modules/babel-loader/lib/index.js??ruleSet[1].rules[0].use[0]!/data00/home/jinzhixin/projects/rspack-bench/results/noop-loader-2026-09-11T04-04-10-528Z-15/fixture/module-03523.js',
+     moduleName: './module-03523.js'
+   },
+   {
+     code: 'ModuleBuildError',
+     message: '  × Module build failed (from ../../../node_modules/.pnpm/babel-loader@10.1.1_@babel+core@7.29.7_@rspack+core@..+.codex+worktrees+a77f+rspack+packages+rspack/node_modules/babel-loader/lib/index.js):\n' +
+       '  ╰─▶   × Error: The original reference that WeakReference<rspack_binding_api::compilation::JsCompilation> is pointing to is dropped\n' +
+       '        │     at file:///data00/home/jinzhixin/.codex/worktrees/a77f/rspack/packages/rspack/dist/worker.js:3902:69\n' +
+       '        │     at runWorkerLoop (file:///data00/home/jinzhixin/.codex/worktrees/a77f/rspack/packages/rspack/dist/worker.js:3906:18)\n' +
+       '      \n',
+     moduleIdentifier: '/data00/home/jinzhixin/projects/rspack-bench/node_modules/.pnpm/babel-loader@10.1.1_@babel+core@7.29.7_@rspack+core@..+.codex+worktrees+a77f+rspack+packages+rspack/node_modules/babel-loader/lib/index.js??ruleSet[1].rules[0].use[0]!/data00/home/jinzhixin/projects/rspack-bench/results/noop-loader-2026-09-11T04-04-10-528Z-15/fixture/module-03562.js',
+     moduleName: './module-03562.js'
+   },
+   {
+     code: 'ModuleBuildError',
+     message: '  × Module build failed (from ../../../node_modules/.pnpm/babel-loader@10.1.1_@babel+core@7.29.7_@rspack+core@..+.codex+worktrees+a77f+rspack+packages+rspack/node_modules/babel-loader/lib/index.js):\n' +
+       '  ╰─▶   × Error: The original reference that WeakReference<rspack_binding_api::compilation::JsCompilation> is pointing to is dropped\n' +
+       '        │     at file:///data00/home/jinzhixin/.codex/worktrees/a77f/rspack/packages/rspack/dist/worker.js:3902:69\n' +
+       '        │     at runWorkerLoop (file:///data00/home/jinzhixin/.codex/worktrees/a77f/rspack/packages/rspack/dist/worker.js:3906:18)\n' +
+       '      \n',
+     moduleIdentifier: '/data00/home/jinzhixin/projects/rspack-bench/node_modules/.pnpm/babel-loader@10.1.1_@babel+core@7.29.7_@rspack+core@..+.codex+worktrees+a77f+rspack+packages+rspack/node_modules/babel-loader/lib/index.js??ruleSet[1].rules[0].use[0]!/data00/home/jinzhixin/projects/rspack-bench/results/noop-loader-2026-09-11T04-04-10-528Z-15/fixture/module-03595.js',
+     moduleName: './module-03595.js'
+   },
+   {
+     code: 'ModuleBuildError',
+     message: '  × Module build failed (from ../../../node_modules/.pnpm/babel-loader@10.1.1_@babel+core@7.29.7_@rspack+core@..+.codex+worktrees+a77f+rspack+packages+rspack/node_modules/babel-loader/lib/index.js):\n' +
+       '  ╰─▶   × Error: The original reference that WeakReference<rspack_binding_api::compilation::JsCompilation> is pointing to is dropped\n' +
+       '        │     at file:///data00/home/jinzhixin/.codex/worktrees/a77f/rspack/packages/rspack/dist/worker.js:3902:69\n' +
+       '        │     at runWorkerLoop (file:///data00/home/jinzhixin/.codex/worktrees/a77f/rspack/packages/rspack/dist/worker.js:3906:18)\n' +
+       '      \n',
+     moduleIdentifier: '/data00/home/jinzhixin/projects/rspack-bench/node_modules/.pnpm/babel-loader@10.1.1_@babel+core@7.29.7_@rspack+core@..+.codex+worktrees+a77f+rspack+packages+rspack/node_modules/babel-loader/lib/index.js??ruleSet[1].rules[0].use[0]!/data00/home/jinzhixin/projects/rspack-bench/results/noop-loader-2026-09-11T04-04-10-528Z-15/fixture/module-03596.js',
+     moduleName: './module-03596.js'
+   },
+   {
+     code: 'ModuleBuildError',
+     message: '  × Module build failed (from ../../../node_modules/.pnpm/babel-loader@10.1.1_@babel+core@7.29.7_@rspack+core@..+.codex+worktrees+a77f+rspack+packages+rspack/node_modules/babel-loader/lib/index.js):\n' +
+       '  ╰─▶   × Error: The original reference that WeakReference<rspack_binding_api::compilation::JsCompilation> is pointing to is dropped\n' +
+       '        │     at file:///data00/home/jinzhixin/.codex/worktrees/a77f/rspack/packages/rspack/dist/worker.js:3902:69\n' +
+       '        │     at runWorkerLoop (file:///data00/home/jinzhixin/.codex/worktrees/a77f/rspack/packages/rspack/dist/worker.js:3906:18)\n' +
+       '      \n',
+     moduleIdentifier: '/data00/home/jinzhixin/projects/rspack-bench/node_modules/.pnpm/babel-loader@10.1.1_@babel+core@7.29.7_@rspack+core@..+.codex+worktrees+a77f+rspack+packages+rspack/node_modules/babel-loader/lib/index.js??ruleSet[1].rules[0].use[0]!/data00/home/jinzhixin/projects/rspack-bench/results/noop-loader-2026-09-11T04-04-10-528Z-15/fixture/module-03608.js',
+     moduleName: './module-03608.js'
+   },
+   {
+     code: 'ModuleBuildError',
+     message: '  × Module build failed (from ../../../node_modules/.pnpm/babel-loader@10.1.1_@babel+core@7.29.7_@rspack+core@..+.codex+worktrees+a77f+rspack+packages+rspack/node_modules/babel-loader/lib/index.js):\n' +
+       '  ╰─▶   × Error: The original reference that WeakReference<rspack_binding_api::compilation::JsCompilation> is pointing to is dropped\n' +
+       '        │     at file:///data00/home/jinzhixin/.codex/worktrees/a77f/rspack/packages/rspack/dist/worker.js:3902:69\n' +
+       '        │     at runWorkerLoop (file:///data00/home/jinzhixin/.codex/worktrees/a77f/rspack/packages/rspack/dist/worker.js:3906:18)\n' +
+       '      \n',
+     moduleIdentifier: '/data00/home/jinzhixin/projects/rspack-bench/node_modules/.pnpm/babel-loader@10.1.1_@babel+core@7.29.7_@rspack+core@..+.codex+worktrees+a77f+rspack+packages+rspack/node_modules/babel-loader/lib/index.js??ruleSet[1].rules[0].use[0]!/data00/home/jinzhixin/projects/rspack-bench/results/noop-loader-2026-09-11T04-04-10-528Z-15/fixture/module-03613.js',
+     moduleName: './module-03613.js'
+   },
+   {
+     code: 'ModuleBuildError',
+     message: '  × Module build failed (from ../../../node_modules/.pnpm/babel-loader@10.1.1_@babel+core@7.29.7_@rspack+core@..+.codex+worktrees+a77f+rspack+packages+rspack/node_modules/babel-loader/lib/index.js):\n' +
+       '  ╰─▶   × Error: The original reference that WeakReference<rspack_binding_api::compilation::JsCompilation> is pointing to is dropped\n' +
+       '        │     at file:///data00/home/jinzhixin/.codex/worktrees/a77f/rspack/packages/rspack/dist/worker.js:3902:69\n' +
+       '        │     at runWorkerLoop (file:///data00/home/jinzhixin/.codex/worktrees/a77f/rspack/packages/rspack/dist/worker.js:3906:18)\n' +
+       '      \n',
+     moduleIdentifier: '/data00/home/jinzhixin/projects/rspack-bench/node_modules/.pnpm/babel-loader@10.1.1_@babel+core@7.29.7_@rspack+core@..+.codex+worktrees+a77f+rspack+packages+rspack/node_modules/babel-loader/lib/index.js??ruleSet[1].rules[0].use[0]!/data00/home/jinzhixin/projects/rspack-bench/results/noop-loader-2026-09-11T04-04-10-528Z-15/fixture/module-03619.js',
+     moduleName: './module-03619.js'
+   },
+   {
+     code: 'ModuleBuildError',
+     message: '  × Module build failed (from ../../../node_modules/.pnpm/babel-loader@10.1.1_@babel+core@7.29.7_@rspack+core@..+.codex+worktrees+a77f+rspack+packages+rspack/node_modules/babel-loader/lib/index.js):\n' +
+       '  ╰─▶   × Error: The original reference that WeakReference<rspack_binding_api::compilation::JsCompilation> is pointing to is dropped\n' +
+       '        │     at file:///data00/home/jinzhixin/.codex/worktrees/a77f/rspack/packages/rspack/dist/worker.js:3902:69\n' +
+       '        │     at runWorkerLoop (file:///data00/home/jinzhixin/.codex/worktrees/a77f/rspack/packages/rspack/dist/worker.js:3906:18)\n' +
+       '      \n',
+     moduleIdentifier: '/data00/home/jinzhixin/projects/rspack-bench/node_modules/.pnpm/babel-loader@10.1.1_@babel+core@7.29.7_@rspack+core@..+.codex+worktrees+a77f+rspack+packages+rspack/node_modules/babel-loader/lib/index.js??ruleSet[1].rules[0].use[0]!/data00/home/jinzhixin/projects/rspack-bench/results/noop-loader-2026-09-11T04-04-10-528Z-15/fixture/module-03675.js',
+     moduleName: './module-03675.js'
+   },
+   {
+     code: 'ModuleBuildError',
+     message: '  × Module build failed (from ../../../node_modules/.pnpm/babel-loader@10.1.1_@babel+core@7.29.7_@rspack+core@..+.codex+worktrees+a77f+rspack+packages+rspack/node_modules/babel-loader/lib/index.js):\n' +
+       '  ╰─▶   × Error: The original reference that WeakReference<rspack_binding_api::compilation::JsCompilation> is pointing to is dropped\n' +
+       '        │     at file:///data00/home/jinzhixin/.codex/worktrees/a77f/rspack/packages/rspack/dist/worker.js:3902:69\n' +
+       '        │     at runWorkerLoop (file:///data00/home/jinzhixin/.codex/worktrees/a77f/rspack/packages/rspack/dist/worker.js:3906:18)\n' +
+       '      \n',
+     moduleIdentifier: '/data00/home/jinzhixin/projects/rspack-bench/node_modules/.pnpm/babel-loader@10.1.1_@babel+core@7.29.7_@rspack+core@..+.codex+worktrees+a77f+rspack+packages+rspack/node_modules/babel-loader/lib/index.js??ruleSet[1].rules[0].use[0]!/data00/home/jinzhixin/projects/rspack-bench/results/noop-loader-2026-09-11T04-04-10-528Z-15/fixture/module-03701.js',
+     moduleName: './module-03701.js'
+   },
+   {
+     code: 'ModuleBuildError',
+     message: '  × Module build failed (from ../../../node_modules/.pnpm/babel-loader@10.1.1_@babel+core@7.29.7_@rspack+core@..+.codex+worktrees+a77f+rspack+packages+rspack/node_modules/babel-loader/lib/index.js):\n' +
+       '  ╰─▶   × Error: The original reference that WeakReference<rspack_binding_api::compilation::JsCompilation> is pointing to is dropped\n' +
+       '        │     at file:///data00/home/jinzhixin/.codex/worktrees/a77f/rspack/packages/rspack/dist/worker.js:3902:69\n' +
+       '        │     at runWorkerLoop (file:///data00/home/jinzhixin/.codex/worktrees/a77f/rspack/packages/rspack/dist/worker.js:3906:18)\n' +
+       '      \n',
+     moduleIdentifier: '/data00/home/jinzhixin/projects/rspack-bench/node_modules/.pnpm/babel-loader@10.1.1_@babel+core@7.29.7_@rspack+core@..+.codex+worktrees+a77f+rspack+packages+rspack/node_modules/babel-loader/lib/index.js??ruleSet[1].rules[0].use[0]!/data00/home/jinzhixin/projects/rspack-bench/results/noop-loader-2026-09-11T04-04-10-528Z-15/fixture/module-03710.js',
+     moduleName: './module-03710.js'
+   },
+   {
+     code: 'ModuleBuildError',
+     message: '  × Module build failed (from ../../../node_modules/.pnpm/babel-loader@10.1.1_@babel+core@7.29.7_@rspack+core@..+.codex+worktrees+a77f+rspack+packages+rspack/node_modules/babel-loader/lib/index.js):\n' +
+       '  ╰─▶   × Error: The original reference that WeakReference<rspack_binding_api::compilation::JsCompilation> is pointing to is dropped\n' +
+       '        │     at file:///data00/home/jinzhixin/.codex/worktrees/a77f/rspack/packages/rspack/dist/worker.js:3902:69\n' +
+       '        │     at runWorkerLoop (file:///data00/home/jinzhixin/.codex/worktrees/a77f/rspack/packages/rspack/dist/worker.js:3906:18)\n' +
+       '      \n',
+     moduleIdentifier: '/data00/home/jinzhixin/projects/rspack-bench/node_modules/.pnpm/babel-loader@10.1.1_@babel+core@7.29.7_@rspack+core@..+.codex+worktrees+a77f+rspack+packages+rspack/node_modules/babel-loader/lib/index.js??ruleSet[1].rules[0].use[0]!/data00/home/jinzhixin/projects/rspack-bench/results/noop-loader-2026-09-11T04-04-10-528Z-15/fixture/module-03745.js',
+     moduleName: './module-03745.js'
+   },
+   {
+     code: 'ModuleBuildError',
+     message: '  × Module build failed (from ../../../node_modules/.pnpm/babel-loader@10.1.1_@babel+core@7.29.7_@rspack+core@..+.codex+worktrees+a77f+rspack+packages+rspack/node_modules/babel-loader/lib/index.js):\n' +
+       '  ╰─▶   × Error: The original reference that WeakReference<rspack_binding_api::compilation::JsCompilation> is pointing to is dropped\n' +
+       '        │     at file:///data00/home/jinzhixin/.codex/worktrees/a77f/rspack/packages/rspack/dist/worker.js:3902:69\n' +
+       '        │     at runWorkerLoop (file:///data00/home/jinzhixin/.codex/worktrees/a77f/rspack/packages/rspack/dist/worker.js:3906:18)\n' +
+       '      \n',
+     moduleIdentifier: '/data00/home/jinzhixin/projects/rspack-bench/node_modules/.pnpm/babel-loader@10.1.1_@babel+core@7.29.7_@rspack+core@..+.codex+worktrees+a77f+rspack+packages+rspack/node_modules/babel-loader/lib/index.js??ruleSet[1].rules[0].use[0]!/data00/home/jinzhixin/projects/rspack-bench/results/noop-loader-2026-09-11T04-04-10-528Z-15/fixture/module-03746.js',
+     moduleName: './module-03746.js'
+   },
+   {
+     code: 'ModuleBuildError',
+     message: '  × Module build failed (from ../../../node_modules/.pnpm/babel-loader@10.1.1_@babel+core@7.29.7_@rspack+core@..+.codex+worktrees+a77f+rspack+packages+rspack/node_modules/babel-loader/lib/index.js):\n' +
+       '  ╰─▶   × Error: The original reference that WeakReference<rspack_binding_api::compilation::JsCompilation> is pointing to is dropped\n' +
+       '        │     at file:///data00/home/jinzhixin/.codex/worktrees/a77f/rspack/packages/rspack/dist/worker.js:3902:69\n' +
+       '        │     at runWorkerLoop (file:///data00/home/jinzhixin/.codex/worktrees/a77f/rspack/packages/rspack/dist/worker.js:3906:18)\n' +
+       '      \n',
+     moduleIdentifier: '/data00/home/jinzhixin/projects/rspack-bench/node_modules/.pnpm/babel-loader@10.1.1_@babel+core@7.29.7_@rspack+core@..+.codex+worktrees+a77f+rspack+packages+rspack/node_modules/babel-loader/lib/index.js??ruleSet[1].rules[0].use[0]!/data00/home/jinzhixin/projects/rspack-bench/results/noop-loader-2026-09-11T04-04-10-528Z-15/fixture/module-03749.js',
+     moduleName: './module-03749.js'
+   },
+   {
+     code: 'ModuleBuildError',
+     message: '  × Module build failed (from ../../../node_modules/.pnpm/babel-loader@10.1.1_@babel+core@7.29.7_@rspack+core@..+.codex+worktrees+a77f+rspack+packages+rspack/node_modules/babel-loader/lib/index.js):\n' +
+       '  ╰─▶   × Error: The original reference that WeakReference<rspack_binding_api::compilation::JsCompilation> is pointing to is dropped\n' +
+       '        │     at file:///data00/home/jinzhixin/.codex/worktrees/a77f/rspack/packages/rspack/dist/worker.js:3902:69\n' +
+       '        │     at runWorkerLoop (file:///data00/home/jinzhixin/.codex/worktrees/a77f/rspack/packages/rspack/dist/worker.js:3906:18)\n' +
+       '      \n',
+     moduleIdentifier: '/data00/home/jinzhixin/projects/rspack-bench/node_modules/.pnpm/babel-loader@10.1.1_@babel+core@7.29.7_@rspack+core@..+.codex+worktrees+a77f+rspack+packages+rspack/node_modules/babel-loader/lib/index.js??ruleSet[1].rules[0].use[0]!/data00/home/jinzhixin/projects/rspack-bench/results/noop-loader-2026-09-11T04-04-10-528Z-15/fixture/module-03752.js',
+     moduleName: './module-03752.js'
+   },
+   {
+     code: 'ModuleBuildError',
+     message: '  × Module build failed (from ../../../node_modules/.pnpm/babel-loader@10.1.1_@babel+core@7.29.7_@rspack+core@..+.codex+worktrees+a77f+rspack+packages+rspack/node_modules/babel-loader/lib/index.js):\n' +
+       '  ╰─▶   × Error: The original reference that WeakReference<rspack_binding_api::compilation::JsCompilation> is pointing to is dropped\n' +
+       '        │     at file:///data00/home/jinzhixin/.codex/worktrees/a77f/rspack/packages/rspack/dist/worker.js:3902:69\n' +
+       '        │     at runWorkerLoop (file:///data00/home/jinzhixin/.codex/worktrees/a77f/rspack/packages/rspack/dist/worker.js:3906:18)\n' +
+       '      \n',
+     moduleIdentifier: '/data00/home/jinzhixin/projects/rspack-bench/node_modules/.pnpm/babel-loader@10.1.1_@babel+core@7.29.7_@rspack+core@..+.codex+worktrees+a77f+rspack+packages+rspack/node_modules/babel-loader/lib/index.js??ruleSet[1].rules[0].use[0]!/data00/home/jinzhixin/projects/rspack-bench/results/noop-loader-2026-09-11T04-04-10-528Z-15/fixture/module-03754.js',
+     moduleName: './module-03754.js'
+   },
+   {
+     code: 'ModuleBuildError',
+     message: '  × Module build failed (from ../../../node_modules/.pnpm/babel-loader@10.1.1_@babel+core@7.29.7_@rspack+core@..+.codex+worktrees+a77f+rspack+packages+rspack/node_modules/babel-loader/lib/index.js):\n' +
+       '  ╰─▶   × Error: The original reference that WeakReference<rspack_binding_api::compilation::JsCompilation> is pointing to is dropped\n' +
+       '        │     at file:///data00/home/jinzhixin/.codex/worktrees/a77f/rspack/packages/rspack/dist/worker.js:3902:69\n' +
+       '        │     at runWorkerLoop (file:///data00/home/jinzhixin/.codex/worktrees/a77f/rspack/packages/rspack/dist/worker.js:3906:18)\n' +
+       '      \n',
+     moduleIdentifier: '/data00/home/jinzhixin/projects/rspack-bench/node_modules/.pnpm/babel-loader@10.1.1_@babel+core@7.29.7_@rspack+core@..+.codex+worktrees+a77f+rspack+packages+rspack/node_modules/babel-loader/lib/index.js??ruleSet[1].rules[0].use[0]!/data00/home/jinzhixin/projects/rspack-bench/results/noop-loader-2026-09-11T04-04-10-528Z-15/fixture/module-03758.js',
+     moduleName: './module-03758.js'
+   },
+   {
+     code: 'ModuleBuildError',
+     message: '  × Module build failed (from ../../../node_modules/.pnpm/babel-loader@10.1.1_@babel+core@7.29.7_@rspack+core@..+.codex+worktrees+a77f+rspack+packages+rspack/node_modules/babel-loader/lib/index.js):\n' +
+       '  ╰─▶   × Error: The original reference that WeakReference<rspack_binding_api::compilation::JsCompilation> is pointing to is dropped\n' +
+       '        │     at file:///data00/home/jinzhixin/.codex/worktrees/a77f/rspack/packages/rspack/dist/worker.js:3902:69\n' +
+       '        │     at runWorkerLoop (file:///data00/home/jinzhixin/.codex/worktrees/a77f/rspack/packages/rspack/dist/worker.js:3906:18)\n' +
+       '      \n',
+     moduleIdentifier: '/data00/home/jinzhixin/projects/rspack-bench/node_modules/.pnpm/babel-loader@10.1.1_@babel+core@7.29.7_@rspack+core@..+.codex+worktrees+a77f+rspack+packages+rspack/node_modules/babel-loader/lib/index.js??ruleSet[1].rules[0].use[0]!/data00/home/jinzhixin/projects/rspack-bench/results/noop-loader-2026-09-11T04-04-10-528Z-15/fixture/module-03769.js',
+     moduleName: './module-03769.js'
+   },
+   {
+     code: 'ModuleBuildError',
+     message: '  × Module build failed (from ../../../node_modules/.pnpm/babel-loader@10.1.1_@babel+core@7.29.7_@rspack+core@..+.codex+worktrees+a77f+rspack+packages+rspack/node_modules/babel-loader/lib/index.js):\n' +
+       '  ╰─▶   × Error: The original reference that WeakReference<rspack_binding_api::compilation::JsCompilation> is pointing to is dropped\n' +
+       '        │     at file:///data00/home/jinzhixin/.codex/worktrees/a77f/rspack/packages/rspack/dist/worker.js:3902:69\n' +
+       '        │     at runWorkerLoop (file:///data00/home/jinzhixin/.codex/worktrees/a77f/rspack/packages/rspack/dist/worker.js:3906:18)\n' +
+       '      \n',
+     moduleIdentifier: '/data00/home/jinzhixin/projects/rspack-bench/node_modules/.pnpm/babel-loader@10.1.1_@babel+core@7.29.7_@rspack+core@..+.codex+worktrees+a77f+rspack+packages+rspack/node_modules/babel-loader/lib/index.js??ruleSet[1].rules[0].use[0]!/data00/home/jinzhixin/projects/rspack-bench/results/noop-loader-2026-09-11T04-04-10-528Z-15/fixture/module-03771.js',
+     moduleName: './module-03771.js'
+   },
+   {
+     code: 'ModuleBuildError',
+     message: '  × Module build failed (from ../../../node_modules/.pnpm/babel-loader@10.1.1_@babel+core@7.29.7_@rspack+core@..+.codex+worktrees+a77f+rspack+packages+rspack/node_modules/babel-loader/lib/index.js):\n' +
+       '  ╰─▶   × Error: The original reference that WeakReference<rspack_binding_api::compilation::JsCompilation> is pointing to is dropped\n' +
+       '        │     at file:///data00/home/jinzhixin/.codex/worktrees/a77f/rspack/packages/rspack/dist/worker.js:3902:69\n' +
+       '        │     at runWorkerLoop (file:///data00/home/jinzhixin/.codex/worktrees/a77f/rspack/packages/rspack/dist/worker.js:3906:18)\n' +
+       '      \n',
+     moduleIdentifier: '/data00/home/jinzhixin/projects/rspack-bench/node_modules/.pnpm/babel-loader@10.1.1_@babel+core@7.29.7_@rspack+core@..+.codex+worktrees+a77f+rspack+packages+rspack/node_modules/babel-loader/lib/index.js??ruleSet[1].rules[0].use[0]!/data00/home/jinzhixin/projects/rspack-bench/results/noop-loader-2026-09-11T04-04-10-528Z-15/fixture/module-03772.js',
+     moduleName: './module-03772.js'
+   },
+   {
+     code: 'ModuleBuildError',
+     message: '  × Module build failed (from ../../../node_modules/.pnpm/babel-loader@10.1.1_@babel+core@7.29.7_@rspack+core@..+.codex+worktrees+a77f+rspack+packages+rspack/node_modules/babel-loader/lib/index.js):\n' +
+       '  ╰─▶   × Error: The original reference that WeakReference<rspack_binding_api::compilation::JsCompilation> is pointing to is dropped\n' +
+       '        │     at file:///data00/home/jinzhixin/.codex/worktrees/a77f/rspack/packages/rspack/dist/worker.js:3902:69\n' +
+       '        │     at runWorkerLoop (file:///data00/home/jinzhixin/.codex/worktrees/a77f/rspack/packages/rspack/dist/worker.js:3906:18)\n' +
+       '      \n',
+     moduleIdentifier: '/data00/home/jinzhixin/projects/rspack-bench/node_modules/.pnpm/babel-loader@10.1.1_@babel+core@7.29.7_@rspack+core@..+.codex+worktrees+a77f+rspack+packages+rspack/node_modules/babel-loader/lib/index.js??ruleSet[1].rules[0].use[0]!/data00/home/jinzhixin/projects/rspack-bench/results/noop-loader-2026-09-11T04-04-10-528Z-15/fixture/module-03788.js',
+     moduleName: './module-03788.js'
+   },
+   {
+     code: 'ModuleBuildError',
+     message: '  × Module build failed (from ../../../node_modules/.pnpm/babel-loader@10.1.1_@babel+core@7.29.7_@rspack+core@..+.codex+worktrees+a77f+rspack+packages+rspack/node_modules/babel-loader/lib/index.js):\n' +
+       '  ╰─▶   × Error: The original reference that WeakReference<rspack_binding_api::compilation::JsCompilation> is pointing to is dropped\n' +
+       '        │     at file:///data00/home/jinzhixin/.codex/worktrees/a77f/rspack/packages/rspack/dist/worker.js:3902:69\n' +
+       '        │     at runWorkerLoop (file:///data00/home/jinzhixin/.codex/worktrees/a77f/rspack/packages/rspack/dist/worker.js:3906:18)\n' +
+       '      \n',
+     moduleIdentifier: '/data00/home/jinzhixin/projects/rspack-bench/node_modules/.pnpm/babel-loader@10.1.1_@babel+core@7.29.7_@rspack+core@..+.codex+worktrees+a77f+rspack+packages+rspack/node_modules/babel-loader/lib/index.js??ruleSet[1].rules[0].use[0]!/data00/home/jinzhixin/projects/rspack-bench/results/noop-loader-2026-09-11T04-04-10-528Z-15/fixture/module-03793.js',
+     moduleName: './module-03793.js'
+   },
+   {
+     code: 'ModuleBuildError',
+     message: '  × Module build failed (from ../../../node_modules/.pnpm/babel-loader@10.1.1_@babel+core@7.29.7_@rspack+core@..+.codex+worktrees+a77f+rspack+packages+rspack/node_modules/babel-loader/lib/index.js):\n' +
+       '  ╰─▶   × Error: The original reference that WeakReference<rspack_binding_api::compilation::JsCompilation> is pointing to is dropped\n' +
+       '        │     at file:///data00/home/jinzhixin/.codex/worktrees/a77f/rspack/packages/rspack/dist/worker.js:3902:69\n' +
+       '        │     at runWorkerLoop (file:///data00/home/jinzhixin/.codex/worktrees/a77f/rspack/packages/rspack/dist/worker.js:3906:18)\n' +
+       '      \n',
+     moduleIdentifier: '/data00/home/jinzhixin/projects/rspack-bench/node_modules/.pnpm/babel-loader@10.1.1_@babel+core@7.29.7_@rspack+core@..+.codex+worktrees+a77f+rspack+packages+rspack/node_modules/babel-loader/lib/index.js??ruleSet[1].rules[0].use[0]!/data00/home/jinzhixin/projects/rspack-bench/results/noop-loader-2026-09-11T04-04-10-528Z-15/fixture/module-03915.js',
+     moduleName: './module-03915.js'
+   },
+   {
+     code: 'ModuleBuildError',
+     message: '  × Module build failed (from ../../../node_modules/.pnpm/babel-loader@10.1.1_@babel+core@7.29.7_@rspack+core@..+.codex+worktrees+a77f+rspack+packages+rspack/node_modules/babel-loader/lib/index.js):\n' +
+       '  ╰─▶   × Error: The original reference that WeakReference<rspack_binding_api::compilation::JsCompilation> is pointing to is dropped\n' +
+       '        │     at file:///data00/home/jinzhixin/.codex/worktrees/a77f/rspack/packages/rspack/dist/worker.js:3902:69\n' +
+       '        │     at runWorkerLoop (file:///data00/home/jinzhixin/.codex/worktrees/a77f/rspack/packages/rspack/dist/worker.js:3906:18)\n' +
+       '      \n',
+     moduleIdentifier: '/data00/home/jinzhixin/projects/rspack-bench/node_modules/.pnpm/babel-loader@10.1.1_@babel+core@7.29.7_@rspack+core@..+.codex+worktrees+a77f+rspack+packages+rspack/node_modules/babel-loader/lib/index.js??ruleSet[1].rules[0].use[0]!/data00/home/jinzhixin/projects/rspack-bench/results/noop-loader-2026-09-11T04-04-10-528Z-15/fixture/module-03924.js',
+     moduleName: './module-03924.js'
+   },
+   {
+     code: 'ModuleBuildError',
+     message: '  × Module build failed (from ../../../node_modules/.pnpm/babel-loader@10.1.1_@babel+core@7.29.7_@rspack+core@..+.codex+worktrees+a77f+rspack+packages+rspack/node_modules/babel-loader/lib/index.js):\n' +
+       '  ╰─▶   × Error: The original reference that WeakReference<rspack_binding_api::compilation::JsCompilation> is pointing to is dropped\n' +
+       '        │     at file:///data00/home/jinzhixin/.codex/worktrees/a77f/rspack/packages/rspack/dist/worker.js:3902:69\n' +
+       '        │     at runWorkerLoop (file:///data00/home/jinzhixin/.codex/worktrees/a77f/rspack/packages/rspack/dist/worker.js:3906:18)\n' +
+       '      \n',
+     moduleIdentifier: '/data00/home/jinzhixin/projects/rspack-bench/node_modules/.pnpm/babel-loader@10.1.1_@babel+core@7.29.7_@rspack+core@..+.codex+worktrees+a77f+rspack+packages+rspack/node_modules/babel-loader/lib/index.js??ruleSet[1].rules[0].use[0]!/data00/home/jinzhixin/projects/rspack-bench/results/noop-loader-2026-09-11T04-04-10-528Z-15/fixture/module-03938.js',
+     moduleName: './module-03938.js'
+   },
+   {
+     code: 'ModuleBuildError',
+     message: '  × Module build failed (from ../../../node_modules/.pnpm/babel-loader@10.1.1_@babel+core@7.29.7_@rspack+core@..+.codex+worktrees+a77f+rspack+packages+rspack/node_modules/babel-loader/lib/index.js):\n' +
+       '  ╰─▶   × Error: The original reference that WeakReference<rspack_binding_api::compilation::JsCompilation> is pointing to is dropped\n' +
+       '        │     at file:///data00/home/jinzhixin/.codex/worktrees/a77f/rspack/packages/rspack/dist/worker.js:3902:69\n' +
+       '        │     at runWorkerLoop (file:///data00/home/jinzhixin/.codex/worktrees/a77f/rspack/packages/rspack/dist/worker.js:3906:18)\n' +
+       '      \n',
+     moduleIdentifier: '/data00/home/jinzhixin/projects/rspack-bench/node_modules/.pnpm/babel-loader@10.1.1_@babel+core@7.29.7_@rspack+core@..+.codex+worktrees+a77f+rspack+packages+rspack/node_modules/babel-loader/lib/index.js??ruleSet[1].rules[0].use[0]!/data00/home/jinzhixin/projects/rspack-bench/results/noop-loader-2026-09-11T04-04-10-528Z-15/fixture/module-03948.js',
+     moduleName: './module-03948.js'
+   },
+   {
+     code: 'ModuleBuildError',
+     message: '  × Module build failed (from ../../../node_modules/.pnpm/babel-loader@10.1.1_@babel+core@7.29.7_@rspack+core@..+.codex+worktrees+a77f+rspack+packages+rspack/node_modules/babel-loader/lib/index.js):\n' +
+       '  ╰─▶   × Error: The original reference that WeakReference<rspack_binding_api::compilation::JsCompilation> is pointing to is dropped\n' +
+       '        │     at file:///data00/home/jinzhixin/.codex/worktrees/a77f/rspack/packages/rspack/dist/worker.js:3902:69\n' +
+       '        │     at runWorkerLoop (file:///data00/home/jinzhixin/.codex/worktrees/a77f/rspack/packages/rspack/dist/worker.js:3906:18)\n' +
+       '      \n',
+     moduleIdentifier: '/data00/home/jinzhixin/projects/rspack-bench/node_modules/.pnpm/babel-loader@10.1.1_@babel+core@7.29.7_@rspack+core@..+.codex+worktrees+a77f+rspack+packages+rspack/node_modules/babel-loader/lib/index.js??ruleSet[1].rules[0].use[0]!/data00/home/jinzhixin/projects/rspack-bench/results/noop-loader-2026-09-11T04-04-10-528Z-15/fixture/module-03954.js',
+     moduleName: './module-03954.js'
+   },
+   {
+     code: 'ModuleBuildError',
+     message: '  × Module build failed (from ../../../node_modules/.pnpm/babel-loader@10.1.1_@babel+core@7.29.7_@rspack+core@..+.codex+worktrees+a77f+rspack+packages+rspack/node_modules/babel-loader/lib/index.js):\n' +
+       '  ╰─▶   × Error: The original reference that WeakReference<rspack_binding_api::compilation::JsCompilation> is pointing to is dropped\n' +
+       '        │     at file:///data00/home/jinzhixin/.codex/worktrees/a77f/rspack/packages/rspack/dist/worker.js:3902:69\n' +
+       '        │     at runWorkerLoop (file:///data00/home/jinzhixin/.codex/worktrees/a77f/rspack/packages/rspack/dist/worker.js:3906:18)\n' +
+       '      \n',
+     moduleIdentifier: '/data00/home/jinzhixin/projects/rspack-bench/node_modules/.pnpm/babel-loader@10.1.1_@babel+core@7.29.7_@rspack+core@..+.codex+worktrees+a77f+rspack+packages+rspack/node_modules/babel-loader/lib/index.js??ruleSet[1].rules[0].use[0]!/data00/home/jinzhixin/projects/rspack-bench/results/noop-loader-2026-09-11T04-04-10-528Z-15/fixture/module-03962.js',
+     moduleName: './module-03962.js'
+   },
+   {
+     code: 'ModuleBuildError',
+     message: '  × Module build failed (from ../../../node_modules/.pnpm/babel-loader@10.1.1_@babel+core@7.29.7_@rspack+core@..+.codex+worktrees+a77f+rspack+packages+rspack/node_modules/babel-loader/lib/index.js):\n' +
+       '  ╰─▶   × Error: The original reference that WeakReference<rspack_binding_api::compilation::JsCompilation> is pointing to is dropped\n' +
+       '        │     at file:///data00/home/jinzhixin/.codex/worktrees/a77f/rspack/packages/rspack/dist/worker.js:3902:69\n' +
+       '        │     at runWorkerLoop (file:///data00/home/jinzhixin/.codex/worktrees/a77f/rspack/packages/rspack/dist/worker.js:3906:18)\n' +
+       '      \n',
+     moduleIdentifier: '/data00/home/jinzhixin/projects/rspack-bench/node_modules/.pnpm/babel-loader@10.1.1_@babel+core@7.29.7_@rspack+core@..+.codex+worktrees+a77f+rspack+packages+rspack/node_modules/babel-loader/lib/index.js??ruleSet[1].rules[0].use[0]!/data00/home/jinzhixin/projects/rspack-bench/results/noop-loader-2026-09-11T04-04-10-528Z-15/fixture/module-04019.js',
+     moduleName: './module-04019.js'
+   },
+   {
+     code: 'ModuleBuildError',
+     message: '  × Module build failed (from ../../../node_modules/.pnpm/babel-loader@10.1.1_@babel+core@7.29.7_@rspack+core@..+.codex+worktrees+a77f+rspack+packages+rspack/node_modules/babel-loader/lib/index.js):\n' +
+       '  ╰─▶   × Error: The original reference that WeakReference<rspack_binding_api::compilation::JsCompilation> is pointing to is dropped\n' +
+       '        │     at file:///data00/home/jinzhixin/.codex/worktrees/a77f/rspack/packages/rspack/dist/worker.js:3902:69\n' +
+       '        │     at runWorkerLoop (file:///data00/home/jinzhixin/.codex/worktrees/a77f/rspack/packages/rspack/dist/worker.js:3906:18)\n' +
+       '      \n',
+     moduleIdentifier: '/data00/home/jinzhixin/projects/rspack-bench/node_modules/.pnpm/babel-loader@10.1.1_@babel+core@7.29.7_@rspack+core@..+.codex+worktrees+a77f+rspack+packages+rspack/node_modules/babel-loader/lib/index.js??ruleSet[1].rules[0].use[0]!/data00/home/jinzhixin/projects/rspack-bench/results/noop-loader-2026-09-11T04-04-10-528Z-15/fixture/module-04026.js',
+     moduleName: './module-04026.js'
+   },
+   {
+     code: 'ModuleBuildError',
+     message: '  × Module build failed (from ../../../node_modules/.pnpm/babel-loader@10.1.1_@babel+core@7.29.7_@rspack+core@..+.codex+worktrees+a77f+rspack+packages+rspack/node_modules/babel-loader/lib/index.js):\n' +
+       '  ╰─▶   × Error: The original reference that WeakReference<rspack_binding_api::compilation::JsCompilation> is pointing to is dropped\n' +
+       '        │     at file:///data00/home/jinzhixin/.codex/worktrees/a77f/rspack/packages/rspack/dist/worker.js:3902:69\n' +
+       '        │     at runWorkerLoop (file:///data00/home/jinzhixin/.codex/worktrees/a77f/rspack/packages/rspack/dist/worker.js:3906:18)\n' +
+       '      \n',
+     moduleIdentifier: '/data00/home/jinzhixin/projects/rspack-bench/node_modules/.pnpm/babel-loader@10.1.1_@babel+core@7.29.7_@rspack+core@..+.codex+worktrees+a77f+rspack+packages+rspack/node_modules/babel-loader/lib/index.js??ruleSet[1].rules[0].use[0]!/data00/home/jinzhixin/projects/rspack-bench/results/noop-loader-2026-09-11T04-04-10-528Z-15/fixture/module-04045.js',
+     moduleName: './module-04045.js'
+   },
+   {
+     code: 'ModuleBuildError',
+     message: '  × Module build failed (from ../../../node_modules/.pnpm/babel-loader@10.1.1_@babel+core@7.29.7_@rspack+core@..+.codex+worktrees+a77f+rspack+packages+rspack/node_modules/babel-loader/lib/index.js):\n' +
+       '  ╰─▶   × Error: The original reference that WeakReference<rspack_binding_api::compilation::JsCompilation> is pointing to is dropped\n' +
+       '        │     at file:///data00/home/jinzhixin/.codex/worktrees/a77f/rspack/packages/rspack/dist/worker.js:3902:69\n' +
+       '        │     at runWorkerLoop (file:///data00/home/jinzhixin/.codex/worktrees/a77f/rspack/packages/rspack/dist/worker.js:3906:18)\n' +
+       '      \n',
+     moduleIdentifier: '/data00/home/jinzhixin/projects/rspack-bench/node_modules/.pnpm/babel-loader@10.1.1_@babel+core@7.29.7_@rspack+core@..+.codex+worktrees+a77f+rspack+packages+rspack/node_modules/babel-loader/lib/index.js??ruleSet[1].rules[0].use[0]!/data00/home/jinzhixin/projects/rspack-bench/results/noop-loader-2026-09-11T04-04-10-528Z-15/fixture/module-04048.js',
+     moduleName: './module-04048.js'
+   },
+   {
+     code: 'ModuleBuildError',
+     message: '  × Module build failed (from ../../../node_modules/.pnpm/babel-loader@10.1.1_@babel+core@7.29.7_@rspack+core@..+.codex+worktrees+a77f+rspack+packages+rspack/node_modules/babel-loader/lib/index.js):\n' +
+       '  ╰─▶   × Error: The original reference that WeakReference<rspack_binding_api::compilation::JsCompilation> is pointing to is dropped\n' +
+       '        │     at file:///data00/home/jinzhixin/.codex/worktrees/a77f/rspack/packages/rspack/dist/worker.js:3902:69\n' +
+       '        │     at runWorkerLoop (file:///data00/home/jinzhixin/.codex/worktrees/a77f/rspack/packages/rspack/dist/worker.js:3906:18)\n' +
+       '      \n',
+     moduleIdentifier: '/data00/home/jinzhixin/projects/rspack-bench/node_modules/.pnpm/babel-loader@10.1.1_@babel+core@7.29.7_@rspack+core@..+.codex+worktrees+a77f+rspack+packages+rspack/node_modules/babel-loader/lib/index.js??ruleSet[1].rules[0].use[0]!/data00/home/jinzhixin/projects/rspack-bench/results/noop-loader-2026-09-11T04-04-10-528Z-15/fixture/module-04050.js',
+     moduleName: './module-04050.js'
+   },
+   {
+     code: 'ModuleBuildError',
+     message: '  × Module build failed (from ../../../node_modules/.pnpm/babel-loader@10.1.1_@babel+core@7.29.7_@rspack+core@..+.codex+worktrees+a77f+rspack+packages+rspack/node_modules/babel-loader/lib/index.js):\n' +
+       '  ╰─▶   × Error: The original reference that WeakReference<rspack_binding_api::compilation::JsCompilation> is pointing to is dropped\n' +
+       '        │     at file:///data00/home/jinzhixin/.codex/worktrees/a77f/rspack/packages/rspack/dist/worker.js:3902:69\n' +
+       '        │     at runWorkerLoop (file:///data00/home/jinzhixin/.codex/worktrees/a77f/rspack/packages/rspack/dist/worker.js:3906:18)\n' +
+       '      \n',
+     moduleIdentifier: '/data00/home/jinzhixin/projects/rspack-bench/node_modules/.pnpm/babel-loader@10.1.1_@babel+core@7.29.7_@rspack+core@..+.codex+worktrees+a77f+rspack+packages+rspack/node_modules/babel-loader/lib/index.js??ruleSet[1].rules[0].use[0]!/data00/home/jinzhixin/projects/rspack-bench/results/noop-loader-2026-09-11T04-04-10-528Z-15/fixture/module-04080.js',
+     moduleName: './module-04080.js'
+   },
+   {
+     code: 'ModuleBuildError',
+     message: '  × Module build failed (from ../../../node_modules/.pnpm/babel-loader@10.1.1_@babel+core@7.29.7_@rspack+core@..+.codex+worktrees+a77f+rspack+packages+rspack/node_modules/babel-loader/lib/index.js):\n' +
+       '  ╰─▶   × Error: The original reference that WeakReference<rspack_binding_api::compilation::JsCompilation> is pointing to is dropped\n' +
+       '        │     at file:///data00/home/jinzhixin/.codex/worktrees/a77f/rspack/packages/rspack/dist/worker.js:3902:69\n' +
+       '        │     at runWorkerLoop (file:///data00/home/jinzhixin/.codex/worktrees/a77f/rspack/packages/rspack/dist/worker.js:3906:18)\n' +
+       '      \n',
+     moduleIdentifier: '/data00/home/jinzhixin/projects/rspack-bench/node_modules/.pnpm/babel-loader@10.1.1_@babel+core@7.29.7_@rspack+core@..+.codex+worktrees+a77f+rspack+packages+rspack/node_modules/babel-loader/lib/index.js??ruleSet[1].rules[0].use[0]!/data00/home/jinzhixin/projects/rspack-bench/results/noop-loader-2026-09-11T04-04-10-528Z-15/fixture/module-04083.js',
+     moduleName: './module-04083.js'
+   },
+   {
+     code: 'ModuleBuildError',
+     message: '  × Module build failed (from ../../../node_modules/.pnpm/babel-loader@10.1.1_@babel+core@7.29.7_@rspack+core@..+.codex+worktrees+a77f+rspack+packages+rspack/node_modules/babel-loader/lib/index.js):\n' +
+       '  ╰─▶   × Error: The original reference that WeakReference<rspack_binding_api::compilation::JsCompilation> is pointing to is dropped\n' +
+       '        │     at file:///data00/home/jinzhixin/.codex/worktrees/a77f/rspack/packages/rspack/dist/worker.js:3902:69\n' +
+       '        │     at runWorkerLoop (file:///data00/home/jinzhixin/.codex/worktrees/a77f/rspack/packages/rspack/dist/worker.js:3906:18)\n' +
+       '      \n',
+     moduleIdentifier: '/data00/home/jinzhixin/projects/rspack-bench/node_modules/.pnpm/babel-loader@10.1.1_@babel+core@7.29.7_@rspack+core@..+.codex+worktrees+a77f+rspack+packages+rspack/node_modules/babel-loader/lib/index.js??ruleSet[1].rules[0].use[0]!/data00/home/jinzhixin/projects/rspack-bench/results/noop-loader-2026-09-11T04-04-10-528Z-15/fixture/module-04088.js',
+     moduleName: './module-04088.js'
+   },
+   {
+     code: 'ModuleBuildError',
+     message: '  × Module build failed (from ../../../node_modules/.pnpm/babel-loader@10.1.1_@babel+core@7.29.7_@rspack+core@..+.codex+worktrees+a77f+rspack+packages+rspack/node_modules/babel-loader/lib/index.js):\n' +
+       '  ╰─▶   × Error: The original reference that WeakReference<rspack_binding_api::compilation::JsCompilation> is pointing to is dropped\n' +
+       '        │     at file:///data00/home/jinzhixin/.codex/worktrees/a77f/rspack/packages/rspack/dist/worker.js:3902:69\n' +
+       '        │     at runWorkerLoop (file:///data00/home/jinzhixin/.codex/worktrees/a77f/rspack/packages/rspack/dist/worker.js:3906:18)\n' +
+       '      \n',
+     moduleIdentifier: '/data00/home/jinzhixin/projects/rspack-bench/node_modules/.pnpm/babel-loader@10.1.1_@babel+core@7.29.7_@rspack+core@..+.codex+worktrees+a77f+rspack+packages+rspack/node_modules/babel-loader/lib/index.js??ruleSet[1].rules[0].use[0]!/data00/home/jinzhixin/projects/rspack-bench/results/noop-loader-2026-09-11T04-04-10-528Z-15/fixture/module-04099.js',
+     moduleName: './module-04099.js'
+   },
+   {
+     code: 'ModuleBuildError',
+     message: '  × Module build failed (from ../../../node_modules/.pnpm/babel-loader@10.1.1_@babel+core@7.29.7_@rspack+core@..+.codex+worktrees+a77f+rspack+packages+rspack/node_modules/babel-loader/lib/index.js):\n' +
+       '  ╰─▶   × Error: The original reference that WeakReference<rspack_binding_api::compilation::JsCompilation> is pointing to is dropped\n' +
+       '        │     at file:///data00/home/jinzhixin/.codex/worktrees/a77f/rspack/packages/rspack/dist/worker.js:3902:69\n' +
+       '        │     at runWorkerLoop (file:///data00/home/jinzhixin/.codex/worktrees/a77f/rspack/packages/rspack/dist/worker.js:3906:18)\n' +
+       '      \n',
+     moduleIdentifier: '/data00/home/jinzhixin/projects/rspack-bench/node_modules/.pnpm/babel-loader@10.1.1_@babel+core@7.29.7_@rspack+core@..+.codex+worktrees+a77f+rspack+packages+rspack/node_modules/babel-loader/lib/index.js??ruleSet[1].rules[0].use[0]!/data00/home/jinzhixin/projects/rspack-bench/results/noop-loader-2026-09-11T04-04-10-528Z-15/fixture/module-04151.js',
+     moduleName: './module-04151.js'
+   },
+   {
+     code: 'ModuleBuildError',
+     message: '  × Module build failed (from ../../../node_modules/.pnpm/babel-loader@10.1.1_@babel+core@7.29.7_@rspack+core@..+.codex+worktrees+a77f+rspack+packages+rspack/node_modules/babel-loader/lib/index.js):\n' +
+       '  ╰─▶   × Error: The original reference that WeakReference<rspack_binding_api::compilation::JsCompilation> is pointing to is dropped\n' +
+       '        │     at file:///data00/home/jinzhixin/.codex/worktrees/a77f/rspack/packages/rspack/dist/worker.js:3902:69\n' +
+       '        │     at runWorkerLoop (file:///data00/home/jinzhixin/.codex/worktrees/a77f/rspack/packages/rspack/dist/worker.js:3906:18)\n' +
+       '      \n',
+     moduleIdentifier: '/data00/home/jinzhixin/projects/rspack-bench/node_modules/.pnpm/babel-loader@10.1.1_@babel+core@7.29.7_@rspack+core@..+.codex+worktrees+a77f+rspack+packages+rspack/node_modules/babel-loader/lib/index.js??ruleSet[1].rules[0].use[0]!/data00/home/jinzhixin/projects/rspack-bench/results/noop-loader-2026-09-11T04-04-10-528Z-15/fixture/module-04178.js',
+     moduleName: './module-04178.js'
+   },
+   {
+     code: 'ModuleBuildError',
+     message: '  × Module build failed (from ../../../node_modules/.pnpm/babel-loader@10.1.1_@babel+core@7.29.7_@rspack+core@..+.codex+worktrees+a77f+rspack+packages+rspack/node_modules/babel-loader/lib/index.js):\n' +
+       '  ╰─▶   × Error: The original reference that WeakReference<rspack_binding_api::compilation::JsCompilation> is pointing to is dropped\n' +
+       '        │     at file:///data00/home/jinzhixin/.codex/worktrees/a77f/rspack/packages/rspack/dist/worker.js:3902:69\n' +
+       '        │     at runWorkerLoop (file:///data00/home/jinzhixin/.codex/worktrees/a77f/rspack/packages/rspack/dist/worker.js:3906:18)\n' +
+       '      \n',
+     moduleIdentifier: '/data00/home/jinzhixin/projects/rspack-bench/node_modules/.pnpm/babel-loader@10.1.1_@babel+core@7.29.7_@rspack+core@..+.codex+worktrees+a77f+rspack+packages+rspack/node_modules/babel-loader/lib/index.js??ruleSet[1].rules[0].use[0]!/data00/home/jinzhixin/projects/rspack-bench/results/noop-loader-2026-09-11T04-04-10-528Z-15/fixture/module-04180.js',
+     moduleName: './module-04180.js'
+   },
+   {
+     code: 'ModuleBuildError',
+     message: '  × Module build failed (from ../../../node_modules/.pnpm/babel-loader@10.1.1_@babel+core@7.29.7_@rspack+core@..+.codex+worktrees+a77f+rspack+packages+rspack/node_modules/babel-loader/lib/index.js):\n' +
+       '  ╰─▶   × Error: The original reference that WeakReference<rspack_binding_api::compilation::JsCompilation> is pointing to is dropped\n' +
+       '        │     at file:///data00/home/jinzhixin/.codex/worktrees/a77f/rspack/packages/rspack/dist/worker.js:3902:69\n' +
+       '        │     at runWorkerLoop (file:///data00/home/jinzhixin/.codex/worktrees/a77f/rspack/packages/rspack/dist/worker.js:3906:18)\n' +
+       '      \n',
+     moduleIdentifier: '/data00/home/jinzhixin/projects/rspack-bench/node_modules/.pnpm/babel-loader@10.1.1_@babel+core@7.29.7_@rspack+core@..+.codex+worktrees+a77f+rspack+packages+rspack/node_modules/babel-loader/lib/index.js??ruleSet[1].rules[0].use[0]!/data00/home/jinzhixin/projects/rspack-bench/results/noop-loader-2026-09-11T04-04-10-528Z-15/fixture/module-04181.js',
+     moduleName: './module-04181.js'
+   },
+   {
+     code: 'ModuleBuildError',
+     message: '  × Module build failed (from ../../../node_modules/.pnpm/babel-loader@10.1.1_@babel+core@7.29.7_@rspack+core@..+.codex+worktrees+a77f+rspack+packages+rspack/node_modules/babel-loader/lib/index.js):\n' +
+       '  ╰─▶   × Error: The original reference that WeakReference<rspack_binding_api::compilation::JsCompilation> is pointing to is dropped\n' +
+       '        │     at file:///data00/home/jinzhixin/.codex/worktrees/a77f/rspack/packages/rspack/dist/worker.js:3902:69\n' +
+       '        │     at runWorkerLoop (file:///data00/home/jinzhixin/.codex/worktrees/a77f/rspack/packages/rspack/dist/worker.js:3906:18)\n' +
+       '      \n',
+     moduleIdentifier: '/data00/home/jinzhixin/projects/rspack-bench/node_modules/.pnpm/babel-loader@10.1.1_@babel+core@7.29.7_@rspack+core@..+.codex+worktrees+a77f+rspack+packages+rspack/node_modules/babel-loader/lib/index.js??ruleSet[1].rules[0].use[0]!/data00/home/jinzhixin/projects/rspack-bench/results/noop-loader-2026-09-11T04-04-10-528Z-15/fixture/module-04196.js',
+     moduleName: './module-04196.js'
+   },
+   {
+     code: 'ModuleBuildError',
+     message: '  × Module build failed (from ../../../node_modules/.pnpm/babel-loader@10.1.1_@babel+core@7.29.7_@rspack+core@..+.codex+worktrees+a77f+rspack+packages+rspack/node_modules/babel-loader/lib/index.js):\n' +
+       '  ╰─▶   × Error: The original reference that WeakReference<rspack_binding_api::compilation::JsCompilation> is pointing to is dropped\n' +
+       '        │     at file:///data00/home/jinzhixin/.codex/worktrees/a77f/rspack/packages/rspack/dist/worker.js:3902:69\n' +
+       '        │     at runWorkerLoop (file:///data00/home/jinzhixin/.codex/worktrees/a77f/rspack/packages/rspack/dist/worker.js:3906:18)\n' +
+       '      \n',
+     moduleIdentifier: '/data00/home/jinzhixin/projects/rspack-bench/node_modules/.pnpm/babel-loader@10.1.1_@babel+core@7.29.7_@rspack+core@..+.codex+worktrees+a77f+rspack+packages+rspack/node_modules/babel-loader/lib/index.js??ruleSet[1].rules[0].use[0]!/data00/home/jinzhixin/projects/rspack-bench/results/noop-loader-2026-09-11T04-04-10-528Z-15/fixture/module-04200.js',
+     moduleName: './module-04200.js'
+   },
+   {
+     code: 'ModuleBuildError',
+     message: '  × Module build failed (from ../../../node_modules/.pnpm/babel-loader@10.1.1_@babel+core@7.29.7_@rspack+core@..+.codex+worktrees+a77f+rspack+packages+rspack/node_modules/babel-loader/lib/index.js):\n' +
+       '  ╰─▶   × Error: The original reference that WeakReference<rspack_binding_api::compilation::JsCompilation> is pointing to is dropped\n' +
+       '        │     at file:///data00/home/jinzhixin/.codex/worktrees/a77f/rspack/packages/rspack/dist/worker.js:3902:69\n' +
+       '        │     at runWorkerLoop (file:///data00/home/jinzhixin/.codex/worktrees/a77f/rspack/packages/rspack/dist/worker.js:3906:18)\n' +
+       '      \n',
+     moduleIdentifier: '/data00/home/jinzhixin/projects/rspack-bench/node_modules/.pnpm/babel-loader@10.1.1_@babel+core@7.29.7_@rspack+core@..+.codex+worktrees+a77f+rspack+packages+rspack/node_modules/babel-loader/lib/index.js??ruleSet[1].rules[0].use[0]!/data00/home/jinzhixin/projects/rspack-bench/results/noop-loader-2026-09-11T04-04-10-528Z-15/fixture/module-04220.js',
+     moduleName: './module-04220.js'
+   },
+   {
+     code: 'ModuleBuildError',
+     message: '  × Module build failed (from ../../../node_modules/.pnpm/babel-loader@10.1.1_@babel+core@7.29.7_@rspack+core@..+.codex+worktrees+a77f+rspack+packages+rspack/node_modules/babel-loader/lib/index.js):\n' +
+       '  ╰─▶   × Error: The original reference that WeakReference<rspack_binding_api::compilation::JsCompilation> is pointing to is dropped\n' +
+       '        │     at file:///data00/home/jinzhixin/.codex/worktrees/a77f/rspack/packages/rspack/dist/worker.js:3902:69\n' +
+       '        │     at runWorkerLoop (file:///data00/home/jinzhixin/.codex/worktrees/a77f/rspack/packages/rspack/dist/worker.js:3906:18)\n' +
+       '      \n',
+     moduleIdentifier: '/data00/home/jinzhixin/projects/rspack-bench/node_modules/.pnpm/babel-loader@10.1.1_@babel+core@7.29.7_@rspack+core@..+.codex+worktrees+a77f+rspack+packages+rspack/node_modules/babel-loader/lib/index.js??ruleSet[1].rules[0].use[0]!/data00/home/jinzhixin/projects/rspack-bench/results/noop-loader-2026-09-11T04-04-10-528Z-15/fixture/module-04451.js',
+     moduleName: './module-04451.js'
+   },
+   {
+     code: 'ModuleBuildError',
+     message: '  × Module build failed (from ../../../node_modules/.pnpm/babel-loader@10.1.1_@babel+core@7.29.7_@rspack+core@..+.codex+worktrees+a77f+rspack+packages+rspack/node_modules/babel-loader/lib/index.js):\n' +
+       '  ╰─▶   × Error: The original reference that WeakReference<rspack_binding_api::compilation::JsCompilation> is pointing to is dropped\n' +
+       '        │     at file:///data00/home/jinzhixin/.codex/worktrees/a77f/rspack/packages/rspack/dist/worker.js:3902:69\n' +
+       '        │     at runWorkerLoop (file:///data00/home/jinzhixin/.codex/worktrees/a77f/rspack/packages/rspack/dist/worker.js:3906:18)\n' +
+       '      \n',
+     moduleIdentifier: '/data00/home/jinzhixin/projects/rspack-bench/node_modules/.pnpm/babel-loader@10.1.1_@babel+core@7.29.7_@rspack+core@..+.codex+worktrees+a77f+rspack+packages+rspack/node_modules/babel-loader/lib/index.js??ruleSet[1].rules[0].use[0]!/data00/home/jinzhixin/projects/rspack-bench/results/noop-loader-2026-09-11T04-04-10-528Z-15/fixture/module-04452.js',
+     moduleName: './module-04452.js'
+   },
+   {
+     code: 'ModuleBuildError',
+     message: '  × Module build failed (from ../../../node_modules/.pnpm/babel-loader@10.1.1_@babel+core@7.29.7_@rspack+core@..+.codex+worktrees+a77f+rspack+packages+rspack/node_modules/babel-loader/lib/index.js):\n' +
+       '  ╰─▶   × Error: The original reference that WeakReference<rspack_binding_api::compilation::JsCompilation> is pointing to is dropped\n' +
+       '        │     at file:///data00/home/jinzhixin/.codex/worktrees/a77f/rspack/packages/rspack/dist/worker.js:3902:69\n' +
+       '        │     at runWorkerLoop (file:///data00/home/jinzhixin/.codex/worktrees/a77f/rspack/packages/rspack/dist/worker.js:3906:18)\n' +
+       '      \n',
+     moduleIdentifier: '/data00/home/jinzhixin/projects/rspack-bench/node_modules/.pnpm/babel-loader@10.1.1_@babel+core@7.29.7_@rspack+core@..+.codex+worktrees+a77f+rspack+packages+rspack/node_modules/babel-loader/lib/index.js??ruleSet[1].rules[0].use[0]!/data00/home/jinzhixin/projects/rspack-bench/results/noop-loader-2026-09-11T04-04-10-528Z-15/fixture/module-04514.js',
+     moduleName: './module-04514.js'
+   },
+   {
+     code: 'ModuleBuildError',
+     message: '  × Module build failed (from ../../../node_modules/.pnpm/babel-loader@10.1.1_@babel+core@7.29.7_@rspack+core@..+.codex+worktrees+a77f+rspack+packages+rspack/node_modules/babel-loader/lib/index.js):\n' +
+       '  ╰─▶   × Error: The original reference that WeakReference<rspack_binding_api::compilation::JsCompilation> is pointing to is dropped\n' +
+       '        │     at file:///data00/home/jinzhixin/.codex/worktrees/a77f/rspack/packages/rspack/dist/worker.js:3902:69\n' +
+       '        │     at runWorkerLoop (file:///data00/home/jinzhixin/.codex/worktrees/a77f/rspack/packages/rspack/dist/worker.js:3906:18)\n' +
+       '      \n',
+     moduleIdentifier: '/data00/home/jinzhixin/projects/rspack-bench/node_modules/.pnpm/babel-loader@10.1.1_@babel+core@7.29.7_@rspack+core@..+.codex+worktrees+a77f+rspack+packages+rspack/node_modules/babel-loader/lib/index.js??ruleSet[1].rules[0].use[0]!/data00/home/jinzhixin/projects/rspack-bench/results/noop-loader-2026-09-11T04-04-10-528Z-15/fixture/module-04518.js',
+     moduleName: './module-04518.js'
+   },
+   {
+     code: 'ModuleBuildError',
+     message: '  × Module build failed (from ../../../node_modules/.pnpm/babel-loader@10.1.1_@babel+core@7.29.7_@rspack+core@..+.codex+worktrees+a77f+rspack+packages+rspack/node_modules/babel-loader/lib/index.js):\n' +
+       '  ╰─▶   × Error: The original reference that WeakReference<rspack_binding_api::compilation::JsCompilation> is pointing to is dropped\n' +
+       '        │     at file:///data00/home/jinzhixin/.codex/worktrees/a77f/rspack/packages/rspack/dist/worker.js:3902:69\n' +
+       '        │     at runWorkerLoop (file:///data00/home/jinzhixin/.codex/worktrees/a77f/rspack/packages/rspack/dist/worker.js:3906:18)\n' +
+       '      \n',
+     moduleIdentifier: '/data00/home/jinzhixin/projects/rspack-bench/node_modules/.pnpm/babel-loader@10.1.1_@babel+core@7.29.7_@rspack+core@..+.codex+worktrees+a77f+rspack+packages+rspack/node_modules/babel-loader/lib/index.js??ruleSet[1].rules[0].use[0]!/data00/home/jinzhixin/projects/rspack-bench/results/noop-loader-2026-09-11T04-04-10-528Z-15/fixture/module-04520.js',
+     moduleName: './module-04520.js'
+   },
+   {
+     code: 'ModuleBuildError',
+     message: '  × Module build failed (from ../../../node_modules/.pnpm/babel-loader@10.1.1_@babel+core@7.29.7_@rspack+core@..+.codex+worktrees+a77f+rspack+packages+rspack/node_modules/babel-loader/lib/index.js):\n' +
+       '  ╰─▶   × Error: The original reference that WeakReference<rspack_binding_api::compilation::JsCompilation> is pointing to is dropped\n' +
+       '        │     at file:///data00/home/jinzhixin/.codex/worktrees/a77f/rspack/packages/rspack/dist/worker.js:3902:69\n' +
+       '        │     at runWorkerLoop (file:///data00/home/jinzhixin/.codex/worktrees/a77f/rspack/packages/rspack/dist/worker.js:3906:18)\n' +
+       '      \n',
+     moduleIdentifier: '/data00/home/jinzhixin/projects/rspack-bench/node_modules/.pnpm/babel-loader@10.1.1_@babel+core@7.29.7_@rspack+core@..+.codex+worktrees+a77f+rspack+packages+rspack/node_modules/babel-loader/lib/index.js??ruleSet[1].rules[0].use[0]!/data00/home/jinzhixin/projects/rspack-bench/results/noop-loader-2026-09-11T04-04-10-528Z-15/fixture/module-04521.js',
+     moduleName: './module-04521.js'
+   },
+   {
+     code: 'ModuleBuildError',
+     message: '  × Module build failed (from ../../../node_modules/.pnpm/babel-loader@10.1.1_@babel+core@7.29.7_@rspack+core@..+.codex+worktrees+a77f+rspack+packages+rspack/node_modules/babel-loader/lib/index.js):\n' +
+       '  ╰─▶   × Error: The original reference that WeakReference<rspack_binding_api::compilation::JsCompilation> is pointing to is dropped\n' +
+       '        │     at file:///data00/home/jinzhixin/.codex/worktrees/a77f/rspack/packages/rspack/dist/worker.js:3902:69\n' +
+       '        │     at runWorkerLoop (file:///data00/home/jinzhixin/.codex/worktrees/a77f/rspack/packages/rspack/dist/worker.js:3906:18)\n' +
+       '      \n',
+     moduleIdentifier: '/data00/home/jinzhixin/projects/rspack-bench/node_modules/.pnpm/babel-loader@10.1.1_@babel+core@7.29.7_@rspack+core@..+.codex+worktrees+a77f+rspack+packages+rspack/node_modules/babel-loader/lib/index.js??ruleSet[1].rules[0].use[0]!/data00/home/jinzhixin/projects/rspack-bench/results/noop-loader-2026-09-11T04-04-10-528Z-15/fixture/module-04536.js',
+     moduleName: './module-04536.js'
+   },
+   {
+     code: 'ModuleBuildError',
+     message: '  × Module build failed (from ../../../node_modules/.pnpm/babel-loader@10.1.1_@babel+core@7.29.7_@rspack+core@..+.codex+worktrees+a77f+rspack+packages+rspack/node_modules/babel-loader/lib/index.js):\n' +
+       '  ╰─▶   × Error: The original reference that WeakReference<rspack_binding_api::compilation::JsCompilation> is pointing to is dropped\n' +
+       '        │     at file:///data00/home/jinzhixin/.codex/worktrees/a77f/rspack/packages/rspack/dist/worker.js:3902:69\n' +
+       '        │     at runWorkerLoop (file:///data00/home/jinzhixin/.codex/worktrees/a77f/rspack/packages/rspack/dist/worker.js:3906:18)\n' +
+       '      \n',
+     moduleIdentifier: '/data00/home/jinzhixin/projects/rspack-bench/node_modules/.pnpm/babel-loader@10.1.1_@babel+core@7.29.7_@rspack+core@..+.codex+worktrees+a77f+rspack+packages+rspack/node_modules/babel-loader/lib/index.js??ruleSet[1].rules[0].use[0]!/data00/home/jinzhixin/projects/rspack-bench/results/noop-loader-2026-09-11T04-04-10-528Z-15/fixture/module-04541.js',
+     moduleName: './module-04541.js'
+   },
+   {
+     code: 'ModuleBuildError',
+     message: '  × Module build failed (from ../../../node_modules/.pnpm/babel-loader@10.1.1_@babel+core@7.29.7_@rspack+core@..+.codex+worktrees+a77f+rspack+packages+rspack/node_modules/babel-loader/lib/index.js):\n' +
+       '  ╰─▶   × Error: The original reference that WeakReference<rspack_binding_api::compilation::JsCompilation> is pointing to is dropped\n' +
+       '        │     at file:///data00/home/jinzhixin/.codex/worktrees/a77f/rspack/packages/rspack/dist/worker.js:3902:69\n' +
+       '        │     at runWorkerLoop (file:///data00/home/jinzhixin/.codex/worktrees/a77f/rspack/packages/rspack/dist/worker.js:3906:18)\n' +
+       '      \n',
+     moduleIdentifier: '/data00/home/jinzhixin/projects/rspack-bench/node_modules/.pnpm/babel-loader@10.1.1_@babel+core@7.29.7_@rspack+core@..+.codex+worktrees+a77f+rspack+packages+rspack/node_modules/babel-loader/lib/index.js??ruleSet[1].rules[0].use[0]!/data00/home/jinzhixin/projects/rspack-bench/results/noop-loader-2026-09-11T04-04-10-528Z-15/fixture/module-04542.js',
+     moduleName: './module-04542.js'
+   },
+   {
+     code: 'ModuleBuildError',
+     message: '  × Module build failed (from ../../../node_modules/.pnpm/babel-loader@10.1.1_@babel+core@7.29.7_@rspack+core@..+.codex+worktrees+a77f+rspack+packages+rspack/node_modules/babel-loader/lib/index.js):\n' +
+       '  ╰─▶   × Error: The original reference that WeakReference<rspack_binding_api::compilation::JsCompilation> is pointing to is dropped\n' +
+       '        │     at file:///data00/home/jinzhixin/.codex/worktrees/a77f/rspack/packages/rspack/dist/worker.js:3902:69\n' +
+       '        │     at runWorkerLoop (file:///data00/home/jinzhixin/.codex/worktrees/a77f/rspack/packages/rspack/dist/worker.js:3906:18)\n' +
+       '      \n',
+     moduleIdentifier: '/data00/home/jinzhixin/projects/rspack-bench/node_modules/.pnpm/babel-loader@10.1.1_@babel+core@7.29.7_@rspack+core@..+.codex+worktrees+a77f+rspack+packages+rspack/node_modules/babel-loader/lib/index.js??ruleSet[1].rules[0].use[0]!/data00/home/jinzhixin/projects/rspack-bench/results/noop-loader-2026-09-11T04-04-10-528Z-15/fixture/module-04560.js',
+     moduleName: './module-04560.js'
+   },
+   {
+     code: 'ModuleBuildError',
+     message: '  × Module build failed (from ../../../node_modules/.pnpm/babel-loader@10.1.1_@babel+core@7.29.7_@rspack+core@..+.codex+worktrees+a77f+rspack+packages+rspack/node_modules/babel-loader/lib/index.js):\n' +
+       '  ╰─▶   × Error: The original reference that WeakReference<rspack_binding_api::compilation::JsCompilation> is pointing to is dropped\n' +
+       '        │     at file:///data00/home/jinzhixin/.codex/worktrees/a77f/rspack/packages/rspack/dist/worker.js:3902:69\n' +
+       '        │     at runWorkerLoop (file:///data00/home/jinzhixin/.codex/worktrees/a77f/rspack/packages/rspack/dist/worker.js:3906:18)\n' +
+       '      \n',
+     moduleIdentifier: '/data00/home/jinzhixin/projects/rspack-bench/node_modules/.pnpm/babel-loader@10.1.1_@babel+core@7.29.7_@rspack+core@..+.codex+worktrees+a77f+rspack+packages+rspack/node_modules/babel-loader/lib/index.js??ruleSet[1].rules[0].use[0]!/data00/home/jinzhixin/projects/rspack-bench/results/noop-loader-2026-09-11T04-04-10-528Z-15/fixture/module-04567.js',
+     moduleName: './module-04567.js'
+   },
+   {
+     code: 'ModuleBuildError',
+     message: '  × Module build failed (from ../../../node_modules/.pnpm/babel-loader@10.1.1_@babel+core@7.29.7_@rspack+core@..+.codex+worktrees+a77f+rspack+packages+rspack/node_modules/babel-loader/lib/index.js):\n' +
+       '  ╰─▶   × Error: The original reference that WeakReference<rspack_binding_api::compilation::JsCompilation> is pointing to is dropped\n' +
+       '        │     at file:///data00/home/jinzhixin/.codex/worktrees/a77f/rspack/packages/rspack/dist/worker.js:3902:69\n' +
+       '        │     at runWorkerLoop (file:///data00/home/jinzhixin/.codex/worktrees/a77f/rspack/packages/rspack/dist/worker.js:3906:18)\n' +
+       '      \n',
+     moduleIdentifier: '/data00/home/jinzhixin/projects/rspack-bench/node_modules/.pnpm/babel-loader@10.1.1_@babel+core@7.29.7_@rspack+core@..+.codex+worktrees+a77f+rspack+packages+rspack/node_modules/babel-loader/lib/index.js??ruleSet[1].rules[0].use[0]!/data00/home/jinzhixin/projects/rspack-bench/results/noop-loader-2026-09-11T04-04-10-528Z-15/fixture/module-04569.js',
+     moduleName: './module-04569.js'
+   },
+   {
+     code: 'ModuleBuildError',
+     message: '  × Module build failed (from ../../../node_modules/.pnpm/babel-loader@10.1.1_@babel+core@7.29.7_@rspack+core@..+.codex+worktrees+a77f+rspack+packages+rspack/node_modules/babel-loader/lib/index.js):\n' +
+       '  ╰─▶   × Error: The original reference that WeakReference<rspack_binding_api::compilation::JsCompilation> is pointing to is dropped\n' +
+       '        │     at file:///data00/home/jinzhixin/.codex/worktrees/a77f/rspack/packages/rspack/dist/worker.js:3902:69\n' +
+       '        │     at runWorkerLoop (file:///data00/home/jinzhixin/.codex/worktrees/a77f/rspack/packages/rspack/dist/worker.js:3906:18)\n' +
+       '      \n',
+     moduleIdentifier: '/data00/home/jinzhixin/projects/rspack-bench/node_modules/.pnpm/babel-loader@10.1.1_@babel+core@7.29.7_@rspack+core@..+.codex+worktrees+a77f+rspack+packages+rspack/node_modules/babel-loader/lib/index.js??ruleSet[1].rules[0].use[0]!/data00/home/jinzhixin/projects/rspack-bench/results/noop-loader-2026-09-11T04-04-10-528Z-15/fixture/module-04572.js',
+     moduleName: './module-04572.js'
+   },
+   {
+     code: 'ModuleBuildError',
+     message: '  × Module build failed (from ../../../node_modules/.pnpm/babel-loader@10.1.1_@babel+core@7.29.7_@rspack+core@..+.codex+worktrees+a77f+rspack+packages+rspack/node_modules/babel-loader/lib/index.js):\n' +
+       '  ╰─▶   × Error: The original reference that WeakReference<rspack_binding_api::compilation::JsCompilation> is pointing to is dropped\n' +
+       '        │     at file:///data00/home/jinzhixin/.codex/worktrees/a77f/rspack/packages/rspack/dist/worker.js:3902:69\n' +
+       '        │     at runWorkerLoop (file:///data00/home/jinzhixin/.codex/worktrees/a77f/rspack/packages/rspack/dist/worker.js:3906:18)\n' +
+       '      \n',
+     moduleIdentifier: '/data00/home/jinzhixin/projects/rspack-bench/node_modules/.pnpm/babel-loader@10.1.1_@babel+core@7.29.7_@rspack+core@..+.codex+worktrees+a77f+rspack+packages+rspack/node_modules/babel-loader/lib/index.js??ruleSet[1].rules[0].use[0]!/data00/home/jinzhixin/projects/rspack-bench/results/noop-loader-2026-09-11T04-04-10-528Z-15/fixture/module-04580.js',
+     moduleName: './module-04580.js'
+   },
+   {
+     code: 'ModuleBuildError',
+     message: '  × Module build failed (from ../../../node_modules/.pnpm/babel-loader@10.1.1_@babel+core@7.29.7_@rspack+core@..+.codex+worktrees+a77f+rspack+packages+rspack/node_modules/babel-loader/lib/index.js):\n' +
+       '  ╰─▶   × Error: The original reference that WeakReference<rspack_binding_api::compilation::JsCompilation> is pointing to is dropped\n' +
+       '        │     at file:///data00/home/jinzhixin/.codex/worktrees/a77f/rspack/packages/rspack/dist/worker.js:3902:69\n' +
+       '        │     at runWorkerLoop (file:///data00/home/jinzhixin/.codex/worktrees/a77f/rspack/packages/rspack/dist/worker.js:3906:18)\n' +
+       '      \n',
+     moduleIdentifier: '/data00/home/jinzhixin/projects/rspack-bench/node_modules/.pnpm/babel-loader@10.1.1_@babel+core@7.29.7_@rspack+core@..+.codex+worktrees+a77f+rspack+packages+rspack/node_modules/babel-loader/lib/index.js??ruleSet[1].rules[0].use[0]!/data00/home/jinzhixin/projects/rspack-bench/results/noop-loader-2026-09-11T04-04-10-528Z-15/fixture/module-04582.js',
+     moduleName: './module-04582.js'
+   },
+   {
+     code: 'ModuleBuildError',
+     message: '  × Module build failed (from ../../../node_modules/.pnpm/babel-loader@10.1.1_@babel+core@7.29.7_@rspack+core@..+.codex+worktrees+a77f+rspack+packages+rspack/node_modules/babel-loader/lib/index.js):\n' +
+       '  ╰─▶   × Error: The original reference that WeakReference<rspack_binding_api::compilation::JsCompilation> is pointing to is dropped\n' +
+       '        │     at file:///data00/home/jinzhixin/.codex/worktrees/a77f/rspack/packages/rspack/dist/worker.js:3902:69\n' +
+       '        │     at runWorkerLoop (file:///data00/home/jinzhixin/.codex/worktrees/a77f/rspack/packages/rspack/dist/worker.js:3906:18)\n' +
+       '      \n',
+     moduleIdentifier: '/data00/home/jinzhixin/projects/rspack-bench/node_modules/.pnpm/babel-loader@10.1.1_@babel+core@7.29.7_@rspack+core@..+.codex+worktrees+a77f+rspack+packages+rspack/node_modules/babel-loader/lib/index.js??ruleSet[1].rules[0].use[0]!/data00/home/jinzhixin/projects/rspack-bench/results/noop-loader-2026-09-11T04-04-10-528Z-15/fixture/module-04602.js',
+     moduleName: './module-04602.js'
+   },
+   {
+     code: 'ModuleBuildError',
+     message: '  × Module build failed (from ../../../node_modules/.pnpm/babel-loader@10.1.1_@babel+core@7.29.7_@rspack+core@..+.codex+worktrees+a77f+rspack+packages+rspack/node_modules/babel-loader/lib/index.js):\n' +
+       '  ╰─▶   × Error: The original reference that WeakReference<rspack_binding_api::compilation::JsCompilation> is pointing to is dropped\n' +
+       '        │     at file:///data00/home/jinzhixin/.codex/worktrees/a77f/rspack/packages/rspack/dist/worker.js:3902:69\n' +
+       '        │     at runWorkerLoop (file:///data00/home/jinzhixin/.codex/worktrees/a77f/rspack/packages/rspack/dist/worker.js:3906:18)\n' +
+       '      \n',
+     moduleIdentifier: '/data00/home/jinzhixin/projects/rspack-bench/node_modules/.pnpm/babel-loader@10.1.1_@babel+core@7.29.7_@rspack+core@..+.codex+worktrees+a77f+rspack+packages+rspack/node_modules/babel-loader/lib/index.js??ruleSet[1].rules[0].use[0]!/data00/home/jinzhixin/projects/rspack-bench/results/noop-loader-2026-09-11T04-04-10-528Z-15/fixture/module-04604.js',
+     moduleName: './module-04604.js'
+   },
+   {
+     code: 'ModuleBuildError',
+     message: '  × Module build failed (from ../../../node_modules/.pnpm/babel-loader@10.1.1_@babel+core@7.29.7_@rspack+core@..+.codex+worktrees+a77f+rspack+packages+rspack/node_modules/babel-loader/lib/index.js):\n' +
+       '  ╰─▶   × Error: The original reference that WeakReference<rspack_binding_api::compilation::JsCompilation> is pointing to is dropped\n' +
+       '        │     at file:///data00/home/jinzhixin/.codex/worktrees/a77f/rspack/packages/rspack/dist/worker.js:3902:69\n' +
+       '        │     at runWorkerLoop (file:///data00/home/jinzhixin/.codex/worktrees/a77f/rspack/packages/rspack/dist/worker.js:3906:18)\n' +
+       '      \n',
+     moduleIdentifier: '/data00/home/jinzhixin/projects/rspack-bench/node_modules/.pnpm/babel-loader@10.1.1_@babel+core@7.29.7_@rspack+core@..+.codex+worktrees+a77f+rspack+packages+rspack/node_modules/babel-loader/lib/index.js??ruleSet[1].rules[0].use[0]!/data00/home/jinzhixin/projects/rspack-bench/results/noop-loader-2026-09-11T04-04-10-528Z-15/fixture/module-04606.js',
+     moduleName: './module-04606.js'
+   },
+   {
+     code: 'ModuleBuildError',
+     message: '  × Module build failed (from ../../../node_modules/.pnpm/babel-loader@10.1.1_@babel+core@7.29.7_@rspack+core@..+.codex+worktrees+a77f+rspack+packages+rspack/node_modules/babel-loader/lib/index.js):\n' +
+       '  ╰─▶   × Error: The original reference that WeakReference<rspack_binding_api::compilation::JsCompilation> is pointing to is dropped\n' +
+       '        │     at file:///data00/home/jinzhixin/.codex/worktrees/a77f/rspack/packages/rspack/dist/worker.js:3902:69\n' +
+       '        │     at runWorkerLoop (file:///data00/home/jinzhixin/.codex/worktrees/a77f/rspack/packages/rspack/dist/worker.js:3906:18)\n' +
+       '      \n',
+     moduleIdentifier: '/data00/home/jinzhixin/projects/rspack-bench/node_modules/.pnpm/babel-loader@10.1.1_@babel+core@7.29.7_@rspack+core@..+.codex+worktrees+a77f+rspack+packages+rspack/node_modules/babel-loader/lib/index.js??ruleSet[1].rules[0].use[0]!/data00/home/jinzhixin/projects/rspack-bench/results/noop-loader-2026-09-11T04-04-10-528Z-15/fixture/module-04629.js',
+     moduleName: './module-04629.js'
+   },
+   {
+     code: 'ModuleBuildError',
+     message: '  × Module build failed (from ../../../node_modules/.pnpm/babel-loader@10.1.1_@babel+core@7.29.7_@rspack+core@..+.codex+worktrees+a77f+rspack+packages+rspack/node_modules/babel-loader/lib/index.js):\n' +
+       '  ╰─▶   × Error: The original reference that WeakReference<rspack_binding_api::compilation::JsCompilation> is pointing to is dropped\n' +
+       '        │     at file:///data00/home/jinzhixin/.codex/worktrees/a77f/rspack/packages/rspack/dist/worker.js:3902:69\n' +
+       '        │     at runWorkerLoop (file:///data00/home/jinzhixin/.codex/worktrees/a77f/rspack/packages/rspack/dist/worker.js:3906:18)\n' +
+       '      \n',
+     moduleIdentifier: '/data00/home/jinzhixin/projects/rspack-bench/node_modules/.pnpm/babel-loader@10.1.1_@babel+core@7.29.7_@rspack+core@..+.codex+worktrees+a77f+rspack+packages+rspack/node_modules/babel-loader/lib/index.js??ruleSet[1].rules[0].use[0]!/data00/home/jinzhixin/projects/rspack-bench/results/noop-loader-2026-09-11T04-04-10-528Z-15/fixture/module-04671.js',
+     moduleName: './module-04671.js'
+   },
+   {
+     code: 'ModuleBuildError',
+     message: '  × Module build failed (from ../../../node_modules/.pnpm/babel-loader@10.1.1_@babel+core@7.29.7_@rspack+core@..+.codex+worktrees+a77f+rspack+packages+rspack/node_modules/babel-loader/lib/index.js):\n' +
+       '  ╰─▶   × Error: The original reference that WeakReference<rspack_binding_api::compilation::JsCompilation> is pointing to is dropped\n' +
+       '        │     at file:///data00/home/jinzhixin/.codex/worktrees/a77f/rspack/packages/rspack/dist/worker.js:3902:69\n' +
+       '        │     at runWorkerLoop (file:///data00/home/jinzhixin/.codex/worktrees/a77f/rspack/packages/rspack/dist/worker.js:3906:18)\n' +
+       '      \n',
+     moduleIdentifier: '/data00/home/jinzhixin/projects/rspack-bench/node_modules/.pnpm/babel-loader@10.1.1_@babel+core@7.29.7_@rspack+core@..+.codex+worktrees+a77f+rspack+packages+rspack/node_modules/babel-loader/lib/index.js??ruleSet[1].rules[0].use[0]!/data00/home/jinzhixin/projects/rspack-bench/results/noop-loader-2026-09-11T04-04-10-528Z-15/fixture/module-04674.js',
+     moduleName: './module-04674.js'
+   },
+   {
+     code: 'ModuleBuildError',
+     message: '  × Module build failed (from ../../../node_modules/.pnpm/babel-loader@10.1.1_@babel+core@7.29.7_@rspack+core@..+.codex+worktrees+a77f+rspack+packages+rspack/node_modules/babel-loader/lib/index.js):\n' +
+       '  ╰─▶   × Error: The original reference that WeakReference<rspack_binding_api::compilation::JsCompilation> is pointing to is dropped\n' +
+       '        │     at file:///data00/home/jinzhixin/.codex/worktrees/a77f/rspack/packages/rspack/dist/worker.js:3902:69\n' +
+       '        │     at runWorkerLoop (file:///data00/home/jinzhixin/.codex/worktrees/a77f/rspack/packages/rspack/dist/worker.js:3906:18)\n' +
+       '      \n',
+     moduleIdentifier: '/data00/home/jinzhixin/projects/rspack-bench/node_modules/.pnpm/babel-loader@10.1.1_@babel+core@7.29.7_@rspack+core@..+.codex+worktrees+a77f+rspack+packages+rspack/node_modules/babel-loader/lib/index.js??ruleSet[1].rules[0].use[0]!/data00/home/jinzhixin/projects/rspack-bench/results/noop-loader-2026-09-11T04-04-10-528Z-15/fixture/module-04680.js',
+     moduleName: './module-04680.js'
+   },
+   {
+     code: 'ModuleBuildError',
+     message: '  × Module build failed (from ../../../node_modules/.pnpm/babel-loader@10.1.1_@babel+core@7.29.7_@rspack+core@..+.codex+worktrees+a77f+rspack+packages+rspack/node_modules/babel-loader/lib/index.js):\n' +
+       '  ╰─▶   × Error: The original reference that WeakReference<rspack_binding_api::compilation::JsCompilation> is pointing to is dropped\n' +
+       '        │     at file:///data00/home/jinzhixin/.codex/worktrees/a77f/rspack/packages/rspack/dist/worker.js:3902:69\n' +
+       '        │     at runWorkerLoop (file:///data00/home/jinzhixin/.codex/worktrees/a77f/rspack/packages/rspack/dist/worker.js:3906:18)\n' +
+       '      \n',
+     moduleIdentifier: '/data00/home/jinzhixin/projects/rspack-bench/node_modules/.pnpm/babel-loader@10.1.1_@babel+core@7.29.7_@rspack+core@..+.codex+worktrees+a77f+rspack+packages+rspack/node_modules/babel-loader/lib/index.js??ruleSet[1].rules[0].use[0]!/data00/home/jinzhixin/projects/rspack-bench/results/noop-loader-2026-09-11T04-04-10-528Z-15/fixture/module-04681.js',
+     moduleName: './module-04681.js'
+   },
+   {
+     code: 'ModuleBuildError',
+     message: '  × Module build failed (from ../../../node_modules/.pnpm/babel-loader@10.1.1_@babel+core@7.29.7_@rspack+core@..+.codex+worktrees+a77f+rspack+packages+rspack/node_modules/babel-loader/lib/index.js):\n' +
+       '  ╰─▶   × Error: The original reference that WeakReference<rspack_binding_api::compilation::JsCompilation> is pointing to is dropped\n' +
+       '        │     at file:///data00/home/jinzhixin/.codex/worktrees/a77f/rspack/packages/rspack/dist/worker.js:3902:69\n' +
+       '        │     at runWorkerLoop (file:///data00/home/jinzhixin/.codex/worktrees/a77f/rspack/packages/rspack/dist/worker.js:3906:18)\n' +
+       '      \n',
+     moduleIdentifier: '/data00/home/jinzhixin/projects/rspack-bench/node_modules/.pnpm/babel-loader@10.1.1_@babel+core@7.29.7_@rspack+core@..+.codex+worktrees+a77f+rspack+packages+rspack/node_modules/babel-loader/lib/index.js??ruleSet[1].rules[0].use[0]!/data00/home/jinzhixin/projects/rspack-bench/results/noop-loader-2026-09-11T04-04-10-528Z-15/fixture/module-04714.js',
+     moduleName: './module-04714.js'
+   },
+   {
+     code: 'ModuleBuildError',
+     message: '  × Module build failed (from ../../../node_modules/.pnpm/babel-loader@10.1.1_@babel+core@7.29.7_@rspack+core@..+.codex+worktrees+a77f+rspack+packages+rspack/node_modules/babel-loader/lib/index.js):\n' +
+       '  ╰─▶   × Error: The original reference that WeakReference<rspack_binding_api::compilation::JsCompilation> is pointing to is dropped\n' +
+       '        │     at file:///data00/home/jinzhixin/.codex/worktrees/a77f/rspack/packages/rspack/dist/worker.js:3902:69\n' +
+       '        │     at runWorkerLoop (file:///data00/home/jinzhixin/.codex/worktrees/a77f/rspack/packages/rspack/dist/worker.js:3906:18)\n' +
+       '      \n',
+     moduleIdentifier: '/data00/home/jinzhixin/projects/rspack-bench/node_modules/.pnpm/babel-loader@10.1.1_@babel+core@7.29.7_@rspack+core@..+.codex+worktrees+a77f+rspack+packages+rspack/node_modules/babel-loader/lib/index.js??ruleSet[1].rules[0].use[0]!/data00/home/jinzhixin/projects/rspack-bench/results/noop-loader-2026-09-11T04-04-10-528Z-15/fixture/module-04761.js',
+     moduleName: './module-04761.js'
+   },
+   {
+     code: 'ModuleBuildError',
+     message: '  × Module build failed (from ../../../node_modules/.pnpm/babel-loader@10.1.1_@babel+core@7.29.7_@rspack+core@..+.codex+worktrees+a77f+rspack+packages+rspack/node_modules/babel-loader/lib/index.js):\n' +
+       '  ╰─▶   × Error: The original reference that WeakReference<rspack_binding_api::compilation::JsCompilation> is pointing to is dropped\n' +
+       '        │     at file:///data00/home/jinzhixin/.codex/worktrees/a77f/rspack/packages/rspack/dist/worker.js:3902:69\n' +
+       '        │     at runWorkerLoop (file:///data00/home/jinzhixin/.codex/worktrees/a77f/rspack/packages/rspack/dist/worker.js:3906:18)\n' +
+       '      \n',
+     moduleIdentifier: '/data00/home/jinzhixin/projects/rspack-bench/node_modules/.pnpm/babel-loader@10.1.1_@babel+core@7.29.7_@rspack+core@..+.codex+worktrees+a77f+rspack+packages+rspack/node_modules/babel-loader/lib/index.js??ruleSet[1].rules[0].use[0]!/data00/home/jinzhixin/projects/rspack-bench/results/noop-loader-2026-09-11T04-04-10-528Z-15/fixture/module-04771.js',
+     moduleName: './module-04771.js'
+   },
+   {
+     code: 'ModuleBuildError',
+     message: '  × Module build failed (from ../../../node_modules/.pnpm/babel-loader@10.1.1_@babel+core@7.29.7_@rspack+core@..+.codex+worktrees+a77f+rspack+packages+rspack/node_modules/babel-loader/lib/index.js):\n' +
+       '  ╰─▶   × Error: The original reference that WeakReference<rspack_binding_api::compilation::JsCompilation> is pointing to is dropped\n' +
+       '        │     at file:///data00/home/jinzhixin/.codex/worktrees/a77f/rspack/packages/rspack/dist/worker.js:3902:69\n' +
+       '        │     at runWorkerLoop (file:///data00/home/jinzhixin/.codex/worktrees/a77f/rspack/packages/rspack/dist/worker.js:3906:18)\n' +
+       '      \n',
+     moduleIdentifier: '/data00/home/jinzhixin/projects/rspack-bench/node_modules/.pnpm/babel-loader@10.1.1_@babel+core@7.29.7_@rspack+core@..+.codex+worktrees+a77f+rspack+packages+rspack/node_modules/babel-loader/lib/index.js??ruleSet[1].rules[0].use[0]!/data00/home/jinzhixin/projects/rspack-bench/results/noop-loader-2026-09-11T04-04-10-528Z-15/fixture/module-04835.js',
+     moduleName: './module-04835.js'
+   },
+   {
+     code: 'ModuleBuildError',
+     message: '  × Module build failed (from ../../../node_modules/.pnpm/babel-loader@10.1.1_@babel+core@7.29.7_@rspack+core@..+.codex+worktrees+a77f+rspack+packages+rspack/node_modules/babel-loader/lib/index.js):\n' +
+       '  ╰─▶   × Error: The original reference that WeakReference<rspack_binding_api::compilation::JsCompilation> is pointing to is dropped\n' +
+       '        │     at file:///data00/home/jinzhixin/.codex/worktrees/a77f/rspack/packages/rspack/dist/worker.js:3902:69\n' +
+       '        │     at runWorkerLoop (file:///data00/home/jinzhixin/.codex/worktrees/a77f/rspack/packages/rspack/dist/worker.js:3906:18)\n' +
+       '      \n',
+     moduleIdentifier: '/data00/home/jinzhixin/projects/rspack-bench/node_modules/.pnpm/babel-loader@10.1.1_@babel+core@7.29.7_@rspack+core@..+.codex+worktrees+a77f+rspack+packages+rspack/node_modules/babel-loader/lib/index.js??ruleSet[1].rules[0].use[0]!/data00/home/jinzhixin/projects/rspack-bench/results/noop-loader-2026-09-11T04-04-10-528Z-15/fixture/module-04838.js',
+     moduleName: './module-04838.js'
+   },
+   {
+     code: 'ModuleBuildError',
+     message: '  × Module build failed (from ../../../node_modules/.pnpm/babel-loader@10.1.1_@babel+core@7.29.7_@rspack+core@..+.codex+worktrees+a77f+rspack+packages+rspack/node_modules/babel-loader/lib/index.js):\n' +
+       '  ╰─▶   × Error: The original reference that WeakReference<rspack_binding_api::compilation::JsCompilation> is pointing to is dropped\n' +
+       '        │     at file:///data00/home/jinzhixin/.codex/worktrees/a77f/rspack/packages/rspack/dist/worker.js:3902:69\n' +
+       '        │     at runWorkerLoop (file:///data00/home/jinzhixin/.codex/worktrees/a77f/rspack/packages/rspack/dist/worker.js:3906:18)\n' +
+       '      \n',
+     moduleIdentifier: '/data00/home/jinzhixin/projects/rspack-bench/node_modules/.pnpm/babel-loader@10.1.1_@babel+core@7.29.7_@rspack+core@..+.codex+worktrees+a77f+rspack+packages+rspack/node_modules/babel-loader/lib/index.js??ruleSet[1].rules[0].use[0]!/data00/home/jinzhixin/projects/rspack-bench/results/noop-loader-2026-09-11T04-04-10-528Z-15/fixture/module-04843.js',
+     moduleName: './module-04843.js'
+   },
+   {
+     code: 'ModuleBuildError',
+     message: '  × Module build failed (from ../../../node_modules/.pnpm/babel-loader@10.1.1_@babel+core@7.29.7_@rspack+core@..+.codex+worktrees+a77f+rspack+packages+rspack/node_modules/babel-loader/lib/index.js):\n' +
+       '  ╰─▶   × Error: The original reference that WeakReference<rspack_binding_api::compilation::JsCompilation> is pointing to is dropped\n' +
+       '        │     at file:///data00/home/jinzhixin/.codex/worktrees/a77f/rspack/packages/rspack/dist/worker.js:3902:69\n' +
+       '        │     at runWorkerLoop (file:///data00/home/jinzhixin/.codex/worktrees/a77f/rspack/packages/rspack/dist/worker.js:3906:18)\n' +
+       '      \n',
+     moduleIdentifier: '/data00/home/jinzhixin/projects/rspack-bench/node_modules/.pnpm/babel-loader@10.1.1_@babel+core@7.29.7_@rspack+core@..+.codex+worktrees+a77f+rspack+packages+rspack/node_modules/babel-loader/lib/index.js??ruleSet[1].rules[0].use[0]!/data00/home/jinzhixin/projects/rspack-bench/results/noop-loader-2026-09-11T04-04-10-528Z-15/fixture/module-04844.js',
+     moduleName: './module-04844.js'
+   },
+   {
+     code: 'ModuleBuildError',
+     message: '  × Module build failed (from ../../../node_modules/.pnpm/babel-loader@10.1.1_@babel+core@7.29.7_@rspack+core@..+.codex+worktrees+a77f+rspack+packages+rspack/node_modules/babel-loader/lib/index.js):\n' +
+       '  ╰─▶   × Error: The original reference that WeakReference<rspack_binding_api::compilation::JsCompilation> is pointing to is dropped\n' +
+       '        │     at file:///data00/home/jinzhixin/.codex/worktrees/a77f/rspack/packages/rspack/dist/worker.js:3902:69\n' +
+       '        │     at runWorkerLoop (file:///data00/home/jinzhixin/.codex/worktrees/a77f/rspack/packages/rspack/dist/worker.js:3906:18)\n' +
+       '      \n',
+     moduleIdentifier: '/data00/home/jinzhixin/projects/rspack-bench/node_modules/.pnpm/babel-loader@10.1.1_@babel+core@7.29.7_@rspack+core@..+.codex+worktrees+a77f+rspack+packages+rspack/node_modules/babel-loader/lib/index.js??ruleSet[1].rules[0].use[0]!/data00/home/jinzhixin/projects/rspack-bench/results/noop-loader-2026-09-11T04-04-10-528Z-15/fixture/module-04856.js',
+     moduleName: './module-04856.js'
+   },
+   {
+     code: 'ModuleBuildError',
+     message: '  × Module build failed (from ../../../node_modules/.pnpm/babel-loader@10.1.1_@babel+core@7.29.7_@rspack+core@..+.codex+worktrees+a77f+rspack+packages+rspack/node_modules/babel-loader/lib/index.js):\n' +
+       '  ╰─▶   × Error: The original reference that WeakReference<rspack_binding_api::compilation::JsCompilation> is pointing to is dropped\n' +
+       '        │     at file:///data00/home/jinzhixin/.codex/worktrees/a77f/rspack/packages/rspack/dist/worker.js:3902:69\n' +
+       '        │     at runWorkerLoop (file:///data00/home/jinzhixin/.codex/worktrees/a77f/rspack/packages/rspack/dist/worker.js:3906:18)\n' +
+       '      \n',
+     moduleIdentifier: '/data00/home/jinzhixin/projects/rspack-bench/node_modules/.pnpm/babel-loader@10.1.1_@babel+core@7.29.7_@rspack+core@..+.codex+worktrees+a77f+rspack+packages+rspack/node_modules/babel-loader/lib/index.js??ruleSet[1].rules[0].use[0]!/data00/home/jinzhixin/projects/rspack-bench/results/noop-loader-2026-09-11T04-04-10-528Z-15/fixture/module-04860.js',
+     moduleName: './module-04860.js'
+   },
+   {
+     code: 'ModuleBuildError',
+     message: '  × Module build failed (from ../../../node_modules/.pnpm/babel-loader@10.1.1_@babel+core@7.29.7_@rspack+core@..+.codex+worktrees+a77f+rspack+packages+rspack/node_modules/babel-loader/lib/index.js):\n' +
+       '  ╰─▶   × Error: The original reference that WeakReference<rspack_binding_api::compilation::JsCompilation> is pointing to is dropped\n' +
+       '        │     at file:///data00/home/jinzhixin/.codex/worktrees/a77f/rspack/packages/rspack/dist/worker.js:3902:69\n' +
+       '        │     at runWorkerLoop (file:///data00/home/jinzhixin/.codex/worktrees/a77f/rspack/packages/rspack/dist/worker.js:3906:18)\n' +
+       '      \n',
+     moduleIdentifier: '/data00/home/jinzhixin/projects/rspack-bench/node_modules/.pnpm/babel-loader@10.1.1_@babel+core@7.29.7_@rspack+core@..+.codex+worktrees+a77f+rspack+packages+rspack/node_modules/babel-loader/lib/index.js??ruleSet[1].rules[0].use[0]!/data00/home/jinzhixin/projects/rspack-bench/results/noop-loader-2026-09-11T04-04-10-528Z-15/fixture/module-04976.js',
+     moduleName: './module-04976.js'
+   },
+   {
+     code: 'ModuleBuildError',
+     message: '  × Module build failed (from ../../../node_modules/.pnpm/babel-loader@10.1.1_@babel+core@7.29.7_@rspack+core@..+.codex+worktrees+a77f+rspack+packages+rspack/node_modules/babel-loader/lib/index.js):\n' +
+       '  ╰─▶   × Error: The original reference that WeakReference<rspack_binding_api::compilation::JsCompilation> is pointing to is dropped\n' +
+       '        │     at file:///data00/home/jinzhixin/.codex/worktrees/a77f/rspack/packages/rspack/dist/worker.js:3902:69\n' +
+       '        │     at runWorkerLoop (file:///data00/home/jinzhixin/.codex/worktrees/a77f/rspack/packages/rspack/dist/worker.js:3906:18)\n' +
+       '      \n',
+     moduleIdentifier: '/data00/home/jinzhixin/projects/rspack-bench/node_modules/.pnpm/babel-loader@10.1.1_@babel+core@7.29.7_@rspack+core@..+.codex+worktrees+a77f+rspack+packages+rspack/node_modules/babel-loader/lib/index.js??ruleSet[1].rules[0].use[0]!/data00/home/jinzhixin/projects/rspack-bench/results/noop-loader-2026-09-11T04-04-10-528Z-15/fixture/module-05035.js',
+     moduleName: './module-05035.js'
+   },
+   {
+     code: 'ModuleBuildError',
+     message: '  × Module build failed (from ../../../node_modules/.pnpm/babel-loader@10.1.1_@babel+core@7.29.7_@rspack+core@..+.codex+worktrees+a77f+rspack+packages+rspack/node_modules/babel-loader/lib/index.js):\n' +
+       '  ╰─▶   × Error: The original reference that WeakReference<rspack_binding_api::compilation::JsCompilation> is pointing to is dropped\n' +
+       '        │     at file:///data00/home/jinzhixin/.codex/worktrees/a77f/rspack/packages/rspack/dist/worker.js:3902:69\n' +
+       '        │     at runWorkerLoop (file:///data00/home/jinzhixin/.codex/worktrees/a77f/rspack/packages/rspack/dist/worker.js:3906:18)\n' +
+       '      \n',
+     moduleIdentifier: '/data00/home/jinzhixin/projects/rspack-bench/node_modules/.pnpm/babel-loader@10.1.1_@babel+core@7.29.7_@rspack+core@..+.codex+worktrees+a77f+rspack+packages+rspack/node_modules/babel-loader/lib/index.js??ruleSet[1].rules[0].use[0]!/data00/home/jinzhixin/projects/rspack-bench/results/noop-loader-2026-09-11T04-04-10-528Z-15/fixture/module-05082.js',
+     moduleName: './module-05082.js'
+   },
+   {
+     code: 'ModuleBuildError',
+     message: '  × Module build failed (from ../../../node_modules/.pnpm/babel-loader@10.1.1_@babel+core@7.29.7_@rspack+core@..+.codex+worktrees+a77f+rspack+packages+rspack/node_modules/babel-loader/lib/index.js):\n' +
+       '  ╰─▶   × Error: The original reference that WeakReference<rspack_binding_api::compilation::JsCompilation> is pointing to is dropped\n' +
+       '        │     at file:///data00/home/jinzhixin/.codex/worktrees/a77f/rspack/packages/rspack/dist/worker.js:3902:69\n' +
+       '        │     at runWorkerLoop (file:///data00/home/jinzhixin/.codex/worktrees/a77f/rspack/packages/rspack/dist/worker.js:3906:18)\n' +
+       '      \n',
+     moduleIdentifier: '/data00/home/jinzhixin/projects/rspack-bench/node_modules/.pnpm/babel-loader@10.1.1_@babel+core@7.29.7_@rspack+core@..+.codex+worktrees+a77f+rspack+packages+rspack/node_modules/babel-loader/lib/index.js??ruleSet[1].rules[0].use[0]!/data00/home/jinzhixin/projects/rspack-bench/results/noop-loader-2026-09-11T04-04-10-528Z-15/fixture/module-05085.js',
+     moduleName: './module-05085.js'
+   },
+   {
+     code: 'ModuleBuildError',
+     message: '  × Module build failed (from ../../../node_modules/.pnpm/babel-loader@10.1.1_@babel+core@7.29.7_@rspack+core@..+.codex+worktrees+a77f+rspack+packages+rspack/node_modules/babel-loader/lib/index.js):\n' +
+       '  ╰─▶   × Error: The original reference that WeakReference<rspack_binding_api::compilation::JsCompilation> is pointing to is dropped\n' +
+       '        │     at file:///data00/home/jinzhixin/.codex/worktrees/a77f/rspack/packages/rspack/dist/worker.js:3902:69\n' +
+       '        │     at runWorkerLoop (file:///data00/home/jinzhixin/.codex/worktrees/a77f/rspack/packages/rspack/dist/worker.js:3906:18)\n' +
+       '      \n',
+     moduleIdentifier: '/data00/home/jinzhixin/projects/rspack-bench/node_modules/.pnpm/babel-loader@10.1.1_@babel+core@7.29.7_@rspack+core@..+.codex+worktrees+a77f+rspack+packages+rspack/node_modules/babel-loader/lib/index.js??ruleSet[1].rules[0].use[0]!/data00/home/jinzhixin/projects/rspack-bench/results/noop-loader-2026-09-11T04-04-10-528Z-15/fixture/module-05101.js',
+     moduleName: './module-05101.js'
+   },
+   {
+     code: 'ModuleBuildError',
+     message: '  × Module build failed (from ../../../node_modules/.pnpm/babel-loader@10.1.1_@babel+core@7.29.7_@rspack+core@..+.codex+worktrees+a77f+rspack+packages+rspack/node_modules/babel-loader/lib/index.js):\n' +
+       '  ╰─▶   × Error: The original reference that WeakReference<rspack_binding_api::compilation::JsCompilation> is pointing to is dropped\n' +
+       '        │     at file:///data00/home/jinzhixin/.codex/worktrees/a77f/rspack/packages/rspack/dist/worker.js:3902:69\n' +
+       '        │     at runWorkerLoop (file:///data00/home/jinzhixin/.codex/worktrees/a77f/rspack/packages/rspack/dist/worker.js:3906:18)\n' +
+       '      \n',
+     moduleIdentifier: '/data00/home/jinzhixin/projects/rspack-bench/node_modules/.pnpm/babel-loader@10.1.1_@babel+core@7.29.7_@rspack+core@..+.codex+worktrees+a77f+rspack+packages+rspack/node_modules/babel-loader/lib/index.js??ruleSet[1].rules[0].use[0]!/data00/home/jinzhixin/projects/rspack-bench/results/noop-loader-2026-09-11T04-04-10-528Z-15/fixture/module-05112.js',
+     moduleName: './module-05112.js'
+   },
+   {
+     code: 'ModuleBuildError',
+     message: '  × Module build failed (from ../../../node_modules/.pnpm/babel-loader@10.1.1_@babel+core@7.29.7_@rspack+core@..+.codex+worktrees+a77f+rspack+packages+rspack/node_modules/babel-loader/lib/index.js):\n' +
+       '  ╰─▶   × Error: The original reference that WeakReference<rspack_binding_api::compilation::JsCompilation> is pointing to is dropped\n' +
+       '        │     at file:///data00/home/jinzhixin/.codex/worktrees/a77f/rspack/packages/rspack/dist/worker.js:3902:69\n' +
+       '        │     at runWorkerLoop (file:///data00/home/jinzhixin/.codex/worktrees/a77f/rspack/packages/rspack/dist/worker.js:3906:18)\n' +
+       '      \n',
+     moduleIdentifier: '/data00/home/jinzhixin/projects/rspack-bench/node_modules/.pnpm/babel-loader@10.1.1_@babel+core@7.29.7_@rspack+core@..+.codex+worktrees+a77f+rspack+packages+rspack/node_modules/babel-loader/lib/index.js??ruleSet[1].rules[0].use[0]!/data00/home/jinzhixin/projects/rspack-bench/results/noop-loader-2026-09-11T04-04-10-528Z-15/fixture/module-05147.js',
+     moduleName: './module-05147.js'
+   },
+   {
+     code: 'ModuleBuildError',
+     message: '  × Module build failed (from ../../../node_modules/.pnpm/babel-loader@10.1.1_@babel+core@7.29.7_@rspack+core@..+.codex+worktrees+a77f+rspack+packages+rspack/node_modules/babel-loader/lib/index.js):\n' +
+       '  ╰─▶   × Error: The original reference that WeakReference<rspack_binding_api::compilation::JsCompilation> is pointing to is dropped\n' +
+       '        │     at file:///data00/home/jinzhixin/.codex/worktrees/a77f/rspack/packages/rspack/dist/worker.js:3902:69\n' +
+       '        │     at runWorkerLoop (file:///data00/home/jinzhixin/.codex/worktrees/a77f/rspack/packages/rspack/dist/worker.js:3906:18)\n' +
+       '      \n',
+     moduleIdentifier: '/data00/home/jinzhixin/projects/rspack-bench/node_modules/.pnpm/babel-loader@10.1.1_@babel+core@7.29.7_@rspack+core@..+.codex+worktrees+a77f+rspack+packages+rspack/node_modules/babel-loader/lib/index.js??ruleSet[1].rules[0].use[0]!/data00/home/jinzhixin/projects/rspack-bench/results/noop-loader-2026-09-11T04-04-10-528Z-15/fixture/module-05153.js',
+     moduleName: './module-05153.js'
+   },
+   {
+     code: 'ModuleBuildError',
+     message: '  × Module build failed (from ../../../node_modules/.pnpm/babel-loader@10.1.1_@babel+core@7.29.7_@rspack+core@..+.codex+worktrees+a77f+rspack+packages+rspack/node_modules/babel-loader/lib/index.js):\n' +
+       '  ╰─▶   × Error: The original reference that WeakReference<rspack_binding_api::compilation::JsCompilation> is pointing to is dropped\n' +
+       '        │     at file:///data00/home/jinzhixin/.codex/worktrees/a77f/rspack/packages/rspack/dist/worker.js:3902:69\n' +
+       '        │     at runWorkerLoop (file:///data00/home/jinzhixin/.codex/worktrees/a77f/rspack/packages/rspack/dist/worker.js:3906:18)\n' +
+       '      \n',
+     moduleIdentifier: '/data00/home/jinzhixin/projects/rspack-bench/node_modules/.pnpm/babel-loader@10.1.1_@babel+core@7.29.7_@rspack+core@..+.codex+worktrees+a77f+rspack+packages+rspack/node_modules/babel-loader/lib/index.js??ruleSet[1].rules[0].use[0]!/data00/home/jinzhixin/projects/rspack-bench/results/noop-loader-2026-09-11T04-04-10-528Z-15/fixture/module-05174.js',
+     moduleName: './module-05174.js'
+   },
+   {
+     code: 'ModuleBuildError',
+     message: '  × Module build failed (from ../../../node_modules/.pnpm/babel-loader@10.1.1_@babel+core@7.29.7_@rspack+core@..+.codex+worktrees+a77f+rspack+packages+rspack/node_modules/babel-loader/lib/index.js):\n' +
+       '  ╰─▶   × Error: The original reference that WeakReference<rspack_binding_api::compilation::JsCompilation> is pointing to is dropped\n' +
+       '        │     at file:///data00/home/jinzhixin/.codex/worktrees/a77f/rspack/packages/rspack/dist/worker.js:3902:69\n' +
+       '        │     at runWorkerLoop (file:///data00/home/jinzhixin/.codex/worktrees/a77f/rspack/packages/rspack/dist/worker.js:3906:18)\n' +
+       '      \n',
+     moduleIdentifier: '/data00/home/jinzhixin/projects/rspack-bench/node_modules/.pnpm/babel-loader@10.1.1_@babel+core@7.29.7_@rspack+core@..+.codex+worktrees+a77f+rspack+packages+rspack/node_modules/babel-loader/lib/index.js??ruleSet[1].rules[0].use[0]!/data00/home/jinzhixin/projects/rspack-bench/results/noop-loader-2026-09-11T04-04-10-528Z-15/fixture/module-05186.js',
+     moduleName: './module-05186.js'
+   },
+   {
+     code: 'ModuleBuildError',
+     message: '  × Module build failed (from ../../../node_modules/.pnpm/babel-loader@10.1.1_@babel+core@7.29.7_@rspack+core@..+.codex+worktrees+a77f+rspack+packages+rspack/node_modules/babel-loader/lib/index.js):\n' +
+       '  ╰─▶   × Error: The original reference that WeakReference<rspack_binding_api::compilation::JsCompilation> is pointing to is dropped\n' +
+       '        │     at file:///data00/home/jinzhixin/.codex/worktrees/a77f/rspack/packages/rspack/dist/worker.js:3902:69\n' +
+       '        │     at runWorkerLoop (file:///data00/home/jinzhixin/.codex/worktrees/a77f/rspack/packages/rspack/dist/worker.js:3906:18)\n' +
+       '      \n',
+     moduleIdentifier: '/data00/home/jinzhixin/projects/rspack-bench/node_modules/.pnpm/babel-loader@10.1.1_@babel+core@7.29.7_@rspack+core@..+.codex+worktrees+a77f+rspack+packages+rspack/node_modules/babel-loader/lib/index.js??ruleSet[1].rules[0].use[0]!/data00/home/jinzhixin/projects/rspack-bench/results/noop-loader-2026-09-11T04-04-10-528Z-15/fixture/module-05202.js',
+     moduleName: './module-05202.js'
+   },
+   {
+     code: 'ModuleBuildError',
+     message: '  × Module build failed (from ../../../node_modules/.pnpm/babel-loader@10.1.1_@babel+core@7.29.7_@rspack+core@..+.codex+worktrees+a77f+rspack+packages+rspack/node_modules/babel-loader/lib/index.js):\n' +
+       '  ╰─▶   × Error: The original reference that WeakReference<rspack_binding_api::compilation::JsCompilation> is pointing to is dropped\n' +
+       '        │     at file:///data00/home/jinzhixin/.codex/worktrees/a77f/rspack/packages/rspack/dist/worker.js:3902:69\n' +
+       '        │     at runWorkerLoop (file:///data00/home/jinzhixin/.codex/worktrees/a77f/rspack/packages/rspack/dist/worker.js:3906:18)\n' +
+       '      \n',
+     moduleIdentifier: '/data00/home/jinzhixin/projects/rspack-bench/node_modules/.pnpm/babel-loader@10.1.1_@babel+core@7.29.7_@rspack+core@..+.codex+worktrees+a77f+rspack+packages+rspack/node_modules/babel-loader/lib/index.js??ruleSet[1].rules[0].use[0]!/data00/home/jinzhixin/projects/rspack-bench/results/noop-loader-2026-09-11T04-04-10-528Z-15/fixture/module-05222.js',
+     moduleName: './module-05222.js'
+   },
+   {
+     code: 'ModuleBuildError',
+     message: '  × Module build failed (from ../../../node_modules/.pnpm/babel-loader@10.1.1_@babel+core@7.29.7_@rspack+core@..+.codex+worktrees+a77f+rspack+packages+rspack/node_modules/babel-loader/lib/index.js):\n' +
+       '  ╰─▶   × Error: The original reference that WeakReference<rspack_binding_api::compilation::JsCompilation> is pointing to is dropped\n' +
+       '        │     at file:///data00/home/jinzhixin/.codex/worktrees/a77f/rspack/packages/rspack/dist/worker.js:3902:69\n' +
+       '        │     at runWorkerLoop (file:///data00/home/jinzhixin/.codex/worktrees/a77f/rspack/packages/rspack/dist/worker.js:3906:18)\n' +
+       '      \n',
+     moduleIdentifier: '/data00/home/jinzhixin/projects/rspack-bench/node_modules/.pnpm/babel-loader@10.1.1_@babel+core@7.29.7_@rspack+core@..+.codex+worktrees+a77f+rspack+packages+rspack/node_modules/babel-loader/lib/index.js??ruleSet[1].rules[0].use[0]!/data00/home/jinzhixin/projects/rspack-bench/results/noop-loader-2026-09-11T04-04-10-528Z-15/fixture/module-05235.js',
+     moduleName: './module-05235.js'
+   },
+   {
+     code: 'ModuleBuildError',
+     message: '  × Module build failed (from ../../../node_modules/.pnpm/babel-loader@10.1.1_@babel+core@7.29.7_@rspack+core@..+.codex+worktrees+a77f+rspack+packages+rspack/node_modules/babel-loader/lib/index.js):\n' +
+       '  ╰─▶   × Error: The original reference that WeakReference<rspack_binding_api::compilation::JsCompilation> is pointing to is dropped\n' +
+       '        │     at file:///data00/home/jinzhixin/.codex/worktrees/a77f/rspack/packages/rspack/dist/worker.js:3902:69\n' +
+       '        │     at runWorkerLoop (file:///data00/home/jinzhixin/.codex/worktrees/a77f/rspack/packages/rspack/dist/worker.js:3906:18)\n' +
+       '      \n',
+     moduleIdentifier: '/data00/home/jinzhixin/projects/rspack-bench/node_modules/.pnpm/babel-loader@10.1.1_@babel+core@7.29.7_@rspack+core@..+.codex+worktrees+a77f+rspack+packages+rspack/node_modules/babel-loader/lib/index.js??ruleSet[1].rules[0].use[0]!/data00/home/jinzhixin/projects/rspack-bench/results/noop-loader-2026-09-11T04-04-10-528Z-15/fixture/module-05278.js',
+     moduleName: './module-05278.js'
+   },
+   {
+     code: 'ModuleBuildError',
+     message: '  × Module build failed (from ../../../node_modules/.pnpm/babel-loader@10.1.1_@babel+core@7.29.7_@rspack+core@..+.codex+worktrees+a77f+rspack+packages+rspack/node_modules/babel-loader/lib/index.js):\n' +
+       '  ╰─▶   × Error: The original reference that WeakReference<rspack_binding_api::compilation::JsCompilation> is pointing to is dropped\n' +
+       '        │     at file:///data00/home/jinzhixin/.codex/worktrees/a77f/rspack/packages/rspack/dist/worker.js:3902:69\n' +
+       '        │     at runWorkerLoop (file:///data00/home/jinzhixin/.codex/worktrees/a77f/rspack/packages/rspack/dist/worker.js:3906:18)\n' +
+       '      \n',
+     moduleIdentifier: '/data00/home/jinzhixin/projects/rspack-bench/node_modules/.pnpm/babel-loader@10.1.1_@babel+core@7.29.7_@rspack+core@..+.codex+worktrees+a77f+rspack+packages+rspack/node_modules/babel-loader/lib/index.js??ruleSet[1].rules[0].use[0]!/data00/home/jinzhixin/projects/rspack-bench/results/noop-loader-2026-09-11T04-04-10-528Z-15/fixture/module-05291.js',
+     moduleName: './module-05291.js'
+   },
+   {
+     code: 'ModuleBuildError',
+     message: '  × Module build failed (from ../../../node_modules/.pnpm/babel-loader@10.1.1_@babel+core@7.29.7_@rspack+core@..+.codex+worktrees+a77f+rspack+packages+rspack/node_modules/babel-loader/lib/index.js):\n' +
+       '  ╰─▶   × Error: The original reference that WeakReference<rspack_binding_api::compilation::JsCompilation> is pointing to is dropped\n' +
+       '        │     at file:///data00/home/jinzhixin/.codex/worktrees/a77f/rspack/packages/rspack/dist/worker.js:3902:69\n' +
+       '        │     at runWorkerLoop (file:///data00/home/jinzhixin/.codex/worktrees/a77f/rspack/packages/rspack/dist/worker.js:3906:18)\n' +
+       '      \n',
+     moduleIdentifier: '/data00/home/jinzhixin/projects/rspack-bench/node_modules/.pnpm/babel-loader@10.1.1_@babel+core@7.29.7_@rspack+core@..+.codex+worktrees+a77f+rspack+packages+rspack/node_modules/babel-loader/lib/index.js??ruleSet[1].rules[0].use[0]!/data00/home/jinzhixin/projects/rspack-bench/results/noop-loader-2026-09-11T04-04-10-528Z-15/fixture/module-05303.js',
+     moduleName: './module-05303.js'
+   },
+   {
+     code: 'ModuleBuildError',
+     message: '  × Module build failed (from ../../../node_modules/.pnpm/babel-loader@10.1.1_@babel+core@7.29.7_@rspack+core@..+.codex+worktrees+a77f+rspack+packages+rspack/node_modules/babel-loader/lib/index.js):\n' +
+       '  ╰─▶   × Error: The original reference that WeakReference<rspack_binding_api::compilation::JsCompilation> is pointing to is dropped\n' +
+       '        │     at file:///data00/home/jinzhixin/.codex/worktrees/a77f/rspack/packages/rspack/dist/worker.js:3902:69\n' +
+       '        │     at runWorkerLoop (file:///data00/home/jinzhixin/.codex/worktrees/a77f/rspack/packages/rspack/dist/worker.js:3906:18)\n' +
+       '      \n',
+     moduleIdentifier: '/data00/home/jinzhixin/projects/rspack-bench/node_modules/.pnpm/babel-loader@10.1.1_@babel+core@7.29.7_@rspack+core@..+.codex+worktrees+a77f+rspack+packages+rspack/node_modules/babel-loader/lib/index.js??ruleSet[1].rules[0].use[0]!/data00/home/jinzhixin/projects/rspack-bench/results/noop-loader-2026-09-11T04-04-10-528Z-15/fixture/module-05315.js',
+     moduleName: './module-05315.js'
+   },
+   {
+     code: 'ModuleBuildError',
+     message: '  × Module build failed (from ../../../node_modules/.pnpm/babel-loader@10.1.1_@babel+core@7.29.7_@rspack+core@..+.codex+worktrees+a77f+rspack+packages+rspack/node_modules/babel-loader/lib/index.js):\n' +
+       '  ╰─▶   × Error: The original reference that WeakReference<rspack_binding_api::compilation::JsCompilation> is pointing to is dropped\n' +
+       '        │     at file:///data00/home/jinzhixin/.codex/worktrees/a77f/rspack/packages/rspack/dist/worker.js:3902:69\n' +
+       '        │     at runWorkerLoop (file:///data00/home/jinzhixin/.codex/worktrees/a77f/rspack/packages/rspack/dist/worker.js:3906:18)\n' +
+       '      \n',
+     moduleIdentifier: '/data00/home/jinzhixin/projects/rspack-bench/node_modules/.pnpm/babel-loader@10.1.1_@babel+core@7.29.7_@rspack+core@..+.codex+worktrees+a77f+rspack+packages+rspack/node_modules/babel-loader/lib/index.js??ruleSet[1].rules[0].use[0]!/data00/home/jinzhixin/projects/rspack-bench/results/noop-loader-2026-09-11T04-04-10-528Z-15/fixture/module-05759.js',
+     moduleName: './module-05759.js'
+   },
+   {
+     code: 'ModuleBuildError',
+     message: '  × Module build failed (from ../../../node_modules/.pnpm/babel-loader@10.1.1_@babel+core@7.29.7_@rspack+core@..+.codex+worktrees+a77f+rspack+packages+rspack/node_modules/babel-loader/lib/index.js):\n' +
+       '  ╰─▶   × Error: The original reference that WeakReference<rspack_binding_api::compilation::JsCompilation> is pointing to is dropped\n' +
+       '        │     at file:///data00/home/jinzhixin/.codex/worktrees/a77f/rspack/packages/rspack/dist/worker.js:3902:69\n' +
+       '        │     at runWorkerLoop (file:///data00/home/jinzhixin/.codex/worktrees/a77f/rspack/packages/rspack/dist/worker.js:3906:18)\n' +
+       '      \n',
+     moduleIdentifier: '/data00/home/jinzhixin/projects/rspack-bench/node_modules/.pnpm/babel-loader@10.1.1_@babel+core@7.29.7_@rspack+core@..+.codex+worktrees+a77f+rspack+packages+rspack/node_modules/babel-loader/lib/index.js??ruleSet[1].rules[0].use[0]!/data00/home/jinzhixin/projects/rspack-bench/results/noop-loader-2026-09-11T04-04-10-528Z-15/fixture/module-05783.js',
+     moduleName: './module-05783.js'
+   },
+   {
+     code: 'ModuleBuildError',
+     message: '  × Module build failed (from ../../../node_modules/.pnpm/babel-loader@10.1.1_@babel+core@7.29.7_@rspack+core@..+.codex+worktrees+a77f+rspack+packages+rspack/node_modules/babel-loader/lib/index.js):\n' +
+       '  ╰─▶   × Error: The original reference that WeakReference<rspack_binding_api::compilation::JsCompilation> is pointing to is dropped\n' +
+       '        │     at file:///data00/home/jinzhixin/.codex/worktrees/a77f/rspack/packages/rspack/dist/worker.js:3902:69\n' +
+       '        │     at runWorkerLoop (file:///data00/home/jinzhixin/.codex/worktrees/a77f/rspack/packages/rspack/dist/worker.js:3906:18)\n' +
+       '      \n',
+     moduleIdentifier: '/data00/home/jinzhixin/projects/rspack-bench/node_modules/.pnpm/babel-loader@10.1.1_@babel+core@7.29.7_@rspack+core@..+.codex+worktrees+a77f+rspack+packages+rspack/node_modules/babel-loader/lib/index.js??ruleSet[1].rules[0].use[0]!/data00/home/jinzhixin/projects/rspack-bench/results/noop-loader-2026-09-11T04-04-10-528Z-15/fixture/module-05797.js',
+     moduleName: './module-05797.js'
+   },
+   {
+     code: 'ModuleBuildError',
+     message: '  × Module build failed (from ../../../node_modules/.pnpm/babel-loader@10.1.1_@babel+core@7.29.7_@rspack+core@..+.codex+worktrees+a77f+rspack+packages+rspack/node_modules/babel-loader/lib/index.js):\n' +
+       '  ╰─▶   × Error: The original reference that WeakReference<rspack_binding_api::compilation::JsCompilation> is pointing to is dropped\n' +
+       '        │     at file:///data00/home/jinzhixin/.codex/worktrees/a77f/rspack/packages/rspack/dist/worker.js:3902:69\n' +
+       '        │     at runWorkerLoop (file:///data00/home/jinzhixin/.codex/worktrees/a77f/rspack/packages/rspack/dist/worker.js:3906:18)\n' +
+       '      \n',
+     moduleIdentifier: '/data00/home/jinzhixin/projects/rspack-bench/node_modules/.pnpm/babel-loader@10.1.1_@babel+core@7.29.7_@rspack+core@..+.codex+worktrees+a77f+rspack+packages+rspack/node_modules/babel-loader/lib/index.js??ruleSet[1].rules[0].use[0]!/data00/home/jinzhixin/projects/rspack-bench/results/noop-loader-2026-09-11T04-04-10-528Z-15/fixture/module-05805.js',
+     moduleName: './module-05805.js'
+   },
+   {
+     code: 'ModuleBuildError',
+     message: '  × Module build failed (from ../../../node_modules/.pnpm/babel-loader@10.1.1_@babel+core@7.29.7_@rspack+core@..+.codex+worktrees+a77f+rspack+packages+rspack/node_modules/babel-loader/lib/index.js):\n' +
+       '  ╰─▶   × Error: The original reference that WeakReference<rspack_binding_api::compilation::JsCompilation> is pointing to is dropped\n' +
+       '        │     at file:///data00/home/jinzhixin/.codex/worktrees/a77f/rspack/packages/rspack/dist/worker.js:3902:69\n' +
+       '        │     at runWorkerLoop (file:///data00/home/jinzhixin/.codex/worktrees/a77f/rspack/packages/rspack/dist/worker.js:3906:18)\n' +
+       '      \n',
+     moduleIdentifier: '/data00/home/jinzhixin/projects/rspack-bench/node_modules/.pnpm/babel-loader@10.1.1_@babel+core@7.29.7_@rspack+core@..+.codex+worktrees+a77f+rspack+packages+rspack/node_modules/babel-loader/lib/index.js??ruleSet[1].rules[0].use[0]!/data00/home/jinzhixin/projects/rspack-bench/results/noop-loader-2026-09-11T04-04-10-528Z-15/fixture/module-05807.js',
+     moduleName: './module-05807.js'
+   },
+   {
+     code: 'ModuleBuildError',
+     message: '  × Module build failed (from ../../../node_modules/.pnpm/babel-loader@10.1.1_@babel+core@7.29.7_@rspack+core@..+.codex+worktrees+a77f+rspack+packages+rspack/node_modules/babel-loader/lib/index.js):\n' +
+       '  ╰─▶   × Error: The original reference that WeakReference<rspack_binding_api::compilation::JsCompilation> is pointing to is dropped\n' +
+       '        │     at file:///data00/home/jinzhixin/.codex/worktrees/a77f/rspack/packages/rspack/dist/worker.js:3902:69\n' +
+       '        │     at runWorkerLoop (file:///data00/home/jinzhixin/.codex/worktrees/a77f/rspack/packages/rspack/dist/worker.js:3906:18)\n' +
+       '      \n',
+     moduleIdentifier: '/data00/home/jinzhixin/projects/rspack-bench/node_modules/.pnpm/babel-loader@10.1.1_@babel+core@7.29.7_@rspack+core@..+.codex+worktrees+a77f+rspack+packages+rspack/node_modules/babel-loader/lib/index.js??ruleSet[1].rules[0].use[0]!/data00/home/jinzhixin/projects/rspack-bench/results/noop-loader-2026-09-11T04-04-10-528Z-15/fixture/module-05818.js',
+     moduleName: './module-05818.js'
+   },
+   {
+     code: 'ModuleBuildError',
+     message: '  × Module build failed (from ../../../node_modules/.pnpm/babel-loader@10.1.1_@babel+core@7.29.7_@rspack+core@..+.codex+worktrees+a77f+rspack+packages+rspack/node_modules/babel-loader/lib/index.js):\n' +
+       '  ╰─▶   × Error: The original reference that WeakReference<rspack_binding_api::compilation::JsCompilation> is pointing to is dropped\n' +
+       '        │     at file:///data00/home/jinzhixin/.codex/worktrees/a77f/rspack/packages/rspack/dist/worker.js:3902:69\n' +
+       '        │     at runWorkerLoop (file:///data00/home/jinzhixin/.codex/worktrees/a77f/rspack/packages/rspack/dist/worker.js:3906:18)\n' +
+       '      \n',
+     moduleIdentifier: '/data00/home/jinzhixin/projects/rspack-bench/node_modules/.pnpm/babel-loader@10.1.1_@babel+core@7.29.7_@rspack+core@..+.codex+worktrees+a77f+rspack+packages+rspack/node_modules/babel-loader/lib/index.js??ruleSet[1].rules[0].use[0]!/data00/home/jinzhixin/projects/rspack-bench/results/noop-loader-2026-09-11T04-04-10-528Z-15/fixture/module-05859.js',
+     moduleName: './module-05859.js'
+   },
+   {
+     code: 'ModuleBuildError',
+     message: '  × Module build failed (from ../../../node_modules/.pnpm/babel-loader@10.1.1_@babel+core@7.29.7_@rspack+core@..+.codex+worktrees+a77f+rspack+packages+rspack/node_modules/babel-loader/lib/index.js):\n' +
+       '  ╰─▶   × Error: The original reference that WeakReference<rspack_binding_api::compilation::JsCompilation> is pointing to is dropped\n' +
+       '        │     at file:///data00/home/jinzhixin/.codex/worktrees/a77f/rspack/packages/rspack/dist/worker.js:3902:69\n' +
+       '        │     at runWorkerLoop (file:///data00/home/jinzhixin/.codex/worktrees/a77f/rspack/packages/rspack/dist/worker.js:3906:18)\n' +
+       '      \n',
+     moduleIdentifier: '/data00/home/jinzhixin/projects/rspack-bench/node_modules/.pnpm/babel-loader@10.1.1_@babel+core@7.29.7_@rspack+core@..+.codex+worktrees+a77f+rspack+packages+rspack/node_modules/babel-loader/lib/index.js??ruleSet[1].rules[0].use[0]!/data00/home/jinzhixin/projects/rspack-bench/results/noop-loader-2026-09-11T04-04-10-528Z-15/fixture/module-05863.js',
+     moduleName: './module-05863.js'
+   },
+   {
+     code: 'ModuleBuildError',
+     message: '  × Module build failed (from ../../../node_modules/.pnpm/babel-loader@10.1.1_@babel+core@7.29.7_@rspack+core@..+.codex+worktrees+a77f+rspack+packages+rspack/node_modules/babel-loader/lib/index.js):\n' +
+       '  ╰─▶   × Error: The original reference that WeakReference<rspack_binding_api::compilation::JsCompilation> is pointing to is dropped\n' +
+       '        │     at file:///data00/home/jinzhixin/.codex/worktrees/a77f/rspack/packages/rspack/dist/worker.js:3902:69\n' +
+       '        │     at runWorkerLoop (file:///data00/home/jinzhixin/.codex/worktrees/a77f/rspack/packages/rspack/dist/worker.js:3906:18)\n' +
+       '      \n',
+     moduleIdentifier: '/data00/home/jinzhixin/projects/rspack-bench/node_modules/.pnpm/babel-loader@10.1.1_@babel+core@7.29.7_@rspack+core@..+.codex+worktrees+a77f+rspack+packages+rspack/node_modules/babel-loader/lib/index.js??ruleSet[1].rules[0].use[0]!/data00/home/jinzhixin/projects/rspack-bench/results/noop-loader-2026-09-11T04-04-10-528Z-15/fixture/module-05868.js',
+     moduleName: './module-05868.js'
+   },
+   {
+     code: 'ModuleBuildError',
+     message: '  × Module build failed (from ../../../node_modules/.pnpm/babel-loader@10.1.1_@babel+core@7.29.7_@rspack+core@..+.codex+worktrees+a77f+rspack+packages+rspack/node_modules/babel-loader/lib/index.js):\n' +
+       '  ╰─▶   × Error: The original reference that WeakReference<rspack_binding_api::compilation::JsCompilation> is pointing to is dropped\n' +
+       '        │     at file:///data00/home/jinzhixin/.codex/worktrees/a77f/rspack/packages/rspack/dist/worker.js:3902:69\n' +
+       '        │     at runWorkerLoop (file:///data00/home/jinzhixin/.codex/worktrees/a77f/rspack/packages/rspack/dist/worker.js:3906:18)\n' +
+       '      \n',
+     moduleIdentifier: '/data00/home/jinzhixin/projects/rspack-bench/node_modules/.pnpm/babel-loader@10.1.1_@babel+core@7.29.7_@rspack+core@..+.codex+worktrees+a77f+rspack+packages+rspack/node_modules/babel-loader/lib/index.js??ruleSet[1].rules[0].use[0]!/data00/home/jinzhixin/projects/rspack-bench/results/noop-loader-2026-09-11T04-04-10-528Z-15/fixture/module-05871.js',
+     moduleName: './module-05871.js'
+   },
+   {
+     code: 'ModuleBuildError',
+     message: '  × Module build failed (from ../../../node_modules/.pnpm/babel-loader@10.1.1_@babel+core@7.29.7_@rspack+core@..+.codex+worktrees+a77f+rspack+packages+rspack/node_modules/babel-loader/lib/index.js):\n' +
+       '  ╰─▶   × Error: The original reference that WeakReference<rspack_binding_api::compilation::JsCompilation> is pointing to is dropped\n' +
+       '        │     at file:///data00/home/jinzhixin/.codex/worktrees/a77f/rspack/packages/rspack/dist/worker.js:3902:69\n' +
+       '        │     at runWorkerLoop (file:///data00/home/jinzhixin/.codex/worktrees/a77f/rspack/packages/rspack/dist/worker.js:3906:18)\n' +
+       '      \n',
+     moduleIdentifier: '/data00/home/jinzhixin/projects/rspack-bench/node_modules/.pnpm/babel-loader@10.1.1_@babel+core@7.29.7_@rspack+core@..+.codex+worktrees+a77f+rspack+packages+rspack/node_modules/babel-loader/lib/index.js??ruleSet[1].rules[0].use[0]!/data00/home/jinzhixin/projects/rspack-bench/results/noop-loader-2026-09-11T04-04-10-528Z-15/fixture/module-05876.js',
+     moduleName: './module-05876.js'
+   },
+   {
+     code: 'ModuleBuildError',
+     message: '  × Module build failed (from ../../../node_modules/.pnpm/babel-loader@10.1.1_@babel+core@7.29.7_@rspack+core@..+.codex+worktrees+a77f+rspack+packages+rspack/node_modules/babel-loader/lib/index.js):\n' +
+       '  ╰─▶   × Error: The original reference that WeakReference<rspack_binding_api::compilation::JsCompilation> is pointing to is dropped\n' +
+       '        │     at file:///data00/home/jinzhixin/.codex/worktrees/a77f/rspack/packages/rspack/dist/worker.js:3902:69\n' +
+       '        │     at runWorkerLoop (file:///data00/home/jinzhixin/.codex/worktrees/a77f/rspack/packages/rspack/dist/worker.js:3906:18)\n' +
+       '      \n',
+     moduleIdentifier: '/data00/home/jinzhixin/projects/rspack-bench/node_modules/.pnpm/babel-loader@10.1.1_@babel+core@7.29.7_@rspack+core@..+.codex+worktrees+a77f+rspack+packages+rspack/node_modules/babel-loader/lib/index.js??ruleSet[1].rules[0].use[0]!/data00/home/jinzhixin/projects/rspack-bench/results/noop-loader-2026-09-11T04-04-10-528Z-15/fixture/module-06145.js',
+     moduleName: './module-06145.js'
+   },
+   {
+     code: 'ModuleBuildError',
+     message: '  × Module build failed (from ../../../node_modules/.pnpm/babel-loader@10.1.1_@babel+core@7.29.7_@rspack+core@..+.codex+worktrees+a77f+rspack+packages+rspack/node_modules/babel-loader/lib/index.js):\n' +
+       '  ╰─▶   × Error: The original reference that WeakReference<rspack_binding_api::compilation::JsCompilation> is pointing to is dropped\n' +
+       '        │     at file:///data00/home/jinzhixin/.codex/worktrees/a77f/rspack/packages/rspack/dist/worker.js:3902:69\n' +
+       '        │     at runWorkerLoop (file:///data00/home/jinzhixin/.codex/worktrees/a77f/rspack/packages/rspack/dist/worker.js:3906:18)\n' +
+       '      \n',
+     moduleIdentifier: '/data00/home/jinzhixin/projects/rspack-bench/node_modules/.pnpm/babel-loader@10.1.1_@babel+core@7.29.7_@rspack+core@..+.codex+worktrees+a77f+rspack+packages+rspack/node_modules/babel-loader/lib/index.js??ruleSet[1].rules[0].use[0]!/data00/home/jinzhixin/projects/rspack-bench/results/noop-loader-2026-09-11T04-04-10-528Z-15/fixture/module-06242.js',
+     moduleName: './module-06242.js'
+   },
+   {
+     code: 'ModuleBuildError',
+     message: '  × Module build failed (from ../../../node_modules/.pnpm/babel-loader@10.1.1_@babel+core@7.29.7_@rspack+core@..+.codex+worktrees+a77f+rspack+packages+rspack/node_modules/babel-loader/lib/index.js):\n' +
+       '  ╰─▶   × Error: The original reference that WeakReference<rspack_binding_api::compilation::JsCompilation> is pointing to is dropped\n' +
+       '        │     at file:///data00/home/jinzhixin/.codex/worktrees/a77f/rspack/packages/rspack/dist/worker.js:3902:69\n' +
+       '        │     at runWorkerLoop (file:///data00/home/jinzhixin/.codex/worktrees/a77f/rspack/packages/rspack/dist/worker.js:3906:18)\n' +
+       '      \n',
+     moduleIdentifier: '/data00/home/jinzhixin/projects/rspack-bench/node_modules/.pnpm/babel-loader@10.1.1_@babel+core@7.29.7_@rspack+core@..+.codex+worktrees+a77f+rspack+packages+rspack/node_modules/babel-loader/lib/index.js??ruleSet[1].rules[0].use[0]!/data00/home/jinzhixin/projects/rspack-bench/results/noop-loader-2026-09-11T04-04-10-528Z-15/fixture/module-06266.js',
+     moduleName: './module-06266.js'
+   },
+   {
+     code: 'ModuleBuildError',
+     message: '  × Module build failed (from ../../../node_modules/.pnpm/babel-loader@10.1.1_@babel+core@7.29.7_@rspack+core@..+.codex+worktrees+a77f+rspack+packages+rspack/node_modules/babel-loader/lib/index.js):\n' +
+       '  ╰─▶   × Error: The original reference that WeakReference<rspack_binding_api::compilation::JsCompilation> is pointing to is dropped\n' +
+       '        │     at file:///data00/home/jinzhixin/.codex/worktrees/a77f/rspack/packages/rspack/dist/worker.js:3902:69\n' +
+       '        │     at runWorkerLoop (file:///data00/home/jinzhixin/.codex/worktrees/a77f/rspack/packages/rspack/dist/worker.js:3906:18)\n' +
+       '      \n',
+     moduleIdentifier: '/data00/home/jinzhixin/projects/rspack-bench/node_modules/.pnpm/babel-loader@10.1.1_@babel+core@7.29.7_@rspack+core@..+.codex+worktrees+a77f+rspack+packages+rspack/node_modules/babel-loader/lib/index.js??ruleSet[1].rules[0].use[0]!/data00/home/jinzhixin/projects/rspack-bench/results/noop-loader-2026-09-11T04-04-10-528Z-15/fixture/module-06269.js',
+     moduleName: './module-06269.js'
+   },
+   {
+     code: 'ModuleBuildError',
+     message: '  × Module build failed (from ../../../node_modules/.pnpm/babel-loader@10.1.1_@babel+core@7.29.7_@rspack+core@..+.codex+worktrees+a77f+rspack+packages+rspack/node_modules/babel-loader/lib/index.js):\n' +
+       '  ╰─▶   × Error: The original reference that WeakReference<rspack_binding_api::compilation::JsCompilation> is pointing to is dropped\n' +
+       '        │     at file:///data00/home/jinzhixin/.codex/worktrees/a77f/rspack/packages/rspack/dist/worker.js:3902:69\n' +
+       '        │     at runWorkerLoop (file:///data00/home/jinzhixin/.codex/worktrees/a77f/rspack/packages/rspack/dist/worker.js:3906:18)\n' +
+       '      \n',
+     moduleIdentifier: '/data00/home/jinzhixin/projects/rspack-bench/node_modules/.pnpm/babel-loader@10.1.1_@babel+core@7.29.7_@rspack+core@..+.codex+worktrees+a77f+rspack+packages+rspack/node_modules/babel-loader/lib/index.js??ruleSet[1].rules[0].use[0]!/data00/home/jinzhixin/projects/rspack-bench/results/noop-loader-2026-09-11T04-04-10-528Z-15/fixture/module-06285.js',
+     moduleName: './module-06285.js'
+   },
+   {
+     code: 'ModuleBuildError',
+     message: '  × Module build failed (from ../../../node_modules/.pnpm/babel-loader@10.1.1_@babel+core@7.29.7_@rspack+core@..+.codex+worktrees+a77f+rspack+packages+rspack/node_modules/babel-loader/lib/index.js):\n' +
+       '  ╰─▶   × Error: The original reference that WeakReference<rspack_binding_api::compilation::JsCompilation> is pointing to is dropped\n' +
+       '        │     at file:///data00/home/jinzhixin/.codex/worktrees/a77f/rspack/packages/rspack/dist/worker.js:3902:69\n' +
+       '        │     at runWorkerLoop (file:///data00/home/jinzhixin/.codex/worktrees/a77f/rspack/packages/rspack/dist/worker.js:3906:18)\n' +
+       '      \n',
+     moduleIdentifier: '/data00/home/jinzhixin/projects/rspack-bench/node_modules/.pnpm/babel-loader@10.1.1_@babel+core@7.29.7_@rspack+core@..+.codex+worktrees+a77f+rspack+packages+rspack/node_modules/babel-loader/lib/index.js??ruleSet[1].rules[0].use[0]!/data00/home/jinzhixin/projects/rspack-bench/results/noop-loader-2026-09-11T04-04-10-528Z-15/fixture/module-06287.js',
+     moduleName: './module-06287.js'
+   },
+   {
+     code: 'ModuleBuildError',
+     message: '  × Module build failed (from ../../../node_modules/.pnpm/babel-loader@10.1.1_@babel+core@7.29.7_@rspack+core@..+.codex+worktrees+a77f+rspack+packages+rspack/node_modules/babel-loader/lib/index.js):\n' +
+       '  ╰─▶   × Error: The original reference that WeakReference<rspack_binding_api::compilation::JsCompilation> is pointing to is dropped\n' +
+       '        │     at file:///data00/home/jinzhixin/.codex/worktrees/a77f/rspack/packages/rspack/dist/worker.js:3902:69\n' +
+       '        │     at runWorkerLoop (file:///data00/home/jinzhixin/.codex/worktrees/a77f/rspack/packages/rspack/dist/worker.js:3906:18)\n' +
+       '      \n',
+     moduleIdentifier: '/data00/home/jinzhixin/projects/rspack-bench/node_modules/.pnpm/babel-loader@10.1.1_@babel+core@7.29.7_@rspack+core@..+.codex+worktrees+a77f+rspack+packages+rspack/node_modules/babel-loader/lib/index.js??ruleSet[1].rules[0].use[0]!/data00/home/jinzhixin/projects/rspack-bench/results/noop-loader-2026-09-11T04-04-10-528Z-15/fixture/module-06290.js',
+     moduleName: './module-06290.js'
+   },
+   {
+     code: 'ModuleBuildError',
+     message: '  × Module build failed (from ../../../node_modules/.pnpm/babel-loader@10.1.1_@babel+core@7.29.7_@rspack+core@..+.codex+worktrees+a77f+rspack+packages+rspack/node_modules/babel-loader/lib/index.js):\n' +
+       '  ╰─▶   × Error: The original reference that WeakReference<rspack_binding_api::compilation::JsCompilation> is pointing to is dropped\n' +
+       '        │     at file:///data00/home/jinzhixin/.codex/worktrees/a77f/rspack/packages/rspack/dist/worker.js:3902:69\n' +
+       '        │     at runWorkerLoop (file:///data00/home/jinzhixin/.codex/worktrees/a77f/rspack/packages/rspack/dist/worker.js:3906:18)\n' +
+       '      \n',
+     moduleIdentifier: '/data00/home/jinzhixin/projects/rspack-bench/node_modules/.pnpm/babel-loader@10.1.1_@babel+core@7.29.7_@rspack+core@..+.codex+worktrees+a77f+rspack+packages+rspack/node_modules/babel-loader/lib/index.js??ruleSet[1].rules[0].use[0]!/data00/home/jinzhixin/projects/rspack-bench/results/noop-loader-2026-09-11T04-04-10-528Z-15/fixture/module-06316.js',
+     moduleName: './module-06316.js'
+   },
+   {
+     code: 'ModuleBuildError',
+     message: '  × Module build failed (from ../../../node_modules/.pnpm/babel-loader@10.1.1_@babel+core@7.29.7_@rspack+core@..+.codex+worktrees+a77f+rspack+packages+rspack/node_modules/babel-loader/lib/index.js):\n' +
+       '  ╰─▶   × Error: The original reference that WeakReference<rspack_binding_api::compilation::JsCompilation> is pointing to is dropped\n' +
+       '        │     at file:///data00/home/jinzhixin/.codex/worktrees/a77f/rspack/packages/rspack/dist/worker.js:3902:69\n' +
+       '        │     at runWorkerLoop (file:///data00/home/jinzhixin/.codex/worktrees/a77f/rspack/packages/rspack/dist/worker.js:3906:18)\n' +
+       '      \n',
+     moduleIdentifier: '/data00/home/jinzhixin/projects/rspack-bench/node_modules/.pnpm/babel-loader@10.1.1_@babel+core@7.29.7_@rspack+core@..+.codex+worktrees+a77f+rspack+packages+rspack/node_modules/babel-loader/lib/index.js??ruleSet[1].rules[0].use[0]!/data00/home/jinzhixin/projects/rspack-bench/results/noop-loader-2026-09-11T04-04-10-528Z-15/fixture/module-06387.js',
+     moduleName: './module-06387.js'
+   },
+   {
+     code: 'ModuleBuildError',
+     message: '  × Module build failed (from ../../../node_modules/.pnpm/babel-loader@10.1.1_@babel+core@7.29.7_@rspack+core@..+.codex+worktrees+a77f+rspack+packages+rspack/node_modules/babel-loader/lib/index.js):\n' +
+       '  ╰─▶   × Error: The original reference that WeakReference<rspack_binding_api::compilation::JsCompilation> is pointing to is dropped\n' +
+       '        │     at file:///data00/home/jinzhixin/.codex/worktrees/a77f/rspack/packages/rspack/dist/worker.js:3902:69\n' +
+       '        │     at runWorkerLoop (file:///data00/home/jinzhixin/.codex/worktrees/a77f/rspack/packages/rspack/dist/worker.js:3906:18)\n' +
+       '      \n',
+     moduleIdentifier: '/data00/home/jinzhixin/projects/rspack-bench/node_modules/.pnpm/babel-loader@10.1.1_@babel+core@7.29.7_@rspack+core@..+.codex+worktrees+a77f+rspack+packages+rspack/node_modules/babel-loader/lib/index.js??ruleSet[1].rules[0].use[0]!/data00/home/jinzhixin/projects/rspack-bench/results/noop-loader-2026-09-11T04-04-10-528Z-15/fixture/module-06403.js',
+     moduleName: './module-06403.js'
+   },
+   {
+     code: 'ModuleBuildError',
+     message: '  × Module build failed (from ../../../node_modules/.pnpm/babel-loader@10.1.1_@babel+core@7.29.7_@rspack+core@..+.codex+worktrees+a77f+rspack+packages+rspack/node_modules/babel-loader/lib/index.js):\n' +
+       '  ╰─▶   × Error: The original reference that WeakReference<rspack_binding_api::compilation::JsCompilation> is pointing to is dropped\n' +
+       '        │     at file:///data00/home/jinzhixin/.codex/worktrees/a77f/rspack/packages/rspack/dist/worker.js:3902:69\n' +
+       '        │     at runWorkerLoop (file:///data00/home/jinzhixin/.codex/worktrees/a77f/rspack/packages/rspack/dist/worker.js:3906:18)\n' +
+       '      \n',
+     moduleIdentifier: '/data00/home/jinzhixin/projects/rspack-bench/node_modules/.pnpm/babel-loader@10.1.1_@babel+core@7.29.7_@rspack+core@..+.codex+worktrees+a77f+rspack+packages+rspack/node_modules/babel-loader/lib/index.js??ruleSet[1].rules[0].use[0]!/data00/home/jinzhixin/projects/rspack-bench/results/noop-loader-2026-09-11T04-04-10-528Z-15/fixture/module-06413.js',
+     moduleName: './module-06413.js'
+   },
+   {
+     code: 'ModuleBuildError',
+     message: '  × Module build failed (from ../../../node_modules/.pnpm/babel-loader@10.1.1_@babel+core@7.29.7_@rspack+core@..+.codex+worktrees+a77f+rspack+packages+rspack/node_modules/babel-loader/lib/index.js):\n' +
+       '  ╰─▶   × Error: The original reference that WeakReference<rspack_binding_api::compilation::JsCompilation> is pointing to is dropped\n' +
+       '        │     at file:///data00/home/jinzhixin/.codex/worktrees/a77f/rspack/packages/rspack/dist/worker.js:3902:69\n' +
+       '        │     at runWorkerLoop (file:///data00/home/jinzhixin/.codex/worktrees/a77f/rspack/packages/rspack/dist/worker.js:3906:18)\n' +
+       '      \n',
+     moduleIdentifier: '/data00/home/jinzhixin/projects/rspack-bench/node_modules/.pnpm/babel-loader@10.1.1_@babel+core@7.29.7_@rspack+core@..+.codex+worktrees+a77f+rspack+packages+rspack/node_modules/babel-loader/lib/index.js??ruleSet[1].rules[0].use[0]!/data00/home/jinzhixin/projects/rspack-bench/results/noop-loader-2026-09-11T04-04-10-528Z-15/fixture/module-06422.js',
+     moduleName: './module-06422.js'
+   },
+   {
+     code: 'ModuleBuildError',
+     message: '  × Module build failed (from ../../../node_modules/.pnpm/babel-loader@10.1.1_@babel+core@7.29.7_@rspack+core@..+.codex+worktrees+a77f+rspack+packages+rspack/node_modules/babel-loader/lib/index.js):\n' +
+       '  ╰─▶   × Error: The original reference that WeakReference<rspack_binding_api::compilation::JsCompilation> is pointing to is dropped\n' +
+       '        │     at file:///data00/home/jinzhixin/.codex/worktrees/a77f/rspack/packages/rspack/dist/worker.js:3902:69\n' +
+       '        │     at runWorkerLoop (file:///data00/home/jinzhixin/.codex/worktrees/a77f/rspack/packages/rspack/dist/worker.js:3906:18)\n' +
+       '      \n',
+     moduleIdentifier: '/data00/home/jinzhixin/projects/rspack-bench/node_modules/.pnpm/babel-loader@10.1.1_@babel+core@7.29.7_@rspack+core@..+.codex+worktrees+a77f+rspack+packages+rspack/node_modules/babel-loader/lib/index.js??ruleSet[1].rules[0].use[0]!/data00/home/jinzhixin/projects/rspack-bench/results/noop-loader-2026-09-11T04-04-10-528Z-15/fixture/module-06426.js',
+     moduleName: './module-06426.js'
+   },
+   {
+     code: 'ModuleBuildError',
+     message: '  × Module build failed (from ../../../node_modules/.pnpm/babel-loader@10.1.1_@babel+core@7.29.7_@rspack+core@..+.codex+worktrees+a77f+rspack+packages+rspack/node_modules/babel-loader/lib/index.js):\n' +
+       '  ╰─▶   × Error: The original reference that WeakReference<rspack_binding_api::compilation::JsCompilation> is pointing to is dropped\n' +
+       '        │     at file:///data00/home/jinzhixin/.codex/worktrees/a77f/rspack/packages/rspack/dist/worker.js:3902:69\n' +
+       '        │     at runWorkerLoop (file:///data00/home/jinzhixin/.codex/worktrees/a77f/rspack/packages/rspack/dist/worker.js:3906:18)\n' +
+       '      \n',
+     moduleIdentifier: '/data00/home/jinzhixin/projects/rspack-bench/node_modules/.pnpm/babel-loader@10.1.1_@babel+core@7.29.7_@rspack+core@..+.codex+worktrees+a77f+rspack+packages+rspack/node_modules/babel-loader/lib/index.js??ruleSet[1].rules[0].use[0]!/data00/home/jinzhixin/projects/rspack-bench/results/noop-loader-2026-09-11T04-04-10-528Z-15/fixture/module-06438.js',
+     moduleName: './module-06438.js'
+   },
+   {
+     code: 'ModuleBuildError',
+     message: '  × Module build failed (from ../../../node_modules/.pnpm/babel-loader@10.1.1_@babel+core@7.29.7_@rspack+core@..+.codex+worktrees+a77f+rspack+packages+rspack/node_modules/babel-loader/lib/index.js):\n' +
+       '  ╰─▶   × Error: The original reference that WeakReference<rspack_binding_api::compilation::JsCompilation> is pointing to is dropped\n' +
+       '        │     at file:///data00/home/jinzhixin/.codex/worktrees/a77f/rspack/packages/rspack/dist/worker.js:3902:69\n' +
+       '        │     at runWorkerLoop (file:///data00/home/jinzhixin/.codex/worktrees/a77f/rspack/packages/rspack/dist/worker.js:3906:18)\n' +
+       '      \n',
+     moduleIdentifier: '/data00/home/jinzhixin/projects/rspack-bench/node_modules/.pnpm/babel-loader@10.1.1_@babel+core@7.29.7_@rspack+core@..+.codex+worktrees+a77f+rspack+packages+rspack/node_modules/babel-loader/lib/index.js??ruleSet[1].rules[0].use[0]!/data00/home/jinzhixin/projects/rspack-bench/results/noop-loader-2026-09-11T04-04-10-528Z-15/fixture/module-06475.js',
+     moduleName: './module-06475.js'
+   },
+   {
+     code: 'ModuleBuildError',
+     message: '  × Module build failed (from ../../../node_modules/.pnpm/babel-loader@10.1.1_@babel+core@7.29.7_@rspack+core@..+.codex+worktrees+a77f+rspack+packages+rspack/node_modules/babel-loader/lib/index.js):\n' +
+       '  ╰─▶   × Error: The original reference that WeakReference<rspack_binding_api::compilation::JsCompilation> is pointing to is dropped\n' +
+       '        │     at file:///data00/home/jinzhixin/.codex/worktrees/a77f/rspack/packages/rspack/dist/worker.js:3902:69\n' +
+       '        │     at runWorkerLoop (file:///data00/home/jinzhixin/.codex/worktrees/a77f/rspack/packages/rspack/dist/worker.js:3906:18)\n' +
+       '      \n',
+     moduleIdentifier: '/data00/home/jinzhixin/projects/rspack-bench/node_modules/.pnpm/babel-loader@10.1.1_@babel+core@7.29.7_@rspack+core@..+.codex+worktrees+a77f+rspack+packages+rspack/node_modules/babel-loader/lib/index.js??ruleSet[1].rules[0].use[0]!/data00/home/jinzhixin/projects/rspack-bench/results/noop-loader-2026-09-11T04-04-10-528Z-15/fixture/module-06512.js',
+     moduleName: './module-06512.js'
+   },
+   {
+     code: 'ModuleBuildError',
+     message: '  × Module build failed (from ../../../node_modules/.pnpm/babel-loader@10.1.1_@babel+core@7.29.7_@rspack+core@..+.codex+worktrees+a77f+rspack+packages+rspack/node_modules/babel-loader/lib/index.js):\n' +
+       '  ╰─▶   × Error: The original reference that WeakReference<rspack_binding_api::compilation::JsCompilation> is pointing to is dropped\n' +
+       '        │     at file:///data00/home/jinzhixin/.codex/worktrees/a77f/rspack/packages/rspack/dist/worker.js:3902:69\n' +
+       '        │     at runWorkerLoop (file:///data00/home/jinzhixin/.codex/worktrees/a77f/rspack/packages/rspack/dist/worker.js:3906:18)\n' +
+       '      \n',
+     moduleIdentifier: '/data00/home/jinzhixin/projects/rspack-bench/node_modules/.pnpm/babel-loader@10.1.1_@babel+core@7.29.7_@rspack+core@..+.codex+worktrees+a77f+rspack+packages+rspack/node_modules/babel-loader/lib/index.js??ruleSet[1].rules[0].use[0]!/data00/home/jinzhixin/projects/rspack-bench/results/noop-loader-2026-09-11T04-04-10-528Z-15/fixture/module-06513.js',
+     moduleName: './module-06513.js'
+   },
+   {
+     code: 'ModuleBuildError',
+     message: '  × Module build failed (from ../../../node_modules/.pnpm/babel-loader@10.1.1_@babel+core@7.29.7_@rspack+core@..+.codex+worktrees+a77f+rspack+packages+rspack/node_modules/babel-loader/lib/index.js):\n' +
+       '  ╰─▶   × Error: The original reference that WeakReference<rspack_binding_api::compilation::JsCompilation> is pointing to is dropped\n' +
+       '        │     at file:///data00/home/jinzhixin/.codex/worktrees/a77f/rspack/packages/rspack/dist/worker.js:3902:69\n' +
+       '        │     at runWorkerLoop (file:///data00/home/jinzhixin/.codex/worktrees/a77f/rspack/packages/rspack/dist/worker.js:3906:18)\n' +
+       '      \n',
+     moduleIdentifier: '/data00/home/jinzhixin/projects/rspack-bench/node_modules/.pnpm/babel-loader@10.1.1_@babel+core@7.29.7_@rspack+core@..+.codex+worktrees+a77f+rspack+packages+rspack/node_modules/babel-loader/lib/index.js??ruleSet[1].rules[0].use[0]!/data00/home/jinzhixin/projects/rspack-bench/results/noop-loader-2026-09-11T04-04-10-528Z-15/fixture/module-06545.js',
+     moduleName: './module-06545.js'
+   },
+   {
+     code: 'ModuleBuildError',
+     message: '  × Module build failed (from ../../../node_modules/.pnpm/babel-loader@10.1.1_@babel+core@7.29.7_@rspack+core@..+.codex+worktrees+a77f+rspack+packages+rspack/node_modules/babel-loader/lib/index.js):\n' +
+       '  ╰─▶   × Error: The original reference that WeakReference<rspack_binding_api::compilation::JsCompilation> is pointing to is dropped\n' +
+       '        │     at file:///data00/home/jinzhixin/.codex/worktrees/a77f/rspack/packages/rspack/dist/worker.js:3902:69\n' +
+       '        │     at runWorkerLoop (file:///data00/home/jinzhixin/.codex/worktrees/a77f/rspack/packages/rspack/dist/worker.js:3906:18)\n' +
+       '      \n',
+     moduleIdentifier: '/data00/home/jinzhixin/projects/rspack-bench/node_modules/.pnpm/babel-loader@10.1.1_@babel+core@7.29.7_@rspack+core@..+.codex+worktrees+a77f+rspack+packages+rspack/node_modules/babel-loader/lib/index.js??ruleSet[1].rules[0].use[0]!/data00/home/jinzhixin/projects/rspack-bench/results/noop-loader-2026-09-11T04-04-10-528Z-15/fixture/module-06551.js',
+     moduleName: './module-06551.js'
+   },
+   {
+     code: 'ModuleBuildError',
+     message: '  × Module build failed (from ../../../node_modules/.pnpm/babel-loader@10.1.1_@babel+core@7.29.7_@rspack+core@..+.codex+worktrees+a77f+rspack+packages+rspack/node_modules/babel-loader/lib/index.js):\n' +
+       '  ╰─▶   × Error: The original reference that WeakReference<rspack_binding_api::compilation::JsCompilation> is pointing to is dropped\n' +
+       '        │     at file:///data00/home/jinzhixin/.codex/worktrees/a77f/rspack/packages/rspack/dist/worker.js:3902:69\n' +
+       '        │     at runWorkerLoop (file:///data00/home/jinzhixin/.codex/worktrees/a77f/rspack/packages/rspack/dist/worker.js:3906:18)\n' +
+       '      \n',
+     moduleIdentifier: '/data00/home/jinzhixin/projects/rspack-bench/node_modules/.pnpm/babel-loader@10.1.1_@babel+core@7.29.7_@rspack+core@..+.codex+worktrees+a77f+rspack+packages+rspack/node_modules/babel-loader/lib/index.js??ruleSet[1].rules[0].use[0]!/data00/home/jinzhixin/projects/rspack-bench/results/noop-loader-2026-09-11T04-04-10-528Z-15/fixture/module-06575.js',
+     moduleName: './module-06575.js'
+   },
+   {
+     code: 'ModuleBuildError',
+     message: '  × Module build failed (from ../../../node_modules/.pnpm/babel-loader@10.1.1_@babel+core@7.29.7_@rspack+core@..+.codex+worktrees+a77f+rspack+packages+rspack/node_modules/babel-loader/lib/index.js):\n' +
+       '  ╰─▶   × Error: The original reference that WeakReference<rspack_binding_api::compilation::JsCompilation> is pointing to is dropped\n' +
+       '        │     at file:///data00/home/jinzhixin/.codex/worktrees/a77f/rspack/packages/rspack/dist/worker.js:3902:69\n' +
+       '        │     at runWorkerLoop (file:///data00/home/jinzhixin/.codex/worktrees/a77f/rspack/packages/rspack/dist/worker.js:3906:18)\n' +
+       '      \n',
+     moduleIdentifier: '/data00/home/jinzhixin/projects/rspack-bench/node_modules/.pnpm/babel-loader@10.1.1_@babel+core@7.29.7_@rspack+core@..+.codex+worktrees+a77f+rspack+packages+rspack/node_modules/babel-loader/lib/index.js??ruleSet[1].rules[0].use[0]!/data00/home/jinzhixin/projects/rspack-bench/results/noop-loader-2026-09-11T04-04-10-528Z-15/fixture/module-06594.js',
+     moduleName: './module-06594.js'
+   },
+   {
+     code: 'ModuleBuildError',
+     message: '  × Module build failed (from ../../../node_modules/.pnpm/babel-loader@10.1.1_@babel+core@7.29.7_@rspack+core@..+.codex+worktrees+a77f+rspack+packages+rspack/node_modules/babel-loader/lib/index.js):\n' +
+       '  ╰─▶   × Error: The original reference that WeakReference<rspack_binding_api::compilation::JsCompilation> is pointing to is dropped\n' +
+       '        │     at file:///data00/home/jinzhixin/.codex/worktrees/a77f/rspack/packages/rspack/dist/worker.js:3902:69\n' +
+       '        │     at runWorkerLoop (file:///data00/home/jinzhixin/.codex/worktrees/a77f/rspack/packages/rspack/dist/worker.js:3906:18)\n' +
+       '      \n',
+     moduleIdentifier: '/data00/home/jinzhixin/projects/rspack-bench/node_modules/.pnpm/babel-loader@10.1.1_@babel+core@7.29.7_@rspack+core@..+.codex+worktrees+a77f+rspack+packages+rspack/node_modules/babel-loader/lib/index.js??ruleSet[1].rules[0].use[0]!/data00/home/jinzhixin/projects/rspack-bench/results/noop-loader-2026-09-11T04-04-10-528Z-15/fixture/module-06598.js',
+     moduleName: './module-06598.js'
+   },
+   {
+     code: 'ModuleBuildError',
+     message: '  × Module build failed (from ../../../node_modules/.pnpm/babel-loader@10.1.1_@babel+core@7.29.7_@rspack+core@..+.codex+worktrees+a77f+rspack+packages+rspack/node_modules/babel-loader/lib/index.js):\n' +
+       '  ╰─▶   × Error: The original reference that WeakReference<rspack_binding_api::compilation::JsCompilation> is pointing to is dropped\n' +
+       '        │     at file:///data00/home/jinzhixin/.codex/worktrees/a77f/rspack/packages/rspack/dist/worker.js:3902:69\n' +
+       '        │     at runWorkerLoop (file:///data00/home/jinzhixin/.codex/worktrees/a77f/rspack/packages/rspack/dist/worker.js:3906:18)\n' +
+       '      \n',
+     moduleIdentifier: '/data00/home/jinzhixin/projects/rspack-bench/node_modules/.pnpm/babel-loader@10.1.1_@babel+core@7.29.7_@rspack+core@..+.codex+worktrees+a77f+rspack+packages+rspack/node_modules/babel-loader/lib/index.js??ruleSet[1].rules[0].use[0]!/data00/home/jinzhixin/projects/rspack-bench/results/noop-loader-2026-09-11T04-04-10-528Z-15/fixture/module-06602.js',
+     moduleName: './module-06602.js'
+   },
+   {
+     code: 'ModuleBuildError',
+     message: '  × Module build failed (from ../../../node_modules/.pnpm/babel-loader@10.1.1_@babel+core@7.29.7_@rspack+core@..+.codex+worktrees+a77f+rspack+packages+rspack/node_modules/babel-loader/lib/index.js):\n' +
+       '  ╰─▶   × Error: The original reference that WeakReference<rspack_binding_api::compilation::JsCompilation> is pointing to is dropped\n' +
+       '        │     at file:///data00/home/jinzhixin/.codex/worktrees/a77f/rspack/packages/rspack/dist/worker.js:3902:69\n' +
+       '        │     at runWorkerLoop (file:///data00/home/jinzhixin/.codex/worktrees/a77f/rspack/packages/rspack/dist/worker.js:3906:18)\n' +
+       '      \n',
+     moduleIdentifier: '/data00/home/jinzhixin/projects/rspack-bench/node_modules/.pnpm/babel-loader@10.1.1_@babel+core@7.29.7_@rspack+core@..+.codex+worktrees+a77f+rspack+packages+rspack/node_modules/babel-loader/lib/index.js??ruleSet[1].rules[0].use[0]!/data00/home/jinzhixin/projects/rspack-bench/results/noop-loader-2026-09-11T04-04-10-528Z-15/fixture/module-06607.js',
+     moduleName: './module-06607.js'
+   },
+   {
+     code: 'ModuleBuildError',
+     message: '  × Module build failed (from ../../../node_modules/.pnpm/babel-loader@10.1.1_@babel+core@7.29.7_@rspack+core@..+.codex+worktrees+a77f+rspack+packages+rspack/node_modules/babel-loader/lib/index.js):\n' +
+       '  ╰─▶   × Error: The original reference that WeakReference<rspack_binding_api::compilation::JsCompilation> is pointing to is dropped\n' +
+       '        │     at file:///data00/home/jinzhixin/.codex/worktrees/a77f/rspack/packages/rspack/dist/worker.js:3902:69\n' +
+       '        │     at runWorkerLoop (file:///data00/home/jinzhixin/.codex/worktrees/a77f/rspack/packages/rspack/dist/worker.js:3906:18)\n' +
+       '      \n',
+     moduleIdentifier: '/data00/home/jinzhixin/projects/rspack-bench/node_modules/.pnpm/babel-loader@10.1.1_@babel+core@7.29.7_@rspack+core@..+.codex+worktrees+a77f+rspack+packages+rspack/node_modules/babel-loader/lib/index.js??ruleSet[1].rules[0].use[0]!/data00/home/jinzhixin/projects/rspack-bench/results/noop-loader-2026-09-11T04-04-10-528Z-15/fixture/module-06611.js',
+     moduleName: './module-06611.js'
+   },
+   {
+     code: 'ModuleBuildError',
+     message: '  × Module build failed (from ../../../node_modules/.pnpm/babel-loader@10.1.1_@babel+core@7.29.7_@rspack+core@..+.codex+worktrees+a77f+rspack+packages+rspack/node_modules/babel-loader/lib/index.js):\n' +
+       '  ╰─▶   × Error: The original reference that WeakReference<rspack_binding_api::compilation::JsCompilation> is pointing to is dropped\n' +
+       '        │     at file:///data00/home/jinzhixin/.codex/worktrees/a77f/rspack/packages/rspack/dist/worker.js:3902:69\n' +
+       '        │     at runWorkerLoop (file:///data00/home/jinzhixin/.codex/worktrees/a77f/rspack/packages/rspack/dist/worker.js:3906:18)\n' +
+       '      \n',
+     moduleIdentifier: '/data00/home/jinzhixin/projects/rspack-bench/node_modules/.pnpm/babel-loader@10.1.1_@babel+core@7.29.7_@rspack+core@..+.codex+worktrees+a77f+rspack+packages+rspack/node_modules/babel-loader/lib/index.js??ruleSet[1].rules[0].use[0]!/data00/home/jinzhixin/projects/rspack-bench/results/noop-loader-2026-09-11T04-04-10-528Z-15/fixture/module-06659.js',
+     moduleName: './module-06659.js'
+   },
+   {
+     code: 'ModuleBuildError',
+     message: '  × Module build failed (from ../../../node_modules/.pnpm/babel-loader@10.1.1_@babel+core@7.29.7_@rspack+core@..+.codex+worktrees+a77f+rspack+packages+rspack/node_modules/babel-loader/lib/index.js):\n' +
+       '  ╰─▶   × Error: The original reference that WeakReference<rspack_binding_api::compilation::JsCompilation> is pointing to is dropped\n' +
+       '        │     at file:///data00/home/jinzhixin/.codex/worktrees/a77f/rspack/packages/rspack/dist/worker.js:3902:69\n' +
+       '        │     at runWorkerLoop (file:///data00/home/jinzhixin/.codex/worktrees/a77f/rspack/packages/rspack/dist/worker.js:3906:18)\n' +
+       '      \n',
+     moduleIdentifier: '/data00/home/jinzhixin/projects/rspack-bench/node_modules/.pnpm/babel-loader@10.1.1_@babel+core@7.29.7_@rspack+core@..+.codex+worktrees+a77f+rspack+packages+rspack/node_modules/babel-loader/lib/index.js??ruleSet[1].rules[0].use[0]!/data00/home/jinzhixin/projects/rspack-bench/results/noop-loader-2026-09-11T04-04-10-528Z-15/fixture/module-06674.js',
+     moduleName: './module-06674.js'
+   },
+   {
+     code: 'ModuleBuildError',
+     message: '  × Module build failed (from ../../../node_modules/.pnpm/babel-loader@10.1.1_@babel+core@7.29.7_@rspack+core@..+.codex+worktrees+a77f+rspack+packages+rspack/node_modules/babel-loader/lib/index.js):\n' +
+       '  ╰─▶   × Error: The original reference that WeakReference<rspack_binding_api::compilation::JsCompilation> is pointing to is dropped\n' +
+       '        │     at file:///data00/home/jinzhixin/.codex/worktrees/a77f/rspack/packages/rspack/dist/worker.js:3902:69\n' +
+       '        │     at runWorkerLoop (file:///data00/home/jinzhixin/.codex/worktrees/a77f/rspack/packages/rspack/dist/worker.js:3906:18)\n' +
+       '      \n',
+     moduleIdentifier: '/data00/home/jinzhixin/projects/rspack-bench/node_modules/.pnpm/babel-loader@10.1.1_@babel+core@7.29.7_@rspack+core@..+.codex+worktrees+a77f+rspack+packages+rspack/node_modules/babel-loader/lib/index.js??ruleSet[1].rules[0].use[0]!/data00/home/jinzhixin/projects/rspack-bench/results/noop-loader-2026-09-11T04-04-10-528Z-15/fixture/module-06677.js',
+     moduleName: './module-06677.js'
+   },
+   {
+     code: 'ModuleBuildError',
+     message: '  × Module build failed (from ../../../node_modules/.pnpm/babel-loader@10.1.1_@babel+core@7.29.7_@rspack+core@..+.codex+worktrees+a77f+rspack+packages+rspack/node_modules/babel-loader/lib/index.js):\n' +
+       '  ╰─▶   × Error: The original reference that WeakReference<rspack_binding_api::compilation::JsCompilation> is pointing to is dropped\n' +
+       '        │     at file:///data00/home/jinzhixin/.codex/worktrees/a77f/rspack/packages/rspack/dist/worker.js:3902:69\n' +
+       '        │     at runWorkerLoop (file:///data00/home/jinzhixin/.codex/worktrees/a77f/rspack/packages/rspack/dist/worker.js:3906:18)\n' +
+       '      \n',
+     moduleIdentifier: '/data00/home/jinzhixin/projects/rspack-bench/node_modules/.pnpm/babel-loader@10.1.1_@babel+core@7.29.7_@rspack+core@..+.codex+worktrees+a77f+rspack+packages+rspack/node_modules/babel-loader/lib/index.js??ruleSet[1].rules[0].use[0]!/data00/home/jinzhixin/projects/rspack-bench/results/noop-loader-2026-09-11T04-04-10-528Z-15/fixture/module-06693.js',
+     moduleName: './module-06693.js'
+   },
+   {
+     code: 'ModuleBuildError',
+     message: '  × Module build failed (from ../../../node_modules/.pnpm/babel-loader@10.1.1_@babel+core@7.29.7_@rspack+core@..+.codex+worktrees+a77f+rspack+packages+rspack/node_modules/babel-loader/lib/index.js):\n' +
+       '  ╰─▶   × Error: The original reference that WeakReference<rspack_binding_api::compilation::JsCompilation> is pointing to is dropped\n' +
+       '        │     at file:///data00/home/jinzhixin/.codex/worktrees/a77f/rspack/packages/rspack/dist/worker.js:3902:69\n' +
+       '        │     at runWorkerLoop (file:///data00/home/jinzhixin/.codex/worktrees/a77f/rspack/packages/rspack/dist/worker.js:3906:18)\n' +
+       '      \n',
+     moduleIdentifier: '/data00/home/jinzhixin/projects/rspack-bench/node_modules/.pnpm/babel-loader@10.1.1_@babel+core@7.29.7_@rspack+core@..+.codex+worktrees+a77f+rspack+packages+rspack/node_modules/babel-loader/lib/index.js??ruleSet[1].rules[0].use[0]!/data00/home/jinzhixin/projects/rspack-bench/results/noop-loader-2026-09-11T04-04-10-528Z-15/fixture/module-06709.js',
+     moduleName: './module-06709.js'
+   },
+   {
+     code: 'ModuleBuildError',
+     message: '  × Module build failed (from ../../../node_modules/.pnpm/babel-loader@10.1.1_@babel+core@7.29.7_@rspack+core@..+.codex+worktrees+a77f+rspack+packages+rspack/node_modules/babel-loader/lib/index.js):\n' +
+       '  ╰─▶   × Error: The original reference that WeakReference<rspack_binding_api::compilation::JsCompilation> is pointing to is dropped\n' +
+       '        │     at file:///data00/home/jinzhixin/.codex/worktrees/a77f/rspack/packages/rspack/dist/worker.js:3902:69\n' +
+       '        │     at runWorkerLoop (file:///data00/home/jinzhixin/.codex/worktrees/a77f/rspack/packages/rspack/dist/worker.js:3906:18)\n' +
+       '      \n',
+     moduleIdentifier: '/data00/home/jinzhixin/projects/rspack-bench/node_modules/.pnpm/babel-loader@10.1.1_@babel+core@7.29.7_@rspack+core@..+.codex+worktrees+a77f+rspack+packages+rspack/node_modules/babel-loader/lib/index.js??ruleSet[1].rules[0].use[0]!/data00/home/jinzhixin/projects/rspack-bench/results/noop-loader-2026-09-11T04-04-10-528Z-15/fixture/module-06814.js',
+     moduleName: './module-06814.js'
+   },
+   {
+     code: 'ModuleBuildError',
+     message: '  × Module build failed (from ../../../node_modules/.pnpm/babel-loader@10.1.1_@babel+core@7.29.7_@rspack+core@..+.codex+worktrees+a77f+rspack+packages+rspack/node_modules/babel-loader/lib/index.js):\n' +
+       '  ╰─▶   × Error: The original reference that WeakReference<rspack_binding_api::compilation::JsCompilation> is pointing to is dropped\n' +
+       '        │     at file:///data00/home/jinzhixin/.codex/worktrees/a77f/rspack/packages/rspack/dist/worker.js:3902:69\n' +
+       '        │     at runWorkerLoop (file:///data00/home/jinzhixin/.codex/worktrees/a77f/rspack/packages/rspack/dist/worker.js:3906:18)\n' +
+       '      \n',
+     moduleIdentifier: '/data00/home/jinzhixin/projects/rspack-bench/node_modules/.pnpm/babel-loader@10.1.1_@babel+core@7.29.7_@rspack+core@..+.codex+worktrees+a77f+rspack+packages+rspack/node_modules/babel-loader/lib/index.js??ruleSet[1].rules[0].use[0]!/data00/home/jinzhixin/projects/rspack-bench/results/noop-loader-2026-09-11T04-04-10-528Z-15/fixture/module-06815.js',
+     moduleName: './module-06815.js'
+   },
+   {
+     code: 'ModuleBuildError',
+     message: '  × Module build failed (from ../../../node_modules/.pnpm/babel-loader@10.1.1_@babel+core@7.29.7_@rspack+core@..+.codex+worktrees+a77f+rspack+packages+rspack/node_modules/babel-loader/lib/index.js):\n' +
+       '  ╰─▶   × Error: The original reference that WeakReference<rspack_binding_api::compilation::JsCompilation> is pointing to is dropped\n' +
+       '        │     at file:///data00/home/jinzhixin/.codex/worktrees/a77f/rspack/packages/rspack/dist/worker.js:3902:69\n' +
+       '        │     at runWorkerLoop (file:///data00/home/jinzhixin/.codex/worktrees/a77f/rspack/packages/rspack/dist/worker.js:3906:18)\n' +
+       '      \n',
+     moduleIdentifier: '/data00/home/jinzhixin/projects/rspack-bench/node_modules/.pnpm/babel-loader@10.1.1_@babel+core@7.29.7_@rspack+core@..+.codex+worktrees+a77f+rspack+packages+rspack/node_modules/babel-loader/lib/index.js??ruleSet[1].rules[0].use[0]!/data00/home/jinzhixin/projects/rspack-bench/results/noop-loader-2026-09-11T04-04-10-528Z-15/fixture/module-06822.js',
+     moduleName: './module-06822.js'
+   },
+   {
+     code: 'ModuleBuildError',
+     message: '  × Module build failed (from ../../../node_modules/.pnpm/babel-loader@10.1.1_@babel+core@7.29.7_@rspack+core@..+.codex+worktrees+a77f+rspack+packages+rspack/node_modules/babel-loader/lib/index.js):\n' +
+       '  ╰─▶   × Error: The original reference that WeakReference<rspack_binding_api::compilation::JsCompilation> is pointing to is dropped\n' +
+       '        │     at file:///data00/home/jinzhixin/.codex/worktrees/a77f/rspack/packages/rspack/dist/worker.js:3902:69\n' +
+       '        │     at runWorkerLoop (file:///data00/home/jinzhixin/.codex/worktrees/a77f/rspack/packages/rspack/dist/worker.js:3906:18)\n' +
+       '      \n',
+     moduleIdentifier: '/data00/home/jinzhixin/projects/rspack-bench/node_modules/.pnpm/babel-loader@10.1.1_@babel+core@7.29.7_@rspack+core@..+.codex+worktrees+a77f+rspack+packages+rspack/node_modules/babel-loader/lib/index.js??ruleSet[1].rules[0].use[0]!/data00/home/jinzhixin/projects/rspack-bench/results/noop-loader-2026-09-11T04-04-10-528Z-15/fixture/module-06943.js',
+     moduleName: './module-06943.js'
+   },
+   {
+     code: 'ModuleBuildError',
+     message: '  × Module build failed (from ../../../node_modules/.pnpm/babel-loader@10.1.1_@babel+core@7.29.7_@rspack+core@..+.codex+worktrees+a77f+rspack+packages+rspack/node_modules/babel-loader/lib/index.js):\n' +
+       '  ╰─▶   × Error: The original reference that WeakReference<rspack_binding_api::compilation::JsCompilation> is pointing to is dropped\n' +
+       '        │     at file:///data00/home/jinzhixin/.codex/worktrees/a77f/rspack/packages/rspack/dist/worker.js:3902:69\n' +
+       '        │     at runWorkerLoop (file:///data00/home/jinzhixin/.codex/worktrees/a77f/rspack/packages/rspack/dist/worker.js:3906:18)\n' +
+       '      \n',
+     moduleIdentifier: '/data00/home/jinzhixin/projects/rspack-bench/node_modules/.pnpm/babel-loader@10.1.1_@babel+core@7.29.7_@rspack+core@..+.codex+worktrees+a77f+rspack+packages+rspack/node_modules/babel-loader/lib/index.js??ruleSet[1].rules[0].use[0]!/data00/home/jinzhixin/projects/rspack-bench/results/noop-loader-2026-09-11T04-04-10-528Z-15/fixture/module-06968.js',
+     moduleName: './module-06968.js'
+   },
+   {
+     code: 'ModuleBuildError',
+     message: '  × Module build failed (from ../../../node_modules/.pnpm/babel-loader@10.1.1_@babel+core@7.29.7_@rspack+core@..+.codex+worktrees+a77f+rspack+packages+rspack/node_modules/babel-loader/lib/index.js):\n' +
+       '  ╰─▶   × Error: The original reference that WeakReference<rspack_binding_api::compilation::JsCompilation> is pointing to is dropped\n' +
+       '        │     at file:///data00/home/jinzhixin/.codex/worktrees/a77f/rspack/packages/rspack/dist/worker.js:3902:69\n' +
+       '        │     at runWorkerLoop (file:///data00/home/jinzhixin/.codex/worktrees/a77f/rspack/packages/rspack/dist/worker.js:3906:18)\n' +
+       '      \n',
+     moduleIdentifier: '/data00/home/jinzhixin/projects/rspack-bench/node_modules/.pnpm/babel-loader@10.1.1_@babel+core@7.29.7_@rspack+core@..+.codex+worktrees+a77f+rspack+packages+rspack/node_modules/babel-loader/lib/index.js??ruleSet[1].rules[0].use[0]!/data00/home/jinzhixin/projects/rspack-bench/results/noop-loader-2026-09-11T04-04-10-528Z-15/fixture/module-06969.js',
+     moduleName: './module-06969.js'
+   },
+   {
+     code: 'ModuleBuildError',
+     message: '  × Module build failed (from ../../../node_modules/.pnpm/babel-loader@10.1.1_@babel+core@7.29.7_@rspack+core@..+.codex+worktrees+a77f+rspack+packages+rspack/node_modules/babel-loader/lib/index.js):\n' +
+       '  ╰─▶   × Error: The original reference that WeakReference<rspack_binding_api::compilation::JsCompilation> is pointing to is dropped\n' +
+       '        │     at file:///data00/home/jinzhixin/.codex/worktrees/a77f/rspack/packages/rspack/dist/worker.js:3902:69\n' +
+       '        │     at runWorkerLoop (file:///data00/home/jinzhixin/.codex/worktrees/a77f/rspack/packages/rspack/dist/worker.js:3906:18)\n' +
+       '      \n',
+     moduleIdentifier: '/data00/home/jinzhixin/projects/rspack-bench/node_modules/.pnpm/babel-loader@10.1.1_@babel+core@7.29.7_@rspack+core@..+.codex+worktrees+a77f+rspack+packages+rspack/node_modules/babel-loader/lib/index.js??ruleSet[1].rules[0].use[0]!/data00/home/jinzhixin/projects/rspack-bench/results/noop-loader-2026-09-11T04-04-10-528Z-15/fixture/module-06974.js',
+     moduleName: './module-06974.js'
+   },
+   {
+     code: 'ModuleBuildError',
+     message: '  × Module build failed (from ../../../node_modules/.pnpm/babel-loader@10.1.1_@babel+core@7.29.7_@rspack+core@..+.codex+worktrees+a77f+rspack+packages+rspack/node_modules/babel-loader/lib/index.js):\n' +
+       '  ╰─▶   × Error: The original reference that WeakReference<rspack_binding_api::compilation::JsCompilation> is pointing to is dropped\n' +
+       '        │     at file:///data00/home/jinzhixin/.codex/worktrees/a77f/rspack/packages/rspack/dist/worker.js:3902:69\n' +
+       '        │     at runWorkerLoop (file:///data00/home/jinzhixin/.codex/worktrees/a77f/rspack/packages/rspack/dist/worker.js:3906:18)\n' +
+       '      \n',
+     moduleIdentifier: '/data00/home/jinzhixin/projects/rspack-bench/node_modules/.pnpm/babel-loader@10.1.1_@babel+core@7.29.7_@rspack+core@..+.codex+worktrees+a77f+rspack+packages+rspack/node_modules/babel-loader/lib/index.js??ruleSet[1].rules[0].use[0]!/data00/home/jinzhixin/projects/rspack-bench/results/noop-loader-2026-09-11T04-04-10-528Z-15/fixture/module-06976.js',
+     moduleName: './module-06976.js'
+   },
+   {
+     code: 'ModuleBuildError',
+     message: '  × Module build failed (from ../../../node_modules/.pnpm/babel-loader@10.1.1_@babel+core@7.29.7_@rspack+core@..+.codex+worktrees+a77f+rspack+packages+rspack/node_modules/babel-loader/lib/index.js):\n' +
+       '  ╰─▶   × Error: The original reference that WeakReference<rspack_binding_api::compilation::JsCompilation> is pointing to is dropped\n' +
+       '        │     at file:///data00/home/jinzhixin/.codex/worktrees/a77f/rspack/packages/rspack/dist/worker.js:3902:69\n' +
+       '        │     at runWorkerLoop (file:///data00/home/jinzhixin/.codex/worktrees/a77f/rspack/packages/rspack/dist/worker.js:3906:18)\n' +
+       '      \n',
+     moduleIdentifier: '/data00/home/jinzhixin/projects/rspack-bench/node_modules/.pnpm/babel-loader@10.1.1_@babel+core@7.29.7_@rspack+core@..+.codex+worktrees+a77f+rspack+packages+rspack/node_modules/babel-loader/lib/index.js??ruleSet[1].rules[0].use[0]!/data00/home/jinzhixin/projects/rspack-bench/results/noop-loader-2026-09-11T04-04-10-528Z-15/fixture/module-07007.js',
+     moduleName: './module-07007.js'
+   },
+   {
+     code: 'ModuleBuildError',
+     message: '  × Module build failed (from ../../../node_modules/.pnpm/babel-loader@10.1.1_@babel+core@7.29.7_@rspack+core@..+.codex+worktrees+a77f+rspack+packages+rspack/node_modules/babel-loader/lib/index.js):\n' +
+       '  ╰─▶   × Error: The original reference that WeakReference<rspack_binding_api::compilation::JsCompilation> is pointing to is dropped\n' +
+       '        │     at file:///data00/home/jinzhixin/.codex/worktrees/a77f/rspack/packages/rspack/dist/worker.js:3902:69\n' +
+       '        │     at runWorkerLoop (file:///data00/home/jinzhixin/.codex/worktrees/a77f/rspack/packages/rspack/dist/worker.js:3906:18)\n' +
+       '      \n',
+     moduleIdentifier: '/data00/home/jinzhixin/projects/rspack-bench/node_modules/.pnpm/babel-loader@10.1.1_@babel+core@7.29.7_@rspack+core@..+.codex+worktrees+a77f+rspack+packages+rspack/node_modules/babel-loader/lib/index.js??ruleSet[1].rules[0].use[0]!/data00/home/jinzhixin/projects/rspack-bench/results/noop-loader-2026-09-11T04-04-10-528Z-15/fixture/module-07059.js',
+     moduleName: './module-07059.js'
+   },
+   {
+     code: 'ModuleBuildError',
+     message: '  × Module build failed (from ../../../node_modules/.pnpm/babel-loader@10.1.1_@babel+core@7.29.7_@rspack+core@..+.codex+worktrees+a77f+rspack+packages+rspack/node_modules/babel-loader/lib/index.js):\n' +
+       '  ╰─▶   × Error: The original reference that WeakReference<rspack_binding_api::compilation::JsCompilation> is pointing to is dropped\n' +
+       '        │     at file:///data00/home/jinzhixin/.codex/worktrees/a77f/rspack/packages/rspack/dist/worker.js:3902:69\n' +
+       '        │     at runWorkerLoop (file:///data00/home/jinzhixin/.codex/worktrees/a77f/rspack/packages/rspack/dist/worker.js:3906:18)\n' +
+       '      \n',
+     moduleIdentifier: '/data00/home/jinzhixin/projects/rspack-bench/node_modules/.pnpm/babel-loader@10.1.1_@babel+core@7.29.7_@rspack+core@..+.codex+worktrees+a77f+rspack+packages+rspack/node_modules/babel-loader/lib/index.js??ruleSet[1].rules[0].use[0]!/data00/home/jinzhixin/projects/rspack-bench/results/noop-loader-2026-09-11T04-04-10-528Z-15/fixture/module-07061.js',
+     moduleName: './module-07061.js'
+   },
+   {
+     code: 'ModuleBuildError',
+     message: '  × Module build failed (from ../../../node_modules/.pnpm/babel-loader@10.1.1_@babel+core@7.29.7_@rspack+core@..+.codex+worktrees+a77f+rspack+packages+rspack/node_modules/babel-loader/lib/index.js):\n' +
+       '  ╰─▶   × Error: The original reference that WeakReference<rspack_binding_api::compilation::JsCompilation> is pointing to is dropped\n' +
+       '        │     at file:///data00/home/jinzhixin/.codex/worktrees/a77f/rspack/packages/rspack/dist/worker.js:3902:69\n' +
+       '        │     at runWorkerLoop (file:///data00/home/jinzhixin/.codex/worktrees/a77f/rspack/packages/rspack/dist/worker.js:3906:18)\n' +
+       '      \n',
+     moduleIdentifier: '/data00/home/jinzhixin/projects/rspack-bench/node_modules/.pnpm/babel-loader@10.1.1_@babel+core@7.29.7_@rspack+core@..+.codex+worktrees+a77f+rspack+packages+rspack/node_modules/babel-loader/lib/index.js??ruleSet[1].rules[0].use[0]!/data00/home/jinzhixin/projects/rspack-bench/results/noop-loader-2026-09-11T04-04-10-528Z-15/fixture/module-07073.js',
+     moduleName: './module-07073.js'
+   },
+   {
+     code: 'ModuleBuildError',
+     message: '  × Module build failed (from ../../../node_modules/.pnpm/babel-loader@10.1.1_@babel+core@7.29.7_@rspack+core@..+.codex+worktrees+a77f+rspack+packages+rspack/node_modules/babel-loader/lib/index.js):\n' +
+       '  ╰─▶   × Error: The original reference that WeakReference<rspack_binding_api::compilation::JsCompilation> is pointing to is dropped\n' +
+       '        │     at file:///data00/home/jinzhixin/.codex/worktrees/a77f/rspack/packages/rspack/dist/worker.js:3902:69\n' +
+       '        │     at runWorkerLoop (file:///data00/home/jinzhixin/.codex/worktrees/a77f/rspack/packages/rspack/dist/worker.js:3906:18)\n' +
+       '      \n',
+     moduleIdentifier: '/data00/home/jinzhixin/projects/rspack-bench/node_modules/.pnpm/babel-loader@10.1.1_@babel+core@7.29.7_@rspack+core@..+.codex+worktrees+a77f+rspack+packages+rspack/node_modules/babel-loader/lib/index.js??ruleSet[1].rules[0].use[0]!/data00/home/jinzhixin/projects/rspack-bench/results/noop-loader-2026-09-11T04-04-10-528Z-15/fixture/module-07076.js',
+     moduleName: './module-07076.js'
+   },
+   {
+     code: 'ModuleBuildError',
+     message: '  × Module build failed (from ../../../node_modules/.pnpm/babel-loader@10.1.1_@babel+core@7.29.7_@rspack+core@..+.codex+worktrees+a77f+rspack+packages+rspack/node_modules/babel-loader/lib/index.js):\n' +
+       '  ╰─▶   × Error: The original reference that WeakReference<rspack_binding_api::compilation::JsCompilation> is pointing to is dropped\n' +
+       '        │     at file:///data00/home/jinzhixin/.codex/worktrees/a77f/rspack/packages/rspack/dist/worker.js:3902:69\n' +
+       '        │     at runWorkerLoop (file:///data00/home/jinzhixin/.codex/worktrees/a77f/rspack/packages/rspack/dist/worker.js:3906:18)\n' +
+       '      \n',
+     moduleIdentifier: '/data00/home/jinzhixin/projects/rspack-bench/node_modules/.pnpm/babel-loader@10.1.1_@babel+core@7.29.7_@rspack+core@..+.codex+worktrees+a77f+rspack+packages+rspack/node_modules/babel-loader/lib/index.js??ruleSet[1].rules[0].use[0]!/data00/home/jinzhixin/projects/rspack-bench/results/noop-loader-2026-09-11T04-04-10-528Z-15/fixture/module-07089.js',
+     moduleName: './module-07089.js'
+   },
+   {
+     code: 'ModuleBuildError',
+     message: '  × Module build failed (from ../../../node_modules/.pnpm/babel-loader@10.1.1_@babel+core@7.29.7_@rspack+core@..+.codex+worktrees+a77f+rspack+packages+rspack/node_modules/babel-loader/lib/index.js):\n' +
+       '  ╰─▶   × Error: The original reference that WeakReference<rspack_binding_api::compilation::JsCompilation> is pointing to is dropped\n' +
+       '        │     at file:///data00/home/jinzhixin/.codex/worktrees/a77f/rspack/packages/rspack/dist/worker.js:3902:69\n' +
+       '        │     at runWorkerLoop (file:///data00/home/jinzhixin/.codex/worktrees/a77f/rspack/packages/rspack/dist/worker.js:3906:18)\n' +
+       '      \n',
+     moduleIdentifier: '/data00/home/jinzhixin/projects/rspack-bench/node_modules/.pnpm/babel-loader@10.1.1_@babel+core@7.29.7_@rspack+core@..+.codex+worktrees+a77f+rspack+packages+rspack/node_modules/babel-loader/lib/index.js??ruleSet[1].rules[0].use[0]!/data00/home/jinzhixin/projects/rspack-bench/results/noop-loader-2026-09-11T04-04-10-528Z-15/fixture/module-07101.js',
+     moduleName: './module-07101.js'
+   },
+   {
+     code: 'ModuleBuildError',
+     message: '  × Module build failed (from ../../../node_modules/.pnpm/babel-loader@10.1.1_@babel+core@7.29.7_@rspack+core@..+.codex+worktrees+a77f+rspack+packages+rspack/node_modules/babel-loader/lib/index.js):\n' +
+       '  ╰─▶   × Error: The original reference that WeakReference<rspack_binding_api::compilation::JsCompilation> is pointing to is dropped\n' +
+       '        │     at file:///data00/home/jinzhixin/.codex/worktrees/a77f/rspack/packages/rspack/dist/worker.js:3902:69\n' +
+       '        │     at runWorkerLoop (file:///data00/home/jinzhixin/.codex/worktrees/a77f/rspack/packages/rspack/dist/worker.js:3906:18)\n' +
+       '      \n',
+     moduleIdentifier: '/data00/home/jinzhixin/projects/rspack-bench/node_modules/.pnpm/babel-loader@10.1.1_@babel+core@7.29.7_@rspack+core@..+.codex+worktrees+a77f+rspack+packages+rspack/node_modules/babel-loader/lib/index.js??ruleSet[1].rules[0].use[0]!/data00/home/jinzhixin/projects/rspack-bench/results/noop-loader-2026-09-11T04-04-10-528Z-15/fixture/module-07131.js',
+     moduleName: './module-07131.js'
+   },
+   {
+     code: 'ModuleBuildError',
+     message: '  × Module build failed (from ../../../node_modules/.pnpm/babel-loader@10.1.1_@babel+core@7.29.7_@rspack+core@..+.codex+worktrees+a77f+rspack+packages+rspack/node_modules/babel-loader/lib/index.js):\n' +
+       '  ╰─▶   × Error: The original reference that WeakReference<rspack_binding_api::compilation::JsCompilation> is pointing to is dropped\n' +
+       '        │     at file:///data00/home/jinzhixin/.codex/worktrees/a77f/rspack/packages/rspack/dist/worker.js:3902:69\n' +
+       '        │     at runWorkerLoop (file:///data00/home/jinzhixin/.codex/worktrees/a77f/rspack/packages/rspack/dist/worker.js:3906:18)\n' +
+       '      \n',
+     moduleIdentifier: '/data00/home/jinzhixin/projects/rspack-bench/node_modules/.pnpm/babel-loader@10.1.1_@babel+core@7.29.7_@rspack+core@..+.codex+worktrees+a77f+rspack+packages+rspack/node_modules/babel-loader/lib/index.js??ruleSet[1].rules[0].use[0]!/data00/home/jinzhixin/projects/rspack-bench/results/noop-loader-2026-09-11T04-04-10-528Z-15/fixture/module-07134.js',
+     moduleName: './module-07134.js'
+   },
+   {
+     code: 'ModuleBuildError',
+     message: '  × Module build failed (from ../../../node_modules/.pnpm/babel-loader@10.1.1_@babel+core@7.29.7_@rspack+core@..+.codex+worktrees+a77f+rspack+packages+rspack/node_modules/babel-loader/lib/index.js):\n' +
+       '  ╰─▶   × Error: The original reference that WeakReference<rspack_binding_api::compilation::JsCompilation> is pointing to is dropped\n' +
+       '        │     at file:///data00/home/jinzhixin/.codex/worktrees/a77f/rspack/packages/rspack/dist/worker.js:3902:69\n' +
+       '        │     at runWorkerLoop (file:///data00/home/jinzhixin/.codex/worktrees/a77f/rspack/packages/rspack/dist/worker.js:3906:18)\n' +
+       '      \n',
+     moduleIdentifier: '/data00/home/jinzhixin/projects/rspack-bench/node_modules/.pnpm/babel-loader@10.1.1_@babel+core@7.29.7_@rspack+core@..+.codex+worktrees+a77f+rspack+packages+rspack/node_modules/babel-loader/lib/index.js??ruleSet[1].rules[0].use[0]!/data00/home/jinzhixin/projects/rspack-bench/results/noop-loader-2026-09-11T04-04-10-528Z-15/fixture/module-07172.js',
+     moduleName: './module-07172.js'
+   },
+   {
+     code: 'ModuleBuildError',
+     message: '  × Module build failed (from ../../../node_modules/.pnpm/babel-loader@10.1.1_@babel+core@7.29.7_@rspack+core@..+.codex+worktrees+a77f+rspack+packages+rspack/node_modules/babel-loader/lib/index.js):\n' +
+       '  ╰─▶   × Error: The original reference that WeakReference<rspack_binding_api::compilation::JsCompilation> is pointing to is dropped\n' +
+       '        │     at file:///data00/home/jinzhixin/.codex/worktrees/a77f/rspack/packages/rspack/dist/worker.js:3902:69\n' +
+       '        │     at runWorkerLoop (file:///data00/home/jinzhixin/.codex/worktrees/a77f/rspack/packages/rspack/dist/worker.js:3906:18)\n' +
+       '      \n',
+     moduleIdentifier: '/data00/home/jinzhixin/projects/rspack-bench/node_modules/.pnpm/babel-loader@10.1.1_@babel+core@7.29.7_@rspack+core@..+.codex+worktrees+a77f+rspack+packages+rspack/node_modules/babel-loader/lib/index.js??ruleSet[1].rules[0].use[0]!/data00/home/jinzhixin/projects/rspack-bench/results/noop-loader-2026-09-11T04-04-10-528Z-15/fixture/module-07175.js',
+     moduleName: './module-07175.js'
+   },
+   {
+     code: 'ModuleBuildError',
+     message: '  × Module build failed (from ../../../node_modules/.pnpm/babel-loader@10.1.1_@babel+core@7.29.7_@rspack+core@..+.codex+worktrees+a77f+rspack+packages+rspack/node_modules/babel-loader/lib/index.js):\n' +
+       '  ╰─▶   × Error: The original reference that WeakReference<rspack_binding_api::compilation::JsCompilation> is pointing to is dropped\n' +
+       '        │     at file:///data00/home/jinzhixin/.codex/worktrees/a77f/rspack/packages/rspack/dist/worker.js:3902:69\n' +
+       '        │     at runWorkerLoop (file:///data00/home/jinzhixin/.codex/worktrees/a77f/rspack/packages/rspack/dist/worker.js:3906:18)\n' +
+       '      \n',
+     moduleIdentifier: '/data00/home/jinzhixin/projects/rspack-bench/node_modules/.pnpm/babel-loader@10.1.1_@babel+core@7.29.7_@rspack+core@..+.codex+worktrees+a77f+rspack+packages+rspack/node_modules/babel-loader/lib/index.js??ruleSet[1].rules[0].use[0]!/data00/home/jinzhixin/projects/rspack-bench/results/noop-loader-2026-09-11T04-04-10-528Z-15/fixture/module-07197.js',
+     moduleName: './module-07197.js'
+   },
+   {
+     code: 'ModuleBuildError',
+     message: '  × Module build failed (from ../../../node_modules/.pnpm/babel-loader@10.1.1_@babel+core@7.29.7_@rspack+core@..+.codex+worktrees+a77f+rspack+packages+rspack/node_modules/babel-loader/lib/index.js):\n' +
+       '  ╰─▶   × Error: The original reference that WeakReference<rspack_binding_api::compilation::JsCompilation> is pointing to is dropped\n' +
+       '        │     at file:///data00/home/jinzhixin/.codex/worktrees/a77f/rspack/packages/rspack/dist/worker.js:3902:69\n' +
+       '        │     at runWorkerLoop (file:///data00/home/jinzhixin/.codex/worktrees/a77f/rspack/packages/rspack/dist/worker.js:3906:18)\n' +
+       '      \n',
+     moduleIdentifier: '/data00/home/jinzhixin/projects/rspack-bench/node_modules/.pnpm/babel-loader@10.1.1_@babel+core@7.29.7_@rspack+core@..+.codex+worktrees+a77f+rspack+packages+rspack/node_modules/babel-loader/lib/index.js??ruleSet[1].rules[0].use[0]!/data00/home/jinzhixin/projects/rspack-bench/results/noop-loader-2026-09-11T04-04-10-528Z-15/fixture/module-07199.js',
+     moduleName: './module-07199.js'
+   },
+   {
+     code: 'ModuleBuildError',
+     message: '  × Module build failed (from ../../../node_modules/.pnpm/babel-loader@10.1.1_@babel+core@7.29.7_@rspack+core@..+.codex+worktrees+a77f+rspack+packages+rspack/node_modules/babel-loader/lib/index.js):\n' +
+       '  ╰─▶   × Error: The original reference that WeakReference<rspack_binding_api::compilation::JsCompilation> is pointing to is dropped\n' +
+       '        │     at file:///data00/home/jinzhixin/.codex/worktrees/a77f/rspack/packages/rspack/dist/worker.js:3902:69\n' +
+       '        │     at runWorkerLoop (file:///data00/home/jinzhixin/.codex/worktrees/a77f/rspack/packages/rspack/dist/worker.js:3906:18)\n' +
+       '      \n',
+     moduleIdentifier: '/data00/home/jinzhixin/projects/rspack-bench/node_modules/.pnpm/babel-loader@10.1.1_@babel+core@7.29.7_@rspack+core@..+.codex+worktrees+a77f+rspack+packages+rspack/node_modules/babel-loader/lib/index.js??ruleSet[1].rules[0].use[0]!/data00/home/jinzhixin/projects/rspack-bench/results/noop-loader-2026-09-11T04-04-10-528Z-15/fixture/module-07213.js',
+     moduleName: './module-07213.js'
+   },
+   {
+     code: 'ModuleBuildError',
+     message: '  × Module build failed (from ../../../node_modules/.pnpm/babel-loader@10.1.1_@babel+core@7.29.7_@rspack+core@..+.codex+worktrees+a77f+rspack+packages+rspack/node_modules/babel-loader/lib/index.js):\n' +
+       '  ╰─▶   × Error: The original reference that WeakReference<rspack_binding_api::compilation::JsCompilation> is pointing to is dropped\n' +
+       '        │     at file:///data00/home/jinzhixin/.codex/worktrees/a77f/rspack/packages/rspack/dist/worker.js:3902:69\n' +
+       '        │     at runWorkerLoop (file:///data00/home/jinzhixin/.codex/worktrees/a77f/rspack/packages/rspack/dist/worker.js:3906:18)\n' +
+       '      \n',
+     moduleIdentifier: '/data00/home/jinzhixin/projects/rspack-bench/node_modules/.pnpm/babel-loader@10.1.1_@babel+core@7.29.7_@rspack+core@..+.codex+worktrees+a77f+rspack+packages+rspack/node_modules/babel-loader/lib/index.js??ruleSet[1].rules[0].use[0]!/data00/home/jinzhixin/projects/rspack-bench/results/noop-loader-2026-09-11T04-04-10-528Z-15/fixture/module-07236.js',
+     moduleName: './module-07236.js'
+   },
+   {
+     code: 'ModuleBuildError',
+     message: '  × Module build failed (from ../../../node_modules/.pnpm/babel-loader@10.1.1_@babel+core@7.29.7_@rspack+core@..+.codex+worktrees+a77f+rspack+packages+rspack/node_modules/babel-loader/lib/index.js):\n' +
+       '  ╰─▶   × Error: The original reference that WeakReference<rspack_binding_api::compilation::JsCompilation> is pointing to is dropped\n' +
+       '        │     at file:///data00/home/jinzhixin/.codex/worktrees/a77f/rspack/packages/rspack/dist/worker.js:3902:69\n' +
+       '        │     at runWorkerLoop (file:///data00/home/jinzhixin/.codex/worktrees/a77f/rspack/packages/rspack/dist/worker.js:3906:18)\n' +
+       '      \n',
+     moduleIdentifier: '/data00/home/jinzhixin/projects/rspack-bench/node_modules/.pnpm/babel-loader@10.1.1_@babel+core@7.29.7_@rspack+core@..+.codex+worktrees+a77f+rspack+packages+rspack/node_modules/babel-loader/lib/index.js??ruleSet[1].rules[0].use[0]!/data00/home/jinzhixin/projects/rspack-bench/results/noop-loader-2026-09-11T04-04-10-528Z-15/fixture/module-07238.js',
+     moduleName: './module-07238.js'
+   },
+   {
+     code: 'ModuleBuildError',
+     message: '  × Module build failed (from ../../../node_modules/.pnpm/babel-loader@10.1.1_@babel+core@7.29.7_@rspack+core@..+.codex+worktrees+a77f+rspack+packages+rspack/node_modules/babel-loader/lib/index.js):\n' +
+       '  ╰─▶   × Error: The original reference that WeakReference<rspack_binding_api::compilation::JsCompilation> is pointing to is dropped\n' +
+       '        │     at file:///data00/home/jinzhixin/.codex/worktrees/a77f/rspack/packages/rspack/dist/worker.js:3902:69\n' +
+       '        │     at runWorkerLoop (file:///data00/home/jinzhixin/.codex/worktrees/a77f/rspack/packages/rspack/dist/worker.js:3906:18)\n' +
+       '      \n',
+     moduleIdentifier: '/data00/home/jinzhixin/projects/rspack-bench/node_modules/.pnpm/babel-loader@10.1.1_@babel+core@7.29.7_@rspack+core@..+.codex+worktrees+a77f+rspack+packages+rspack/node_modules/babel-loader/lib/index.js??ruleSet[1].rules[0].use[0]!/data00/home/jinzhixin/projects/rspack-bench/results/noop-loader-2026-09-11T04-04-10-528Z-15/fixture/module-07253.js',
+     moduleName: './module-07253.js'
+   },
+   {
+     code: 'ModuleBuildError',
+     message: '  × Module build failed (from ../../../node_modules/.pnpm/babel-loader@10.1.1_@babel+core@7.29.7_@rspack+core@..+.codex+worktrees+a77f+rspack+packages+rspack/node_modules/babel-loader/lib/index.js):\n' +
+       '  ╰─▶   × Error: The original reference that WeakReference<rspack_binding_api::compilation::JsCompilation> is pointing to is dropped\n' +
+       '        │     at file:///data00/home/jinzhixin/.codex/worktrees/a77f/rspack/packages/rspack/dist/worker.js:3902:69\n' +
+       '        │     at runWorkerLoop (file:///data00/home/jinzhixin/.codex/worktrees/a77f/rspack/packages/rspack/dist/worker.js:3906:18)\n' +
+       '      \n',
+     moduleIdentifier: '/data00/home/jinzhixin/projects/rspack-bench/node_modules/.pnpm/babel-loader@10.1.1_@babel+core@7.29.7_@rspack+core@..+.codex+worktrees+a77f+rspack+packages+rspack/node_modules/babel-loader/lib/index.js??ruleSet[1].rules[0].use[0]!/data00/home/jinzhixin/projects/rspack-bench/results/noop-loader-2026-09-11T04-04-10-528Z-15/fixture/module-07255.js',
+     moduleName: './module-07255.js'
+   },
+   {
+     code: 'ModuleBuildError',
+     message: '  × Module build failed (from ../../../node_modules/.pnpm/babel-loader@10.1.1_@babel+core@7.29.7_@rspack+core@..+.codex+worktrees+a77f+rspack+packages+rspack/node_modules/babel-loader/lib/index.js):\n' +
+       '  ╰─▶   × Error: The original reference that WeakReference<rspack_binding_api::compilation::JsCompilation> is pointing to is dropped\n' +
+       '        │     at file:///data00/home/jinzhixin/.codex/worktrees/a77f/rspack/packages/rspack/dist/worker.js:3902:69\n' +
+       '        │     at runWorkerLoop (file:///data00/home/jinzhixin/.codex/worktrees/a77f/rspack/packages/rspack/dist/worker.js:3906:18)\n' +
+       '      \n',
+     moduleIdentifier: '/data00/home/jinzhixin/projects/rspack-bench/node_modules/.pnpm/babel-loader@10.1.1_@babel+core@7.29.7_@rspack+core@..+.codex+worktrees+a77f+rspack+packages+rspack/node_modules/babel-loader/lib/index.js??ruleSet[1].rules[0].use[0]!/data00/home/jinzhixin/projects/rspack-bench/results/noop-loader-2026-09-11T04-04-10-528Z-15/fixture/module-07260.js',
+     moduleName: './module-07260.js'
+   },
+   {
+     code: 'ModuleBuildError',
+     message: '  × Module build failed (from ../../../node_modules/.pnpm/babel-loader@10.1.1_@babel+core@7.29.7_@rspack+core@..+.codex+worktrees+a77f+rspack+packages+rspack/node_modules/babel-loader/lib/index.js):\n' +
+       '  ╰─▶   × Error: The original reference that WeakReference<rspack_binding_api::compilation::JsCompilation> is pointing to is dropped\n' +
+       '        │     at file:///data00/home/jinzhixin/.codex/worktrees/a77f/rspack/packages/rspack/dist/worker.js:3902:69\n' +
+       '        │     at runWorkerLoop (file:///data00/home/jinzhixin/.codex/worktrees/a77f/rspack/packages/rspack/dist/worker.js:3906:18)\n' +
+       '      \n',
+     moduleIdentifier: '/data00/home/jinzhixin/projects/rspack-bench/node_modules/.pnpm/babel-loader@10.1.1_@babel+core@7.29.7_@rspack+core@..+.codex+worktrees+a77f+rspack+packages+rspack/node_modules/babel-loader/lib/index.js??ruleSet[1].rules[0].use[0]!/data00/home/jinzhixin/projects/rspack-bench/results/noop-loader-2026-09-11T04-04-10-528Z-15/fixture/module-07301.js',
+     moduleName: './module-07301.js'
+   },
+   {
+     code: 'ModuleBuildError',
+     message: '  × Module build failed (from ../../../node_modules/.pnpm/babel-loader@10.1.1_@babel+core@7.29.7_@rspack+core@..+.codex+worktrees+a77f+rspack+packages+rspack/node_modules/babel-loader/lib/index.js):\n' +
+       '  ╰─▶   × Error: The original reference that WeakReference<rspack_binding_api::compilation::JsCompilation> is pointing to is dropped\n' +
+       '        │     at file:///data00/home/jinzhixin/.codex/worktrees/a77f/rspack/packages/rspack/dist/worker.js:3902:69\n' +
+       '        │     at runWorkerLoop (file:///data00/home/jinzhixin/.codex/worktrees/a77f/rspack/packages/rspack/dist/worker.js:3906:18)\n' +
+       '      \n',
+     moduleIdentifier: '/data00/home/jinzhixin/projects/rspack-bench/node_modules/.pnpm/babel-loader@10.1.1_@babel+core@7.29.7_@rspack+core@..+.codex+worktrees+a77f+rspack+packages+rspack/node_modules/babel-loader/lib/index.js??ruleSet[1].rules[0].use[0]!/data00/home/jinzhixin/projects/rspack-bench/results/noop-loader-2026-09-11T04-04-10-528Z-15/fixture/module-07325.js',
+     moduleName: './module-07325.js'
+   },
+   {
+     code: 'ModuleBuildError',
+     message: '  × Module build failed (from ../../../node_modules/.pnpm/babel-loader@10.1.1_@babel+core@7.29.7_@rspack+core@..+.codex+worktrees+a77f+rspack+packages+rspack/node_modules/babel-loader/lib/index.js):\n' +
+       '  ╰─▶   × Error: The original reference that WeakReference<rspack_binding_api::compilation::JsCompilation> is pointing to is dropped\n' +
+       '        │     at file:///data00/home/jinzhixin/.codex/worktrees/a77f/rspack/packages/rspack/dist/worker.js:3902:69\n' +
+       '        │     at runWorkerLoop (file:///data00/home/jinzhixin/.codex/worktrees/a77f/rspack/packages/rspack/dist/worker.js:3906:18)\n' +
+       '      \n',
+     moduleIdentifier: '/data00/home/jinzhixin/projects/rspack-bench/node_modules/.pnpm/babel-loader@10.1.1_@babel+core@7.29.7_@rspack+core@..+.codex+worktrees+a77f+rspack+packages+rspack/node_modules/babel-loader/lib/index.js??ruleSet[1].rules[0].use[0]!/data00/home/jinzhixin/projects/rspack-bench/results/noop-loader-2026-09-11T04-04-10-528Z-15/fixture/module-07348.js',
+     moduleName: './module-07348.js'
+   },
+   {
+     code: 'ModuleBuildError',
+     message: '  × Module build failed (from ../../../node_modules/.pnpm/babel-loader@10.1.1_@babel+core@7.29.7_@rspack+core@..+.codex+worktrees+a77f+rspack+packages+rspack/node_modules/babel-loader/lib/index.js):\n' +
+       '  ╰─▶   × Error: The original reference that WeakReference<rspack_binding_api::compilation::JsCompilation> is pointing to is dropped\n' +
+       '        │     at file:///data00/home/jinzhixin/.codex/worktrees/a77f/rspack/packages/rspack/dist/worker.js:3902:69\n' +
+       '        │     at runWorkerLoop (file:///data00/home/jinzhixin/.codex/worktrees/a77f/rspack/packages/rspack/dist/worker.js:3906:18)\n' +
+       '      \n',
+     moduleIdentifier: '/data00/home/jinzhixin/projects/rspack-bench/node_modules/.pnpm/babel-loader@10.1.1_@babel+core@7.29.7_@rspack+core@..+.codex+worktrees+a77f+rspack+packages+rspack/node_modules/babel-loader/lib/index.js??ruleSet[1].rules[0].use[0]!/data00/home/jinzhixin/projects/rspack-bench/results/noop-loader-2026-09-11T04-04-10-528Z-15/fixture/module-07357.js',
+     moduleName: './module-07357.js'
+   },
+   {
+     code: 'ModuleBuildError',
+     message: '  × Module build failed (from ../../../node_modules/.pnpm/babel-loader@10.1.1_@babel+core@7.29.7_@rspack+core@..+.codex+worktrees+a77f+rspack+packages+rspack/node_modules/babel-loader/lib/index.js):\n' +
+       '  ╰─▶   × Error: The original reference that WeakReference<rspack_binding_api::compilation::JsCompilation> is pointing to is dropped\n' +
+       '        │     at file:///data00/home/jinzhixin/.codex/worktrees/a77f/rspack/packages/rspack/dist/worker.js:3902:69\n' +
+       '        │     at runWorkerLoop (file:///data00/home/jinzhixin/.codex/worktrees/a77f/rspack/packages/rspack/dist/worker.js:3906:18)\n' +
+       '      \n',
+     moduleIdentifier: '/data00/home/jinzhixin/projects/rspack-bench/node_modules/.pnpm/babel-loader@10.1.1_@babel+core@7.29.7_@rspack+core@..+.codex+worktrees+a77f+rspack+packages+rspack/node_modules/babel-loader/lib/index.js??ruleSet[1].rules[0].use[0]!/data00/home/jinzhixin/projects/rspack-bench/results/noop-loader-2026-09-11T04-04-10-528Z-15/fixture/module-07387.js',
+     moduleName: './module-07387.js'
+   },
+   {
+     code: 'ModuleBuildError',
+     message: '  × Module build failed (from ../../../node_modules/.pnpm/babel-loader@10.1.1_@babel+core@7.29.7_@rspack+core@..+.codex+worktrees+a77f+rspack+packages+rspack/node_modules/babel-loader/lib/index.js):\n' +
+       '  ╰─▶   × Error: The original reference that WeakReference<rspack_binding_api::compilation::JsCompilation> is pointing to is dropped\n' +
+       '        │     at file:///data00/home/jinzhixin/.codex/worktrees/a77f/rspack/packages/rspack/dist/worker.js:3902:69\n' +
+       '        │     at runWorkerLoop (file:///data00/home/jinzhixin/.codex/worktrees/a77f/rspack/packages/rspack/dist/worker.js:3906:18)\n' +
+       '      \n',
+     moduleIdentifier: '/data00/home/jinzhixin/projects/rspack-bench/node_modules/.pnpm/babel-loader@10.1.1_@babel+core@7.29.7_@rspack+core@..+.codex+worktrees+a77f+rspack+packages+rspack/node_modules/babel-loader/lib/index.js??ruleSet[1].rules[0].use[0]!/data00/home/jinzhixin/projects/rspack-bench/results/noop-loader-2026-09-11T04-04-10-528Z-15/fixture/module-07419.js',
+     moduleName: './module-07419.js'
+   },
+   {
+     code: 'ModuleBuildError',
+     message: '  × Module build failed (from ../../../node_modules/.pnpm/babel-loader@10.1.1_@babel+core@7.29.7_@rspack+core@..+.codex+worktrees+a77f+rspack+packages+rspack/node_modules/babel-loader/lib/index.js):\n' +
+       '  ╰─▶   × Error: The original reference that WeakReference<rspack_binding_api::compilation::JsCompilation> is pointing to is dropped\n' +
+       '        │     at file:///data00/home/jinzhixin/.codex/worktrees/a77f/rspack/packages/rspack/dist/worker.js:3902:69\n' +
+       '        │     at runWorkerLoop (file:///data00/home/jinzhixin/.codex/worktrees/a77f/rspack/packages/rspack/dist/worker.js:3906:18)\n' +
+       '      \n',
+     moduleIdentifier: '/data00/home/jinzhixin/projects/rspack-bench/node_modules/.pnpm/babel-loader@10.1.1_@babel+core@7.29.7_@rspack+core@..+.codex+worktrees+a77f+rspack+packages+rspack/node_modules/babel-loader/lib/index.js??ruleSet[1].rules[0].use[0]!/data00/home/jinzhixin/projects/rspack-bench/results/noop-loader-2026-09-11T04-04-10-528Z-15/fixture/module-07482.js',
+     moduleName: './module-07482.js'
+   },
+   {
+     code: 'ModuleBuildError',
+     message: '  × Module build failed (from ../../../node_modules/.pnpm/babel-loader@10.1.1_@babel+core@7.29.7_@rspack+core@..+.codex+worktrees+a77f+rspack+packages+rspack/node_modules/babel-loader/lib/index.js):\n' +
+       '  ╰─▶   × Error: The original reference that WeakReference<rspack_binding_api::compilation::JsCompilation> is pointing to is dropped\n' +
+       '        │     at file:///data00/home/jinzhixin/.codex/worktrees/a77f/rspack/packages/rspack/dist/worker.js:3902:69\n' +
+       '        │     at runWorkerLoop (file:///data00/home/jinzhixin/.codex/worktrees/a77f/rspack/packages/rspack/dist/worker.js:3906:18)\n' +
+       '      \n',
+     moduleIdentifier: '/data00/home/jinzhixin/projects/rspack-bench/node_modules/.pnpm/babel-loader@10.1.1_@babel+core@7.29.7_@rspack+core@..+.codex+worktrees+a77f+rspack+packages+rspack/node_modules/babel-loader/lib/index.js??ruleSet[1].rules[0].use[0]!/data00/home/jinzhixin/projects/rspack-bench/results/noop-loader-2026-09-11T04-04-10-528Z-15/fixture/module-07501.js',
+     moduleName: './module-07501.js'
+   },
+   {
+     code: 'ModuleBuildError',
+     message: '  × Module build failed (from ../../../node_modules/.pnpm/babel-loader@10.1.1_@babel+core@7.29.7_@rspack+core@..+.codex+worktrees+a77f+rspack+packages+rspack/node_modules/babel-loader/lib/index.js):\n' +
+       '  ╰─▶   × Error: The original reference that WeakReference<rspack_binding_api::compilation::JsCompilation> is pointing to is dropped\n' +
+       '        │     at file:///data00/home/jinzhixin/.codex/worktrees/a77f/rspack/packages/rspack/dist/worker.js:3902:69\n' +
+       '        │     at runWorkerLoop (file:///data00/home/jinzhixin/.codex/worktrees/a77f/rspack/packages/rspack/dist/worker.js:3906:18)\n' +
+       '      \n',
+     moduleIdentifier: '/data00/home/jinzhixin/projects/rspack-bench/node_modules/.pnpm/babel-loader@10.1.1_@babel+core@7.29.7_@rspack+core@..+.codex+worktrees+a77f+rspack+packages+rspack/node_modules/babel-loader/lib/index.js??ruleSet[1].rules[0].use[0]!/data00/home/jinzhixin/projects/rspack-bench/results/noop-loader-2026-09-11T04-04-10-528Z-15/fixture/module-07520.js',
+     moduleName: './module-07520.js'
+   },
+   {
+     code: 'ModuleBuildError',
+     message: '  × Module build failed (from ../../../node_modules/.pnpm/babel-loader@10.1.1_@babel+core@7.29.7_@rspack+core@..+.codex+worktrees+a77f+rspack+packages+rspack/node_modules/babel-loader/lib/index.js):\n' +
+       '  ╰─▶   × Error: The original reference that WeakReference<rspack_binding_api::compilation::JsCompilation> is pointing to is dropped\n' +
+       '        │     at file:///data00/home/jinzhixin/.codex/worktrees/a77f/rspack/packages/rspack/dist/worker.js:3902:69\n' +
+       '        │     at runWorkerLoop (file:///data00/home/jinzhixin/.codex/worktrees/a77f/rspack/packages/rspack/dist/worker.js:3906:18)\n' +
+       '      \n',
+     moduleIdentifier: '/data00/home/jinzhixin/projects/rspack-bench/node_modules/.pnpm/babel-loader@10.1.1_@babel+core@7.29.7_@rspack+core@..+.codex+worktrees+a77f+rspack+packages+rspack/node_modules/babel-loader/lib/index.js??ruleSet[1].rules[0].use[0]!/data00/home/jinzhixin/projects/rspack-bench/results/noop-loader-2026-09-11T04-04-10-528Z-15/fixture/module-07522.js',
+     moduleName: './module-07522.js'
+   },
+   {
+     code: 'ModuleBuildError',
+     message: '  × Module build failed (from ../../../node_modules/.pnpm/babel-loader@10.1.1_@babel+core@7.29.7_@rspack+core@..+.codex+worktrees+a77f+rspack+packages+rspack/node_modules/babel-loader/lib/index.js):\n' +
+       '  ╰─▶   × Error: The original reference that WeakReference<rspack_binding_api::compilation::JsCompilation> is pointing to is dropped\n' +
+       '        │     at file:///data00/home/jinzhixin/.codex/worktrees/a77f/rspack/packages/rspack/dist/worker.js:3902:69\n' +
+       '        │     at runWorkerLoop (file:///data00/home/jinzhixin/.codex/worktrees/a77f/rspack/packages/rspack/dist/worker.js:3906:18)\n' +
+       '      \n',
+     moduleIdentifier: '/data00/home/jinzhixin/projects/rspack-bench/node_modules/.pnpm/babel-loader@10.1.1_@babel+core@7.29.7_@rspack+core@..+.codex+worktrees+a77f+rspack+packages+rspack/node_modules/babel-loader/lib/index.js??ruleSet[1].rules[0].use[0]!/data00/home/jinzhixin/projects/rspack-bench/results/noop-loader-2026-09-11T04-04-10-528Z-15/fixture/module-07523.js',
+     moduleName: './module-07523.js'
+   },
+   {
+     code: 'ModuleBuildError',
+     message: '  × Module build failed (from ../../../node_modules/.pnpm/babel-loader@10.1.1_@babel+core@7.29.7_@rspack+core@..+.codex+worktrees+a77f+rspack+packages+rspack/node_modules/babel-loader/lib/index.js):\n' +
+       '  ╰─▶   × Error: The original reference that WeakReference<rspack_binding_api::compilation::JsCompilation> is pointing to is dropped\n' +
+       '        │     at file:///data00/home/jinzhixin/.codex/worktrees/a77f/rspack/packages/rspack/dist/worker.js:3902:69\n' +
+       '        │     at runWorkerLoop (file:///data00/home/jinzhixin/.codex/worktrees/a77f/rspack/packages/rspack/dist/worker.js:3906:18)\n' +
+       '      \n',
+     moduleIdentifier: '/data00/home/jinzhixin/projects/rspack-bench/node_modules/.pnpm/babel-loader@10.1.1_@babel+core@7.29.7_@rspack+core@..+.codex+worktrees+a77f+rspack+packages+rspack/node_modules/babel-loader/lib/index.js??ruleSet[1].rules[0].use[0]!/data00/home/jinzhixin/projects/rspack-bench/results/noop-loader-2026-09-11T04-04-10-528Z-15/fixture/module-07584.js',
+     moduleName: './module-07584.js'
+   },
+   {
+     code: 'ModuleBuildError',
+     message: '  × Module build failed (from ../../../node_modules/.pnpm/babel-loader@10.1.1_@babel+core@7.29.7_@rspack+core@..+.codex+worktrees+a77f+rspack+packages+rspack/node_modules/babel-loader/lib/index.js):\n' +
+       '  ╰─▶   × Error: The original reference that WeakReference<rspack_binding_api::compilation::JsCompilation> is pointing to is dropped\n' +
+       '        │     at file:///data00/home/jinzhixin/.codex/worktrees/a77f/rspack/packages/rspack/dist/worker.js:3902:69\n' +
+       '        │     at runWorkerLoop (file:///data00/home/jinzhixin/.codex/worktrees/a77f/rspack/packages/rspack/dist/worker.js:3906:18)\n' +
+       '      \n',
+     moduleIdentifier: '/data00/home/jinzhixin/projects/rspack-bench/node_modules/.pnpm/babel-loader@10.1.1_@babel+core@7.29.7_@rspack+core@..+.codex+worktrees+a77f+rspack+packages+rspack/node_modules/babel-loader/lib/index.js??ruleSet[1].rules[0].use[0]!/data00/home/jinzhixin/projects/rspack-bench/results/noop-loader-2026-09-11T04-04-10-528Z-15/fixture/module-07589.js',
+     moduleName: './module-07589.js'
+   },
+   {
+     code: 'ModuleBuildError',
+     message: '  × Module build failed (from ../../../node_modules/.pnpm/babel-loader@10.1.1_@babel+core@7.29.7_@rspack+core@..+.codex+worktrees+a77f+rspack+packages+rspack/node_modules/babel-loader/lib/index.js):\n' +
+       '  ╰─▶   × Error: The original reference that WeakReference<rspack_binding_api::compilation::JsCompilation> is pointing to is dropped\n' +
+       '        │     at file:///data00/home/jinzhixin/.codex/worktrees/a77f/rspack/packages/rspack/dist/worker.js:3902:69\n' +
+       '        │     at runWorkerLoop (file:///data00/home/jinzhixin/.codex/worktrees/a77f/rspack/packages/rspack/dist/worker.js:3906:18)\n' +
+       '      \n',
+     moduleIdentifier: '/data00/home/jinzhixin/projects/rspack-bench/node_modules/.pnpm/babel-loader@10.1.1_@babel+core@7.29.7_@rspack+core@..+.codex+worktrees+a77f+rspack+packages+rspack/node_modules/babel-loader/lib/index.js??ruleSet[1].rules[0].use[0]!/data00/home/jinzhixin/projects/rspack-bench/results/noop-loader-2026-09-11T04-04-10-528Z-15/fixture/module-07590.js',
+     moduleName: './module-07590.js'
+   },
+   {
+     code: 'ModuleBuildError',
+     message: '  × Module build failed (from ../../../node_modules/.pnpm/babel-loader@10.1.1_@babel+core@7.29.7_@rspack+core@..+.codex+worktrees+a77f+rspack+packages+rspack/node_modules/babel-loader/lib/index.js):\n' +
+       '  ╰─▶   × Error: The original reference that WeakReference<rspack_binding_api::compilation::JsCompilation> is pointing to is dropped\n' +
+       '        │     at file:///data00/home/jinzhixin/.codex/worktrees/a77f/rspack/packages/rspack/dist/worker.js:3902:69\n' +
+       '        │     at runWorkerLoop (file:///data00/home/jinzhixin/.codex/worktrees/a77f/rspack/packages/rspack/dist/worker.js:3906:18)\n' +
+       '      \n',
+     moduleIdentifier: '/data00/home/jinzhixin/projects/rspack-bench/node_modules/.pnpm/babel-loader@10.1.1_@babel+core@7.29.7_@rspack+core@..+.codex+worktrees+a77f+rspack+packages+rspack/node_modules/babel-loader/lib/index.js??ruleSet[1].rules[0].use[0]!/data00/home/jinzhixin/projects/rspack-bench/results/noop-loader-2026-09-11T04-04-10-528Z-15/fixture/module-07613.js',
+     moduleName: './module-07613.js'
+   },
+   {
+     code: 'ModuleBuildError',
+     message: '  × Module build failed (from ../../../node_modules/.pnpm/babel-loader@10.1.1_@babel+core@7.29.7_@rspack+core@..+.codex+worktrees+a77f+rspack+packages+rspack/node_modules/babel-loader/lib/index.js):\n' +
+       '  ╰─▶   × Error: The original reference that WeakReference<rspack_binding_api::compilation::JsCompilation> is pointing to is dropped\n' +
+       '        │     at file:///data00/home/jinzhixin/.codex/worktrees/a77f/rspack/packages/rspack/dist/worker.js:3902:69\n' +
+       '        │     at runWorkerLoop (file:///data00/home/jinzhixin/.codex/worktrees/a77f/rspack/packages/rspack/dist/worker.js:3906:18)\n' +
+       '      \n',
+     moduleIdentifier: '/data00/home/jinzhixin/projects/rspack-bench/node_modules/.pnpm/babel-loader@10.1.1_@babel+core@7.29.7_@rspack+core@..+.codex+worktrees+a77f+rspack+packages+rspack/node_modules/babel-loader/lib/index.js??ruleSet[1].rules[0].use[0]!/data00/home/jinzhixin/projects/rspack-bench/results/noop-loader-2026-09-11T04-04-10-528Z-15/fixture/module-07680.js',
+     moduleName: './module-07680.js'
+   },
+   {
+     code: 'ModuleBuildError',
+     message: '  × Module build failed (from ../../../node_modules/.pnpm/babel-loader@10.1.1_@babel+core@7.29.7_@rspack+core@..+.codex+worktrees+a77f+rspack+packages+rspack/node_modules/babel-loader/lib/index.js):\n' +
+       '  ╰─▶   × Error: The original reference that WeakReference<rspack_binding_api::compilation::JsCompilation> is pointing to is dropped\n' +
+       '        │     at file:///data00/home/jinzhixin/.codex/worktrees/a77f/rspack/packages/rspack/dist/worker.js:3902:69\n' +
+       '        │     at runWorkerLoop (file:///data00/home/jinzhixin/.codex/worktrees/a77f/rspack/packages/rspack/dist/worker.js:3906:18)\n' +
+       '      \n',
+     moduleIdentifier: '/data00/home/jinzhixin/projects/rspack-bench/node_modules/.pnpm/babel-loader@10.1.1_@babel+core@7.29.7_@rspack+core@..+.codex+worktrees+a77f+rspack+packages+rspack/node_modules/babel-loader/lib/index.js??ruleSet[1].rules[0].use[0]!/data00/home/jinzhixin/projects/rspack-bench/results/noop-loader-2026-09-11T04-04-10-528Z-15/fixture/module-07683.js',
+     moduleName: './module-07683.js'
+   },
+   {
+     code: 'ModuleBuildError',
+     message: '  × Module build failed (from ../../../node_modules/.pnpm/babel-loader@10.1.1_@babel+core@7.29.7_@rspack+core@..+.codex+worktrees+a77f+rspack+packages+rspack/node_modules/babel-loader/lib/index.js):\n' +
+       '  ╰─▶   × Error: The original reference that WeakReference<rspack_binding_api::compilation::JsCompilation> is pointing to is dropped\n' +
+       '        │     at file:///data00/home/jinzhixin/.codex/worktrees/a77f/rspack/packages/rspack/dist/worker.js:3902:69\n' +
+       '        │     at runWorkerLoop (file:///data00/home/jinzhixin/.codex/worktrees/a77f/rspack/packages/rspack/dist/worker.js:3906:18)\n' +
+       '      \n',
+     moduleIdentifier: '/data00/home/jinzhixin/projects/rspack-bench/node_modules/.pnpm/babel-loader@10.1.1_@babel+core@7.29.7_@rspack+core@..+.codex+worktrees+a77f+rspack+packages+rspack/node_modules/babel-loader/lib/index.js??ruleSet[1].rules[0].use[0]!/data00/home/jinzhixin/projects/rspack-bench/results/noop-loader-2026-09-11T04-04-10-528Z-15/fixture/module-07715.js',
+     moduleName: './module-07715.js'
+   },
+   {
+     code: 'ModuleBuildError',
+     message: '  × Module build failed (from ../../../node_modules/.pnpm/babel-loader@10.1.1_@babel+core@7.29.7_@rspack+core@..+.codex+worktrees+a77f+rspack+packages+rspack/node_modules/babel-loader/lib/index.js):\n' +
+       '  ╰─▶   × Error: The original reference that WeakReference<rspack_binding_api::compilation::JsCompilation> is pointing to is dropped\n' +
+       '        │     at file:///data00/home/jinzhixin/.codex/worktrees/a77f/rspack/packages/rspack/dist/worker.js:3902:69\n' +
+       '        │     at runWorkerLoop (file:///data00/home/jinzhixin/.codex/worktrees/a77f/rspack/packages/rspack/dist/worker.js:3906:18)\n' +
+       '      \n',
+     moduleIdentifier: '/data00/home/jinzhixin/projects/rspack-bench/node_modules/.pnpm/babel-loader@10.1.1_@babel+core@7.29.7_@rspack+core@..+.codex+worktrees+a77f+rspack+packages+rspack/node_modules/babel-loader/lib/index.js??ruleSet[1].rules[0].use[0]!/data00/home/jinzhixin/projects/rspack-bench/results/noop-loader-2026-09-11T04-04-10-528Z-15/fixture/module-07719.js',
+     moduleName: './module-07719.js'
+   },
+   {
+     code: 'ModuleBuildError',
+     message: '  × Module build failed (from ../../../node_modules/.pnpm/babel-loader@10.1.1_@babel+core@7.29.7_@rspack+core@..+.codex+worktrees+a77f+rspack+packages+rspack/node_modules/babel-loader/lib/index.js):\n' +
+       '  ╰─▶   × Error: The original reference that WeakReference<rspack_binding_api::compilation::JsCompilation> is pointing to is dropped\n' +
+       '        │     at file:///data00/home/jinzhixin/.codex/worktrees/a77f/rspack/packages/rspack/dist/worker.js:3902:69\n' +
+       '        │     at runWorkerLoop (file:///data00/home/jinzhixin/.codex/worktrees/a77f/rspack/packages/rspack/dist/worker.js:3906:18)\n' +
+       '      \n',
+     moduleIdentifier: '/data00/home/jinzhixin/projects/rspack-bench/node_modules/.pnpm/babel-loader@10.1.1_@babel+core@7.29.7_@rspack+core@..+.codex+worktrees+a77f+rspack+packages+rspack/node_modules/babel-loader/lib/index.js??ruleSet[1].rules[0].use[0]!/data00/home/jinzhixin/projects/rspack-bench/results/noop-loader-2026-09-11T04-04-10-528Z-15/fixture/module-07726.js',
+     moduleName: './module-07726.js'
+   },
+   {
+     code: 'ModuleBuildError',
+     message: '  × Module build failed (from ../../../node_modules/.pnpm/babel-loader@10.1.1_@babel+core@7.29.7_@rspack+core@..+.codex+worktrees+a77f+rspack+packages+rspack/node_modules/babel-loader/lib/index.js):\n' +
+       '  ╰─▶   × Error: The original reference that WeakReference<rspack_binding_api::compilation::JsCompilation> is pointing to is dropped\n' +
+       '        │     at file:///data00/home/jinzhixin/.codex/worktrees/a77f/rspack/packages/rspack/dist/worker.js:3902:69\n' +
+       '        │     at runWorkerLoop (file:///data00/home/jinzhixin/.codex/worktrees/a77f/rspack/packages/rspack/dist/worker.js:3906:18)\n' +
+       '      \n',
+     moduleIdentifier: '/data00/home/jinzhixin/projects/rspack-bench/node_modules/.pnpm/babel-loader@10.1.1_@babel+core@7.29.7_@rspack+core@..+.codex+worktrees+a77f+rspack+packages+rspack/node_modules/babel-loader/lib/index.js??ruleSet[1].rules[0].use[0]!/data00/home/jinzhixin/projects/rspack-bench/results/noop-loader-2026-09-11T04-04-10-528Z-15/fixture/module-07733.js',
+     moduleName: './module-07733.js'
+   },
+   {
+     code: 'ModuleBuildError',
+     message: '  × Module build failed (from ../../../node_modules/.pnpm/babel-loader@10.1.1_@babel+core@7.29.7_@rspack+core@..+.codex+worktrees+a77f+rspack+packages+rspack/node_modules/babel-loader/lib/index.js):\n' +
+       '  ╰─▶   × Error: The original reference that WeakReference<rspack_binding_api::compilation::JsCompilation> is pointing to is dropped\n' +
+       '        │     at file:///data00/home/jinzhixin/.codex/worktrees/a77f/rspack/packages/rspack/dist/worker.js:3902:69\n' +
+       '        │     at runWorkerLoop (file:///data00/home/jinzhixin/.codex/worktrees/a77f/rspack/packages/rspack/dist/worker.js:3906:18)\n' +
+       '      \n',
+     moduleIdentifier: '/data00/home/jinzhixin/projects/rspack-bench/node_modules/.pnpm/babel-loader@10.1.1_@babel+core@7.29.7_@rspack+core@..+.codex+worktrees+a77f+rspack+packages+rspack/node_modules/babel-loader/lib/index.js??ruleSet[1].rules[0].use[0]!/data00/home/jinzhixin/projects/rspack-bench/results/noop-loader-2026-09-11T04-04-10-528Z-15/fixture/module-07738.js',
+     moduleName: './module-07738.js'
+   },
+   {
+     code: 'ModuleBuildError',
+     message: '  × Module build failed (from ../../../node_modules/.pnpm/babel-loader@10.1.1_@babel+core@7.29.7_@rspack+core@..+.codex+worktrees+a77f+rspack+packages+rspack/node_modules/babel-loader/lib/index.js):\n' +
+       '  ╰─▶   × Error: The original reference that WeakReference<rspack_binding_api::compilation::JsCompilation> is pointing to is dropped\n' +
+       '        │     at file:///data00/home/jinzhixin/.codex/worktrees/a77f/rspack/packages/rspack/dist/worker.js:3902:69\n' +
+       '        │     at runWorkerLoop (file:///data00/home/jinzhixin/.codex/worktrees/a77f/rspack/packages/rspack/dist/worker.js:3906:18)\n' +
+       '      \n',
+     moduleIdentifier: '/data00/home/jinzhixin/projects/rspack-bench/node_modules/.pnpm/babel-loader@10.1.1_@babel+core@7.29.7_@rspack+core@..+.codex+worktrees+a77f+rspack+packages+rspack/node_modules/babel-loader/lib/index.js??ruleSet[1].rules[0].use[0]!/data00/home/jinzhixin/projects/rspack-bench/results/noop-loader-2026-09-11T04-04-10-528Z-15/fixture/module-07744.js',
+     moduleName: './module-07744.js'
+   },
+   {
+     code: 'ModuleBuildError',
+     message: '  × Module build failed (from ../../../node_modules/.pnpm/babel-loader@10.1.1_@babel+core@7.29.7_@rspack+core@..+.codex+worktrees+a77f+rspack+packages+rspack/node_modules/babel-loader/lib/index.js):\n' +
+       '  ╰─▶   × Error: The original reference that WeakReference<rspack_binding_api::compilation::JsCompilation> is pointing to is dropped\n' +
+       '        │     at file:///data00/home/jinzhixin/.codex/worktrees/a77f/rspack/packages/rspack/dist/worker.js:3902:69\n' +
+       '        │     at runWorkerLoop (file:///data00/home/jinzhixin/.codex/worktrees/a77f/rspack/packages/rspack/dist/worker.js:3906:18)\n' +
+       '      \n',
+     moduleIdentifier: '/data00/home/jinzhixin/projects/rspack-bench/node_modules/.pnpm/babel-loader@10.1.1_@babel+core@7.29.7_@rspack+core@..+.codex+worktrees+a77f+rspack+packages+rspack/node_modules/babel-loader/lib/index.js??ruleSet[1].rules[0].use[0]!/data00/home/jinzhixin/projects/rspack-bench/results/noop-loader-2026-09-11T04-04-10-528Z-15/fixture/module-07758.js',
+     moduleName: './module-07758.js'
+   },
+   {
+     code: 'ModuleBuildError',
+     message: '  × Module build failed (from ../../../node_modules/.pnpm/babel-loader@10.1.1_@babel+core@7.29.7_@rspack+core@..+.codex+worktrees+a77f+rspack+packages+rspack/node_modules/babel-loader/lib/index.js):\n' +
+       '  ╰─▶   × Error: The original reference that WeakReference<rspack_binding_api::compilation::JsCompilation> is pointing to is dropped\n' +
+       '        │     at file:///data00/home/jinzhixin/.codex/worktrees/a77f/rspack/packages/rspack/dist/worker.js:3902:69\n' +
+       '        │     at runWorkerLoop (file:///data00/home/jinzhixin/.codex/worktrees/a77f/rspack/packages/rspack/dist/worker.js:3906:18)\n' +
+       '      \n',
+     moduleIdentifier: '/data00/home/jinzhixin/projects/rspack-bench/node_modules/.pnpm/babel-loader@10.1.1_@babel+core@7.29.7_@rspack+core@..+.codex+worktrees+a77f+rspack+packages+rspack/node_modules/babel-loader/lib/index.js??ruleSet[1].rules[0].use[0]!/data00/home/jinzhixin/projects/rspack-bench/results/noop-loader-2026-09-11T04-04-10-528Z-15/fixture/module-07775.js',
+     moduleName: './module-07775.js'
+   },
+   {
+     code: 'ModuleBuildError',
+     message: '  × Module build failed (from ../../../node_modules/.pnpm/babel-loader@10.1.1_@babel+core@7.29.7_@rspack+core@..+.codex+worktrees+a77f+rspack+packages+rspack/node_modules/babel-loader/lib/index.js):\n' +
+       '  ╰─▶   × Error: The original reference that WeakReference<rspack_binding_api::compilation::JsCompilation> is pointing to is dropped\n' +
+       '        │     at file:///data00/home/jinzhixin/.codex/worktrees/a77f/rspack/packages/rspack/dist/worker.js:3902:69\n' +
+       '        │     at runWorkerLoop (file:///data00/home/jinzhixin/.codex/worktrees/a77f/rspack/packages/rspack/dist/worker.js:3906:18)\n' +
+       '      \n',
+     moduleIdentifier: '/data00/home/jinzhixin/projects/rspack-bench/node_modules/.pnpm/babel-loader@10.1.1_@babel+core@7.29.7_@rspack+core@..+.codex+worktrees+a77f+rspack+packages+rspack/node_modules/babel-loader/lib/index.js??ruleSet[1].rules[0].use[0]!/data00/home/jinzhixin/projects/rspack-bench/results/noop-loader-2026-09-11T04-04-10-528Z-15/fixture/module-07782.js',
+     moduleName: './module-07782.js'
+   },
+   {
+     code: 'ModuleBuildError',
+     message: '  × Module build failed (from ../../../node_modules/.pnpm/babel-loader@10.1.1_@babel+core@7.29.7_@rspack+core@..+.codex+worktrees+a77f+rspack+packages+rspack/node_modules/babel-loader/lib/index.js):\n' +
+       '  ╰─▶   × Error: The original reference that WeakReference<rspack_binding_api::compilation::JsCompilation> is pointing to is dropped\n' +
+       '        │     at file:///data00/home/jinzhixin/.codex/worktrees/a77f/rspack/packages/rspack/dist/worker.js:3902:69\n' +
+       '        │     at runWorkerLoop (file:///data00/home/jinzhixin/.codex/worktrees/a77f/rspack/packages/rspack/dist/worker.js:3906:18)\n' +
+       '      \n',
+     moduleIdentifier: '/data00/home/jinzhixin/projects/rspack-bench/node_modules/.pnpm/babel-loader@10.1.1_@babel+core@7.29.7_@rspack+core@..+.codex+worktrees+a77f+rspack+packages+rspack/node_modules/babel-loader/lib/index.js??ruleSet[1].rules[0].use[0]!/data00/home/jinzhixin/projects/rspack-bench/results/noop-loader-2026-09-11T04-04-10-528Z-15/fixture/module-07796.js',
+     moduleName: './module-07796.js'
+   },
+   {
+     code: 'ModuleBuildError',
+     message: '  × Module build failed (from ../../../node_modules/.pnpm/babel-loader@10.1.1_@babel+core@7.29.7_@rspack+core@..+.codex+worktrees+a77f+rspack+packages+rspack/node_modules/babel-loader/lib/index.js):\n' +
+       '  ╰─▶   × Error: The original reference that WeakReference<rspack_binding_api::compilation::JsCompilation> is pointing to is dropped\n' +
+       '        │     at file:///data00/home/jinzhixin/.codex/worktrees/a77f/rspack/packages/rspack/dist/worker.js:3902:69\n' +
+       '        │     at runWorkerLoop (file:///data00/home/jinzhixin/.codex/worktrees/a77f/rspack/packages/rspack/dist/worker.js:3906:18)\n' +
+       '      \n',
+     moduleIdentifier: '/data00/home/jinzhixin/projects/rspack-bench/node_modules/.pnpm/babel-loader@10.1.1_@babel+core@7.29.7_@rspack+core@..+.codex+worktrees+a77f+rspack+packages+rspack/node_modules/babel-loader/lib/index.js??ruleSet[1].rules[0].use[0]!/data00/home/jinzhixin/projects/rspack-bench/results/noop-loader-2026-09-11T04-04-10-528Z-15/fixture/module-07811.js',
+     moduleName: './module-07811.js'
+   },
+   {
+     code: 'ModuleBuildError',
+     message: '  × Module build failed (from ../../../node_modules/.pnpm/babel-loader@10.1.1_@babel+core@7.29.7_@rspack+core@..+.codex+worktrees+a77f+rspack+packages+rspack/node_modules/babel-loader/lib/index.js):\n' +
+       '  ╰─▶   × Error: The original reference that WeakReference<rspack_binding_api::compilation::JsCompilation> is pointing to is dropped\n' +
+       '        │     at file:///data00/home/jinzhixin/.codex/worktrees/a77f/rspack/packages/rspack/dist/worker.js:3902:69\n' +
+       '        │     at runWorkerLoop (file:///data00/home/jinzhixin/.codex/worktrees/a77f/rspack/packages/rspack/dist/worker.js:3906:18)\n' +
+       '      \n',
+     moduleIdentifier: '/data00/home/jinzhixin/projects/rspack-bench/node_modules/.pnpm/babel-loader@10.1.1_@babel+core@7.29.7_@rspack+core@..+.codex+worktrees+a77f+rspack+packages+rspack/node_modules/babel-loader/lib/index.js??ruleSet[1].rules[0].use[0]!/data00/home/jinzhixin/projects/rspack-bench/results/noop-loader-2026-09-11T04-04-10-528Z-15/fixture/module-07854.js',
+     moduleName: './module-07854.js'
+   },
+   {
+     code: 'ModuleBuildError',
+     message: '  × Module build failed (from ../../../node_modules/.pnpm/babel-loader@10.1.1_@babel+core@7.29.7_@rspack+core@..+.codex+worktrees+a77f+rspack+packages+rspack/node_modules/babel-loader/lib/index.js):\n' +
+       '  ╰─▶   × Error: The original reference that WeakReference<rspack_binding_api::compilation::JsCompilation> is pointing to is dropped\n' +
+       '        │     at file:///data00/home/jinzhixin/.codex/worktrees/a77f/rspack/packages/rspack/dist/worker.js:3902:69\n' +
+       '        │     at runWorkerLoop (file:///data00/home/jinzhixin/.codex/worktrees/a77f/rspack/packages/rspack/dist/worker.js:3906:18)\n' +
+       '      \n',
+     moduleIdentifier: '/data00/home/jinzhixin/projects/rspack-bench/node_modules/.pnpm/babel-loader@10.1.1_@babel+core@7.29.7_@rspack+core@..+.codex+worktrees+a77f+rspack+packages+rspack/node_modules/babel-loader/lib/index.js??ruleSet[1].rules[0].use[0]!/data00/home/jinzhixin/projects/rspack-bench/results/noop-loader-2026-09-11T04-04-10-528Z-15/fixture/module-07861.js',
+     moduleName: './module-07861.js'
+   },
+   {
+     code: 'ModuleBuildError',
+     message: '  × Module build failed (from ../../../node_modules/.pnpm/babel-loader@10.1.1_@babel+core@7.29.7_@rspack+core@..+.codex+worktrees+a77f+rspack+packages+rspack/node_modules/babel-loader/lib/index.js):\n' +
+       '  ╰─▶   × Error: The original reference that WeakReference<rspack_binding_api::compilation::JsCompilation> is pointing to is dropped\n' +
+       '        │     at file:///data00/home/jinzhixin/.codex/worktrees/a77f/rspack/packages/rspack/dist/worker.js:3902:69\n' +
+       '        │     at runWorkerLoop (file:///data00/home/jinzhixin/.codex/worktrees/a77f/rspack/packages/rspack/dist/worker.js:3906:18)\n' +
+       '      \n',
+     moduleIdentifier: '/data00/home/jinzhixin/projects/rspack-bench/node_modules/.pnpm/babel-loader@10.1.1_@babel+core@7.29.7_@rspack+core@..+.codex+worktrees+a77f+rspack+packages+rspack/node_modules/babel-loader/lib/index.js??ruleSet[1].rules[0].use[0]!/data00/home/jinzhixin/projects/rspack-bench/results/noop-loader-2026-09-11T04-04-10-528Z-15/fixture/module-07885.js',
+     moduleName: './module-07885.js'
+   },
+   {
+     code: 'ModuleBuildError',
+     message: '  × Module build failed (from ../../../node_modules/.pnpm/babel-loader@10.1.1_@babel+core@7.29.7_@rspack+core@..+.codex+worktrees+a77f+rspack+packages+rspack/node_modules/babel-loader/lib/index.js):\n' +
+       '  ╰─▶   × Error: The original reference that WeakReference<rspack_binding_api::compilation::JsCompilation> is pointing to is dropped\n' +
+       '        │     at file:///data00/home/jinzhixin/.codex/worktrees/a77f/rspack/packages/rspack/dist/worker.js:3902:69\n' +
+       '        │     at runWorkerLoop (file:///data00/home/jinzhixin/.codex/worktrees/a77f/rspack/packages/rspack/dist/worker.js:3906:18)\n' +
+       '      \n',
+     moduleIdentifier: '/data00/home/jinzhixin/projects/rspack-bench/node_modules/.pnpm/babel-loader@10.1.1_@babel+core@7.29.7_@rspack+core@..+.codex+worktrees+a77f+rspack+packages+rspack/node_modules/babel-loader/lib/index.js??ruleSet[1].rules[0].use[0]!/data00/home/jinzhixin/projects/rspack-bench/results/noop-loader-2026-09-11T04-04-10-528Z-15/fixture/module-07999.js',
+     moduleName: './module-07999.js'
+   },
+   {
+     code: 'ModuleBuildError',
+     message: '  × Module build failed (from ../../../node_modules/.pnpm/babel-loader@10.1.1_@babel+core@7.29.7_@rspack+core@..+.codex+worktrees+a77f+rspack+packages+rspack/node_modules/babel-loader/lib/index.js):\n' +
+       '  ╰─▶   × Error: The original reference that WeakReference<rspack_binding_api::compilation::JsCompilation> is pointing to is dropped\n' +
+       '        │     at file:///data00/home/jinzhixin/.codex/worktrees/a77f/rspack/packages/rspack/dist/worker.js:3902:69\n' +
+       '        │     at runWorkerLoop (file:///data00/home/jinzhixin/.codex/worktrees/a77f/rspack/packages/rspack/dist/worker.js:3906:18)\n' +
+       '      \n',
+     moduleIdentifier: '/data00/home/jinzhixin/projects/rspack-bench/node_modules/.pnpm/babel-loader@10.1.1_@babel+core@7.29.7_@rspack+core@..+.codex+worktrees+a77f+rspack+packages+rspack/node_modules/babel-loader/lib/index.js??ruleSet[1].rules[0].use[0]!/data00/home/jinzhixin/projects/rspack-bench/results/noop-loader-2026-09-11T04-04-10-528Z-15/fixture/module-08002.js',
+     moduleName: './module-08002.js'
+   },
+   {
+     code: 'ModuleBuildError',
+     message: '  × Module build failed (from ../../../node_modules/.pnpm/babel-loader@10.1.1_@babel+core@7.29.7_@rspack+core@..+.codex+worktrees+a77f+rspack+packages+rspack/node_modules/babel-loader/lib/index.js):\n' +
+       '  ╰─▶   × Error: The original reference that WeakReference<rspack_binding_api::compilation::JsCompilation> is pointing to is dropped\n' +
+       '        │     at file:///data00/home/jinzhixin/.codex/worktrees/a77f/rspack/packages/rspack/dist/worker.js:3902:69\n' +
+       '        │     at runWorkerLoop (file:///data00/home/jinzhixin/.codex/worktrees/a77f/rspack/packages/rspack/dist/worker.js:3906:18)\n' +
+       '      \n',
+     moduleIdentifier: '/data00/home/jinzhixin/projects/rspack-bench/node_modules/.pnpm/babel-loader@10.1.1_@babel+core@7.29.7_@rspack+core@..+.codex+worktrees+a77f+rspack+packages+rspack/node_modules/babel-loader/lib/index.js??ruleSet[1].rules[0].use[0]!/data00/home/jinzhixin/projects/rspack-bench/results/noop-loader-2026-09-11T04-04-10-528Z-15/fixture/module-08009.js',
+     moduleName: './module-08009.js'
+   },
+   {
+     code: 'ModuleBuildError',
+     message: '  × Module build failed (from ../../../node_modules/.pnpm/babel-loader@10.1.1_@babel+core@7.29.7_@rspack+core@..+.codex+worktrees+a77f+rspack+packages+rspack/node_modules/babel-loader/lib/index.js):\n' +
+       '  ╰─▶   × Error: The original reference that WeakReference<rspack_binding_api::compilation::JsCompilation> is pointing to is dropped\n' +
+       '        │     at file:///data00/home/jinzhixin/.codex/worktrees/a77f/rspack/packages/rspack/dist/worker.js:3902:69\n' +
+       '        │     at runWorkerLoop (file:///data00/home/jinzhixin/.codex/worktrees/a77f/rspack/packages/rspack/dist/worker.js:3906:18)\n' +
+       '      \n',
+     moduleIdentifier: '/data00/home/jinzhixin/projects/rspack-bench/node_modules/.pnpm/babel-loader@10.1.1_@babel+core@7.29.7_@rspack+core@..+.codex+worktrees+a77f+rspack+packages+rspack/node_modules/babel-loader/lib/index.js??ruleSet[1].rules[0].use[0]!/data00/home/jinzhixin/projects/rspack-bench/results/noop-loader-2026-09-11T04-04-10-528Z-15/fixture/module-08010.js',
+     moduleName: './module-08010.js'
+   },
+   {
+     code: 'ModuleBuildError',
+     message: '  × Module build failed (from ../../../node_modules/.pnpm/babel-loader@10.1.1_@babel+core@7.29.7_@rspack+core@..+.codex+worktrees+a77f+rspack+packages+rspack/node_modules/babel-loader/lib/index.js):\n' +
+       '  ╰─▶   × Error: The original reference that WeakReference<rspack_binding_api::compilation::JsCompilation> is pointing to is dropped\n' +
+       '        │     at file:///data00/home/jinzhixin/.codex/worktrees/a77f/rspack/packages/rspack/dist/worker.js:3902:69\n' +
+       '        │     at runWorkerLoop (file:///data00/home/jinzhixin/.codex/worktrees/a77f/rspack/packages/rspack/dist/worker.js:3906:18)\n' +
+       '      \n',
+     moduleIdentifier: '/data00/home/jinzhixin/projects/rspack-bench/node_modules/.pnpm/babel-loader@10.1.1_@babel+core@7.29.7_@rspack+core@..+.codex+worktrees+a77f+rspack+packages+rspack/node_modules/babel-loader/lib/index.js??ruleSet[1].rules[0].use[0]!/data00/home/jinzhixin/projects/rspack-bench/results/noop-loader-2026-09-11T04-04-10-528Z-15/fixture/module-08024.js',
+     moduleName: './module-08024.js'
+   },
+   {
+     code: 'ModuleBuildError',
+     message: '  × Module build failed (from ../../../node_modules/.pnpm/babel-loader@10.1.1_@babel+core@7.29.7_@rspack+core@..+.codex+worktrees+a77f+rspack+packages+rspack/node_modules/babel-loader/lib/index.js):\n' +
+       '  ╰─▶   × Error: The original reference that WeakReference<rspack_binding_api::compilation::JsCompilation> is pointing to is dropped\n' +
+       '        │     at file:///data00/home/jinzhixin/.codex/worktrees/a77f/rspack/packages/rspack/dist/worker.js:3902:69\n' +
+       '        │     at runWorkerLoop (file:///data00/home/jinzhixin/.codex/worktrees/a77f/rspack/packages/rspack/dist/worker.js:3906:18)\n' +
+       '      \n',
+     moduleIdentifier: '/data00/home/jinzhixin/projects/rspack-bench/node_modules/.pnpm/babel-loader@10.1.1_@babel+core@7.29.7_@rspack+core@..+.codex+worktrees+a77f+rspack+packages+rspack/node_modules/babel-loader/lib/index.js??ruleSet[1].rules[0].use[0]!/data00/home/jinzhixin/projects/rspack-bench/results/noop-loader-2026-09-11T04-04-10-528Z-15/fixture/module-08026.js',
+     moduleName: './module-08026.js'
+   },
+   {
+     code: 'ModuleBuildError',
+     message: '  × Module build failed (from ../../../node_modules/.pnpm/babel-loader@10.1.1_@babel+core@7.29.7_@rspack+core@..+.codex+worktrees+a77f+rspack+packages+rspack/node_modules/babel-loader/lib/index.js):\n' +
+       '  ╰─▶   × Error: The original reference that WeakReference<rspack_binding_api::compilation::JsCompilation> is pointing to is dropped\n' +
+       '        │     at file:///data00/home/jinzhixin/.codex/worktrees/a77f/rspack/packages/rspack/dist/worker.js:3902:69\n' +
+       '        │     at runWorkerLoop (file:///data00/home/jinzhixin/.codex/worktrees/a77f/rspack/packages/rspack/dist/worker.js:3906:18)\n' +
+       '      \n',
+     moduleIdentifier: '/data00/home/jinzhixin/projects/rspack-bench/node_modules/.pnpm/babel-loader@10.1.1_@babel+core@7.29.7_@rspack+core@..+.codex+worktrees+a77f+rspack+packages+rspack/node_modules/babel-loader/lib/index.js??ruleSet[1].rules[0].use[0]!/data00/home/jinzhixin/projects/rspack-bench/results/noop-loader-2026-09-11T04-04-10-528Z-15/fixture/module-08057.js',
+     moduleName: './module-08057.js'
+   },
+   {
+     code: 'ModuleBuildError',
+     message: '  × Module build failed (from ../../../node_modules/.pnpm/babel-loader@10.1.1_@babel+core@7.29.7_@rspack+core@..+.codex+worktrees+a77f+rspack+packages+rspack/node_modules/babel-loader/lib/index.js):\n' +
+       '  ╰─▶   × Error: The original reference that WeakReference<rspack_binding_api::compilation::JsCompilation> is pointing to is dropped\n' +
+       '        │     at file:///data00/home/jinzhixin/.codex/worktrees/a77f/rspack/packages/rspack/dist/worker.js:3902:69\n' +
+       '        │     at runWorkerLoop (file:///data00/home/jinzhixin/.codex/worktrees/a77f/rspack/packages/rspack/dist/worker.js:3906:18)\n' +
+       '      \n',
+     moduleIdentifier: '/data00/home/jinzhixin/projects/rspack-bench/node_modules/.pnpm/babel-loader@10.1.1_@babel+core@7.29.7_@rspack+core@..+.codex+worktrees+a77f+rspack+packages+rspack/node_modules/babel-loader/lib/index.js??ruleSet[1].rules[0].use[0]!/data00/home/jinzhixin/projects/rspack-bench/results/noop-loader-2026-09-11T04-04-10-528Z-15/fixture/module-08069.js',
+     moduleName: './module-08069.js'
+   },
+   {
+     code: 'ModuleBuildError',
+     message: '  × Module build failed (from ../../../node_modules/.pnpm/babel-loader@10.1.1_@babel+core@7.29.7_@rspack+core@..+.codex+worktrees+a77f+rspack+packages+rspack/node_modules/babel-loader/lib/index.js):\n' +
+       '  ╰─▶   × Error: The original reference that WeakReference<rspack_binding_api::compilation::JsCompilation> is pointing to is dropped\n' +
+       '        │     at file:///data00/home/jinzhixin/.codex/worktrees/a77f/rspack/packages/rspack/dist/worker.js:3902:69\n' +
+       '        │     at runWorkerLoop (file:///data00/home/jinzhixin/.codex/worktrees/a77f/rspack/packages/rspack/dist/worker.js:3906:18)\n' +
+       '      \n',
+     moduleIdentifier: '/data00/home/jinzhixin/projects/rspack-bench/node_modules/.pnpm/babel-loader@10.1.1_@babel+core@7.29.7_@rspack+core@..+.codex+worktrees+a77f+rspack+packages+rspack/node_modules/babel-loader/lib/index.js??ruleSet[1].rules[0].use[0]!/data00/home/jinzhixin/projects/rspack-bench/results/noop-loader-2026-09-11T04-04-10-528Z-15/fixture/module-08093.js',
+     moduleName: './module-08093.js'
+   },
+   {
+     code: 'ModuleBuildError',
+     message: '  × Module build failed (from ../../../node_modules/.pnpm/babel-loader@10.1.1_@babel+core@7.29.7_@rspack+core@..+.codex+worktrees+a77f+rspack+packages+rspack/node_modules/babel-loader/lib/index.js):\n' +
+       '  ╰─▶   × Error: The original reference that WeakReference<rspack_binding_api::compilation::JsCompilation> is pointing to is dropped\n' +
+       '        │     at file:///data00/home/jinzhixin/.codex/worktrees/a77f/rspack/packages/rspack/dist/worker.js:3902:69\n' +
+       '        │     at runWorkerLoop (file:///data00/home/jinzhixin/.codex/worktrees/a77f/rspack/packages/rspack/dist/worker.js:3906:18)\n' +
+       '      \n',
+     moduleIdentifier: '/data00/home/jinzhixin/projects/rspack-bench/node_modules/.pnpm/babel-loader@10.1.1_@babel+core@7.29.7_@rspack+core@..+.codex+worktrees+a77f+rspack+packages+rspack/node_modules/babel-loader/lib/index.js??ruleSet[1].rules[0].use[0]!/data00/home/jinzhixin/projects/rspack-bench/results/noop-loader-2026-09-11T04-04-10-528Z-15/fixture/module-08095.js',
+     moduleName: './module-08095.js'
+   },
+   {
+     code: 'ModuleBuildError',
+     message: '  × Module build failed (from ../../../node_modules/.pnpm/babel-loader@10.1.1_@babel+core@7.29.7_@rspack+core@..+.codex+worktrees+a77f+rspack+packages+rspack/node_modules/babel-loader/lib/index.js):\n' +
+       '  ╰─▶   × Error: The original reference that WeakReference<rspack_binding_api::compilation::JsCompilation> is pointing to is dropped\n' +
+       '        │     at file:///data00/home/jinzhixin/.codex/worktrees/a77f/rspack/packages/rspack/dist/worker.js:3902:69\n' +
+       '        │     at runWorkerLoop (file:///data00/home/jinzhixin/.codex/worktrees/a77f/rspack/packages/rspack/dist/worker.js:3906:18)\n' +
+       '      \n',
+     moduleIdentifier: '/data00/home/jinzhixin/projects/rspack-bench/node_modules/.pnpm/babel-loader@10.1.1_@babel+core@7.29.7_@rspack+core@..+.codex+worktrees+a77f+rspack+packages+rspack/node_modules/babel-loader/lib/index.js??ruleSet[1].rules[0].use[0]!/data00/home/jinzhixin/projects/rspack-bench/results/noop-loader-2026-09-11T04-04-10-528Z-15/fixture/module-08103.js',
+     moduleName: './module-08103.js'
+   },
+   {
+     code: 'ModuleBuildError',
+     message: '  × Module build failed (from ../../../node_modules/.pnpm/babel-loader@10.1.1_@babel+core@7.29.7_@rspack+core@..+.codex+worktrees+a77f+rspack+packages+rspack/node_modules/babel-loader/lib/index.js):\n' +
+       '  ╰─▶   × Error: The original reference that WeakReference<rspack_binding_api::compilation::JsCompilation> is pointing to is dropped\n' +
+       '        │     at file:///data00/home/jinzhixin/.codex/worktrees/a77f/rspack/packages/rspack/dist/worker.js:3902:69\n' +
+       '        │     at runWorkerLoop (file:///data00/home/jinzhixin/.codex/worktrees/a77f/rspack/packages/rspack/dist/worker.js:3906:18)\n' +
+       '      \n',
+     moduleIdentifier: '/data00/home/jinzhixin/projects/rspack-bench/node_modules/.pnpm/babel-loader@10.1.1_@babel+core@7.29.7_@rspack+core@..+.codex+worktrees+a77f+rspack+packages+rspack/node_modules/babel-loader/lib/index.js??ruleSet[1].rules[0].use[0]!/data00/home/jinzhixin/projects/rspack-bench/results/noop-loader-2026-09-11T04-04-10-528Z-15/fixture/module-08128.js',
+     moduleName: './module-08128.js'
+   },
+   {
+     code: 'ModuleBuildError',
+     message: '  × Module build failed (from ../../../node_modules/.pnpm/babel-loader@10.1.1_@babel+core@7.29.7_@rspack+core@..+.codex+worktrees+a77f+rspack+packages+rspack/node_modules/babel-loader/lib/index.js):\n' +
+       '  ╰─▶   × Error: The original reference that WeakReference<rspack_binding_api::compilation::JsCompilation> is pointing to is dropped\n' +
+       '        │     at file:///data00/home/jinzhixin/.codex/worktrees/a77f/rspack/packages/rspack/dist/worker.js:3902:69\n' +
+       '        │     at runWorkerLoop (file:///data00/home/jinzhixin/.codex/worktrees/a77f/rspack/packages/rspack/dist/worker.js:3906:18)\n' +
+       '      \n',
+     moduleIdentifier: '/data00/home/jinzhixin/projects/rspack-bench/node_modules/.pnpm/babel-loader@10.1.1_@babel+core@7.29.7_@rspack+core@..+.codex+worktrees+a77f+rspack+packages+rspack/node_modules/babel-loader/lib/index.js??ruleSet[1].rules[0].use[0]!/data00/home/jinzhixin/projects/rspack-bench/results/noop-loader-2026-09-11T04-04-10-528Z-15/fixture/module-08184.js',
+     moduleName: './module-08184.js'
+   },
+   {
+     code: 'ModuleBuildError',
+     message: '  × Module build failed (from ../../../node_modules/.pnpm/babel-loader@10.1.1_@babel+core@7.29.7_@rspack+core@..+.codex+worktrees+a77f+rspack+packages+rspack/node_modules/babel-loader/lib/index.js):\n' +
+       '  ╰─▶   × Error: The original reference that WeakReference<rspack_binding_api::compilation::JsCompilation> is pointing to is dropped\n' +
+       '        │     at file:///data00/home/jinzhixin/.codex/worktrees/a77f/rspack/packages/rspack/dist/worker.js:3902:69\n' +
+       '        │     at runWorkerLoop (file:///data00/home/jinzhixin/.codex/worktrees/a77f/rspack/packages/rspack/dist/worker.js:3906:18)\n' +
+       '      \n',
+     moduleIdentifier: '/data00/home/jinzhixin/projects/rspack-bench/node_modules/.pnpm/babel-loader@10.1.1_@babel+core@7.29.7_@rspack+core@..+.codex+worktrees+a77f+rspack+packages+rspack/node_modules/babel-loader/lib/index.js??ruleSet[1].rules[0].use[0]!/data00/home/jinzhixin/projects/rspack-bench/results/noop-loader-2026-09-11T04-04-10-528Z-15/fixture/module-08205.js',
+     moduleName: './module-08205.js'
+   },
+   {
+     code: 'ModuleBuildError',
+     message: '  × Module build failed (from ../../../node_modules/.pnpm/babel-loader@10.1.1_@babel+core@7.29.7_@rspack+core@..+.codex+worktrees+a77f+rspack+packages+rspack/node_modules/babel-loader/lib/index.js):\n' +
+       '  ╰─▶   × Error: The original reference that WeakReference<rspack_binding_api::compilation::JsCompilation> is pointing to is dropped\n' +
+       '        │     at file:///data00/home/jinzhixin/.codex/worktrees/a77f/rspack/packages/rspack/dist/worker.js:3902:69\n' +
+       '        │     at runWorkerLoop (file:///data00/home/jinzhixin/.codex/worktrees/a77f/rspack/packages/rspack/dist/worker.js:3906:18)\n' +
+       '      \n',
+     moduleIdentifier: '/data00/home/jinzhixin/projects/rspack-bench/node_modules/.pnpm/babel-loader@10.1.1_@babel+core@7.29.7_@rspack+core@..+.codex+worktrees+a77f+rspack+packages+rspack/node_modules/babel-loader/lib/index.js??ruleSet[1].rules[0].use[0]!/data00/home/jinzhixin/projects/rspack-bench/results/noop-loader-2026-09-11T04-04-10-528Z-15/fixture/module-08223.js',
+     moduleName: './module-08223.js'
+   },
+   {
+     code: 'ModuleBuildError',
+     message: '  × Module build failed (from ../../../node_modules/.pnpm/babel-loader@10.1.1_@babel+core@7.29.7_@rspack+core@..+.codex+worktrees+a77f+rspack+packages+rspack/node_modules/babel-loader/lib/index.js):\n' +
+       '  ╰─▶   × Error: The original reference that WeakReference<rspack_binding_api::compilation::JsCompilation> is pointing to is dropped\n' +
+       '        │     at file:///data00/home/jinzhixin/.codex/worktrees/a77f/rspack/packages/rspack/dist/worker.js:3902:69\n' +
+       '        │     at runWorkerLoop (file:///data00/home/jinzhixin/.codex/worktrees/a77f/rspack/packages/rspack/dist/worker.js:3906:18)\n' +
+       '      \n',
+     moduleIdentifier: '/data00/home/jinzhixin/projects/rspack-bench/node_modules/.pnpm/babel-loader@10.1.1_@babel+core@7.29.7_@rspack+core@..+.codex+worktrees+a77f+rspack+packages+rspack/node_modules/babel-loader/lib/index.js??ruleSet[1].rules[0].use[0]!/data00/home/jinzhixin/projects/rspack-bench/results/noop-loader-2026-09-11T04-04-10-528Z-15/fixture/module-08242.js',
+     moduleName: './module-08242.js'
+   },
+   {
+     code: 'ModuleBuildError',
+     message: '  × Module build failed (from ../../../node_modules/.pnpm/babel-loader@10.1.1_@babel+core@7.29.7_@rspack+core@..+.codex+worktrees+a77f+rspack+packages+rspack/node_modules/babel-loader/lib/index.js):\n' +
+       '  ╰─▶   × Error: The original reference that WeakReference<rspack_binding_api::compilation::JsCompilation> is pointing to is dropped\n' +
+       '        │     at file:///data00/home/jinzhixin/.codex/worktrees/a77f/rspack/packages/rspack/dist/worker.js:3902:69\n' +
+       '        │     at runWorkerLoop (file:///data00/home/jinzhixin/.codex/worktrees/a77f/rspack/packages/rspack/dist/worker.js:3906:18)\n' +
+       '      \n',
+     moduleIdentifier: '/data00/home/jinzhixin/projects/rspack-bench/node_modules/.pnpm/babel-loader@10.1.1_@babel+core@7.29.7_@rspack+core@..+.codex+worktrees+a77f+rspack+packages+rspack/node_modules/babel-loader/lib/index.js??ruleSet[1].rules[0].use[0]!/data00/home/jinzhixin/projects/rspack-bench/results/noop-loader-2026-09-11T04-04-10-528Z-15/fixture/module-08250.js',
+     moduleName: './module-08250.js'
+   },
+   {
+     code: 'ModuleBuildError',
+     message: '  × Module build failed (from ../../../node_modules/.pnpm/babel-loader@10.1.1_@babel+core@7.29.7_@rspack+core@..+.codex+worktrees+a77f+rspack+packages+rspack/node_modules/babel-loader/lib/index.js):\n' +
+       '  ╰─▶   × Error: The original reference that WeakReference<rspack_binding_api::compilation::JsCompilation> is pointing to is dropped\n' +
+       '        │     at file:///data00/home/jinzhixin/.codex/worktrees/a77f/rspack/packages/rspack/dist/worker.js:3902:69\n' +
+       '        │     at runWorkerLoop (file:///data00/home/jinzhixin/.codex/worktrees/a77f/rspack/packages/rspack/dist/worker.js:3906:18)\n' +
+       '      \n',
+     moduleIdentifier: '/data00/home/jinzhixin/projects/rspack-bench/node_modules/.pnpm/babel-loader@10.1.1_@babel+core@7.29.7_@rspack+core@..+.codex+worktrees+a77f+rspack+packages+rspack/node_modules/babel-loader/lib/index.js??ruleSet[1].rules[0].use[0]!/data00/home/jinzhixin/projects/rspack-bench/results/noop-loader-2026-09-11T04-04-10-528Z-15/fixture/module-08329.js',
+     moduleName: './module-08329.js'
+   },
+   {
+     code: 'ModuleBuildError',
+     message: '  × Module build failed (from ../../../node_modules/.pnpm/babel-loader@10.1.1_@babel+core@7.29.7_@rspack+core@..+.codex+worktrees+a77f+rspack+packages+rspack/node_modules/babel-loader/lib/index.js):\n' +
+       '  ╰─▶   × Error: The original reference that WeakReference<rspack_binding_api::compilation::JsCompilation> is pointing to is dropped\n' +
+       '        │     at file:///data00/home/jinzhixin/.codex/worktrees/a77f/rspack/packages/rspack/dist/worker.js:3902:69\n' +
+       '        │     at runWorkerLoop (file:///data00/home/jinzhixin/.codex/worktrees/a77f/rspack/packages/rspack/dist/worker.js:3906:18)\n' +
+       '      \n',
+     moduleIdentifier: '/data00/home/jinzhixin/projects/rspack-bench/node_modules/.pnpm/babel-loader@10.1.1_@babel+core@7.29.7_@rspack+core@..+.codex+worktrees+a77f+rspack+packages+rspack/node_modules/babel-loader/lib/index.js??ruleSet[1].rules[0].use[0]!/data00/home/jinzhixin/projects/rspack-bench/results/noop-loader-2026-09-11T04-04-10-528Z-15/fixture/module-08341.js',
+     moduleName: './module-08341.js'
+   },
+   {
+     code: 'ModuleBuildError',
+     message: '  × Module build failed (from ../../../node_modules/.pnpm/babel-loader@10.1.1_@babel+core@7.29.7_@rspack+core@..+.codex+worktrees+a77f+rspack+packages+rspack/node_modules/babel-loader/lib/index.js):\n' +
+       '  ╰─▶   × Error: The original reference that WeakReference<rspack_binding_api::compilation::JsCompilation> is pointing to is dropped\n' +
+       '        │     at file:///data00/home/jinzhixin/.codex/worktrees/a77f/rspack/packages/rspack/dist/worker.js:3902:69\n' +
+       '        │     at runWorkerLoop (file:///data00/home/jinzhixin/.codex/worktrees/a77f/rspack/packages/rspack/dist/worker.js:3906:18)\n' +
+       '      \n',
+     moduleIdentifier: '/data00/home/jinzhixin/projects/rspack-bench/node_modules/.pnpm/babel-loader@10.1.1_@babel+core@7.29.7_@rspack+core@..+.codex+worktrees+a77f+rspack+packages+rspack/node_modules/babel-loader/lib/index.js??ruleSet[1].rules[0].use[0]!/data00/home/jinzhixin/projects/rspack-bench/results/noop-loader-2026-09-11T04-04-10-528Z-15/fixture/module-08353.js',
+     moduleName: './module-08353.js'
+   },
+   {
+     code: 'ModuleBuildError',
+     message: '  × Module build failed (from ../../../node_modules/.pnpm/babel-loader@10.1.1_@babel+core@7.29.7_@rspack+core@..+.codex+worktrees+a77f+rspack+packages+rspack/node_modules/babel-loader/lib/index.js):\n' +
+       '  ╰─▶   × Error: The original reference that WeakReference<rspack_binding_api::compilation::JsCompilation> is pointing to is dropped\n' +
+       '        │     at file:///data00/home/jinzhixin/.codex/worktrees/a77f/rspack/packages/rspack/dist/worker.js:3902:69\n' +
+       '        │     at runWorkerLoop (file:///data00/home/jinzhixin/.codex/worktrees/a77f/rspack/packages/rspack/dist/worker.js:3906:18)\n' +
+       '      \n',
+     moduleIdentifier: '/data00/home/jinzhixin/projects/rspack-bench/node_modules/.pnpm/babel-loader@10.1.1_@babel+core@7.29.7_@rspack+core@..+.codex+worktrees+a77f+rspack+packages+rspack/node_modules/babel-loader/lib/index.js??ruleSet[1].rules[0].use[0]!/data00/home/jinzhixin/projects/rspack-bench/results/noop-loader-2026-09-11T04-04-10-528Z-15/fixture/module-08356.js',
+     moduleName: './module-08356.js'
+   },
+   {
+     code: 'ModuleBuildError',
+     message: '  × Module build failed (from ../../../node_modules/.pnpm/babel-loader@10.1.1_@babel+core@7.29.7_@rspack+core@..+.codex+worktrees+a77f+rspack+packages+rspack/node_modules/babel-loader/lib/index.js):\n' +
+       '  ╰─▶   × Error: The original reference that WeakReference<rspack_binding_api::compilation::JsCompilation> is pointing to is dropped\n' +
+       '        │     at file:///data00/home/jinzhixin/.codex/worktrees/a77f/rspack/packages/rspack/dist/worker.js:3902:69\n' +
+       '        │     at runWorkerLoop (file:///data00/home/jinzhixin/.codex/worktrees/a77f/rspack/packages/rspack/dist/worker.js:3906:18)\n' +
+       '      \n',
+     moduleIdentifier: '/data00/home/jinzhixin/projects/rspack-bench/node_modules/.pnpm/babel-loader@10.1.1_@babel+core@7.29.7_@rspack+core@..+.codex+worktrees+a77f+rspack+packages+rspack/node_modules/babel-loader/lib/index.js??ruleSet[1].rules[0].use[0]!/data00/home/jinzhixin/projects/rspack-bench/results/noop-loader-2026-09-11T04-04-10-528Z-15/fixture/module-08360.js',
+     moduleName: './module-08360.js'
+   },
+   {
+     code: 'ModuleBuildError',
+     message: '  × Module build failed (from ../../../node_modules/.pnpm/babel-loader@10.1.1_@babel+core@7.29.7_@rspack+core@..+.codex+worktrees+a77f+rspack+packages+rspack/node_modules/babel-loader/lib/index.js):\n' +
+       '  ╰─▶   × Error: The original reference that WeakReference<rspack_binding_api::compilation::JsCompilation> is pointing to is dropped\n' +
+       '        │     at file:///data00/home/jinzhixin/.codex/worktrees/a77f/rspack/packages/rspack/dist/worker.js:3902:69\n' +
+       '        │     at runWorkerLoop (file:///data00/home/jinzhixin/.codex/worktrees/a77f/rspack/packages/rspack/dist/worker.js:3906:18)\n' +
+       '      \n',
+     moduleIdentifier: '/data00/home/jinzhixin/projects/rspack-bench/node_modules/.pnpm/babel-loader@10.1.1_@babel+core@7.29.7_@rspack+core@..+.codex+worktrees+a77f+rspack+packages+rspack/node_modules/babel-loader/lib/index.js??ruleSet[1].rules[0].use[0]!/data00/home/jinzhixin/projects/rspack-bench/results/noop-loader-2026-09-11T04-04-10-528Z-15/fixture/module-08392.js',
+     moduleName: './module-08392.js'
+   },
+   {
+     code: 'ModuleBuildError',
+     message: '  × Module build failed (from ../../../node_modules/.pnpm/babel-loader@10.1.1_@babel+core@7.29.7_@rspack+core@..+.codex+worktrees+a77f+rspack+packages+rspack/node_modules/babel-loader/lib/index.js):\n' +
+       '  ╰─▶   × Error: The original reference that WeakReference<rspack_binding_api::compilation::JsCompilation> is pointing to is dropped\n' +
+       '        │     at file:///data00/home/jinzhixin/.codex/worktrees/a77f/rspack/packages/rspack/dist/worker.js:3902:69\n' +
+       '        │     at runWorkerLoop (file:///data00/home/jinzhixin/.codex/worktrees/a77f/rspack/packages/rspack/dist/worker.js:3906:18)\n' +
+       '      \n',
+     moduleIdentifier: '/data00/home/jinzhixin/projects/rspack-bench/node_modules/.pnpm/babel-loader@10.1.1_@babel+core@7.29.7_@rspack+core@..+.codex+worktrees+a77f+rspack+packages+rspack/node_modules/babel-loader/lib/index.js??ruleSet[1].rules[0].use[0]!/data00/home/jinzhixin/projects/rspack-bench/results/noop-loader-2026-09-11T04-04-10-528Z-15/fixture/module-08428.js',
+     moduleName: './module-08428.js'
+   },
+   {
+     code: 'ModuleBuildError',
+     message: '  × Module build failed (from ../../../node_modules/.pnpm/babel-loader@10.1.1_@babel+core@7.29.7_@rspack+core@..+.codex+worktrees+a77f+rspack+packages+rspack/node_modules/babel-loader/lib/index.js):\n' +
+       '  ╰─▶   × Error: The original reference that WeakReference<rspack_binding_api::compilation::JsCompilation> is pointing to is dropped\n' +
+       '        │     at file:///data00/home/jinzhixin/.codex/worktrees/a77f/rspack/packages/rspack/dist/worker.js:3902:69\n' +
+       '        │     at runWorkerLoop (file:///data00/home/jinzhixin/.codex/worktrees/a77f/rspack/packages/rspack/dist/worker.js:3906:18)\n' +
+       '      \n',
+     moduleIdentifier: '/data00/home/jinzhixin/projects/rspack-bench/node_modules/.pnpm/babel-loader@10.1.1_@babel+core@7.29.7_@rspack+core@..+.codex+worktrees+a77f+rspack+packages+rspack/node_modules/babel-loader/lib/index.js??ruleSet[1].rules[0].use[0]!/data00/home/jinzhixin/projects/rspack-bench/results/noop-loader-2026-09-11T04-04-10-528Z-15/fixture/module-08435.js',
+     moduleName: './module-08435.js'
+   },
+   {
+     code: 'ModuleBuildError',
+     message: '  × Module build failed (from ../../../node_modules/.pnpm/babel-loader@10.1.1_@babel+core@7.29.7_@rspack+core@..+.codex+worktrees+a77f+rspack+packages+rspack/node_modules/babel-loader/lib/index.js):\n' +
+       '  ╰─▶   × Error: The original reference that WeakReference<rspack_binding_api::compilation::JsCompilation> is pointing to is dropped\n' +
+       '        │     at file:///data00/home/jinzhixin/.codex/worktrees/a77f/rspack/packages/rspack/dist/worker.js:3902:69\n' +
+       '        │     at runWorkerLoop (file:///data00/home/jinzhixin/.codex/worktrees/a77f/rspack/packages/rspack/dist/worker.js:3906:18)\n' +
+       '      \n',
+     moduleIdentifier: '/data00/home/jinzhixin/projects/rspack-bench/node_modules/.pnpm/babel-loader@10.1.1_@babel+core@7.29.7_@rspack+core@..+.codex+worktrees+a77f+rspack+packages+rspack/node_modules/babel-loader/lib/index.js??ruleSet[1].rules[0].use[0]!/data00/home/jinzhixin/projects/rspack-bench/results/noop-loader-2026-09-11T04-04-10-528Z-15/fixture/module-08941.js',
+     moduleName: './module-08941.js'
+   },
+   {
+     code: 'ModuleBuildError',
+     message: '  × Module build failed (from ../../../node_modules/.pnpm/babel-loader@10.1.1_@babel+core@7.29.7_@rspack+core@..+.codex+worktrees+a77f+rspack+packages+rspack/node_modules/babel-loader/lib/index.js):\n' +
+       '  ╰─▶   × Error: The original reference that WeakReference<rspack_binding_api::compilation::JsCompilation> is pointing to is dropped\n' +
+       '        │     at file:///data00/home/jinzhixin/.codex/worktrees/a77f/rspack/packages/rspack/dist/worker.js:3902:69\n' +
+       '        │     at runWorkerLoop (file:///data00/home/jinzhixin/.codex/worktrees/a77f/rspack/packages/rspack/dist/worker.js:3906:18)\n' +
+       '      \n',
+     moduleIdentifier: '/data00/home/jinzhixin/projects/rspack-bench/node_modules/.pnpm/babel-loader@10.1.1_@babel+core@7.29.7_@rspack+core@..+.codex+worktrees+a77f+rspack+packages+rspack/node_modules/babel-loader/lib/index.js??ruleSet[1].rules[0].use[0]!/data00/home/jinzhixin/projects/rspack-bench/results/noop-loader-2026-09-11T04-04-10-528Z-15/fixture/module-08950.js',
+     moduleName: './module-08950.js'
+   },
+   {
+     code: 'ModuleBuildError',
+     message: '  × Module build failed (from ../../../node_modules/.pnpm/babel-loader@10.1.1_@babel+core@7.29.7_@rspack+core@..+.codex+worktrees+a77f+rspack+packages+rspack/node_modules/babel-loader/lib/index.js):\n' +
+       '  ╰─▶   × Error: The original reference that WeakReference<rspack_binding_api::compilation::JsCompilation> is pointing to is dropped\n' +
+       '        │     at file:///data00/home/jinzhixin/.codex/worktrees/a77f/rspack/packages/rspack/dist/worker.js:3902:69\n' +
+       '        │     at runWorkerLoop (file:///data00/home/jinzhixin/.codex/worktrees/a77f/rspack/packages/rspack/dist/worker.js:3906:18)\n' +
+       '      \n',
+     moduleIdentifier: '/data00/home/jinzhixin/projects/rspack-bench/node_modules/.pnpm/babel-loader@10.1.1_@babel+core@7.29.7_@rspack+core@..+.codex+worktrees+a77f+rspack+packages+rspack/node_modules/babel-loader/lib/index.js??ruleSet[1].rules[0].use[0]!/data00/home/jinzhixin/projects/rspack-bench/results/noop-loader-2026-09-11T04-04-10-528Z-15/fixture/module-09091.js',
+     moduleName: './module-09091.js'
+   },
+   {
+     code: 'ModuleBuildError',
+     message: '  × Module build failed (from ../../../node_modules/.pnpm/babel-loader@10.1.1_@babel+core@7.29.7_@rspack+core@..+.codex+worktrees+a77f+rspack+packages+rspack/node_modules/babel-loader/lib/index.js):\n' +
+       '  ╰─▶   × Error: The original reference that WeakReference<rspack_binding_api::compilation::JsCompilation> is pointing to is dropped\n' +
+       '        │     at file:///data00/home/jinzhixin/.codex/worktrees/a77f/rspack/packages/rspack/dist/worker.js:3902:69\n' +
+       '        │     at runWorkerLoop (file:///data00/home/jinzhixin/.codex/worktrees/a77f/rspack/packages/rspack/dist/worker.js:3906:18)\n' +
+       '      \n',
+     moduleIdentifier: '/data00/home/jinzhixin/projects/rspack-bench/node_modules/.pnpm/babel-loader@10.1.1_@babel+core@7.29.7_@rspack+core@..+.codex+worktrees+a77f+rspack+packages+rspack/node_modules/babel-loader/lib/index.js??ruleSet[1].rules[0].use[0]!/data00/home/jinzhixin/projects/rspack-bench/results/noop-loader-2026-09-11T04-04-10-528Z-15/fixture/module-09109.js',
+     moduleName: './module-09109.js'
+   },
+   {
+     code: 'ModuleBuildError',
+     message: '  × Module build failed (from ../../../node_modules/.pnpm/babel-loader@10.1.1_@babel+core@7.29.7_@rspack+core@..+.codex+worktrees+a77f+rspack+packages+rspack/node_modules/babel-loader/lib/index.js):\n' +
+       '  ╰─▶   × Error: The original reference that WeakReference<rspack_binding_api::compilation::JsCompilation> is pointing to is dropped\n' +
+       '        │     at file:///data00/home/jinzhixin/.codex/worktrees/a77f/rspack/packages/rspack/dist/worker.js:3902:69\n' +
+       '        │     at runWorkerLoop (file:///data00/home/jinzhixin/.codex/worktrees/a77f/rspack/packages/rspack/dist/worker.js:3906:18)\n' +
+       '      \n',
+     moduleIdentifier: '/data00/home/jinzhixin/projects/rspack-bench/node_modules/.pnpm/babel-loader@10.1.1_@babel+core@7.29.7_@rspack+core@..+.codex+worktrees+a77f+rspack+packages+rspack/node_modules/babel-loader/lib/index.js??ruleSet[1].rules[0].use[0]!/data00/home/jinzhixin/projects/rspack-bench/results/noop-loader-2026-09-11T04-04-10-528Z-15/fixture/module-09111.js',
+     moduleName: './module-09111.js'
+   },
+   {
+     code: 'ModuleBuildError',
+     message: '  × Module build failed (from ../../../node_modules/.pnpm/babel-loader@10.1.1_@babel+core@7.29.7_@rspack+core@..+.codex+worktrees+a77f+rspack+packages+rspack/node_modules/babel-loader/lib/index.js):\n' +
+       '  ╰─▶   × Error: The original reference that WeakReference<rspack_binding_api::compilation::JsCompilation> is pointing to is dropped\n' +
+       '        │     at file:///data00/home/jinzhixin/.codex/worktrees/a77f/rspack/packages/rspack/dist/worker.js:3902:69\n' +
+       '        │     at runWorkerLoop (file:///data00/home/jinzhixin/.codex/worktrees/a77f/rspack/packages/rspack/dist/worker.js:3906:18)\n' +
+       '      \n',
+     moduleIdentifier: '/data00/home/jinzhixin/projects/rspack-bench/node_modules/.pnpm/babel-loader@10.1.1_@babel+core@7.29.7_@rspack+core@..+.codex+worktrees+a77f+rspack+packages+rspack/node_modules/babel-loader/lib/index.js??ruleSet[1].rules[0].use[0]!/data00/home/jinzhixin/projects/rspack-bench/results/noop-loader-2026-09-11T04-04-10-528Z-15/fixture/module-09124.js',
+     moduleName: './module-09124.js'
+   },
+   {
+     code: 'ModuleBuildError',
+     message: '  × Module build failed (from ../../../node_modules/.pnpm/babel-loader@10.1.1_@babel+core@7.29.7_@rspack+core@..+.codex+worktrees+a77f+rspack+packages+rspack/node_modules/babel-loader/lib/index.js):\n' +
+       '  ╰─▶   × Error: The original reference that WeakReference<rspack_binding_api::compilation::JsCompilation> is pointing to is dropped\n' +
+       '        │     at file:///data00/home/jinzhixin/.codex/worktrees/a77f/rspack/packages/rspack/dist/worker.js:3902:69\n' +
+       '        │     at runWorkerLoop (file:///data00/home/jinzhixin/.codex/worktrees/a77f/rspack/packages/rspack/dist/worker.js:3906:18)\n' +
+       '      \n',
+     moduleIdentifier: '/data00/home/jinzhixin/projects/rspack-bench/node_modules/.pnpm/babel-loader@10.1.1_@babel+core@7.29.7_@rspack+core@..+.codex+worktrees+a77f+rspack+packages+rspack/node_modules/babel-loader/lib/index.js??ruleSet[1].rules[0].use[0]!/data00/home/jinzhixin/projects/rspack-bench/results/noop-loader-2026-09-11T04-04-10-528Z-15/fixture/module-09183.js',
+     moduleName: './module-09183.js'
+   },
+   {
+     code: 'ModuleBuildError',
+     message: '  × Module build failed (from ../../../node_modules/.pnpm/babel-loader@10.1.1_@babel+core@7.29.7_@rspack+core@..+.codex+worktrees+a77f+rspack+packages+rspack/node_modules/babel-loader/lib/index.js):\n' +
+       '  ╰─▶   × Error: The original reference that WeakReference<rspack_binding_api::compilation::JsCompilation> is pointing to is dropped\n' +
+       '        │     at file:///data00/home/jinzhixin/.codex/worktrees/a77f/rspack/packages/rspack/dist/worker.js:3902:69\n' +
+       '        │     at runWorkerLoop (file:///data00/home/jinzhixin/.codex/worktrees/a77f/rspack/packages/rspack/dist/worker.js:3906:18)\n' +
+       '      \n',
+     moduleIdentifier: '/data00/home/jinzhixin/projects/rspack-bench/node_modules/.pnpm/babel-loader@10.1.1_@babel+core@7.29.7_@rspack+core@..+.codex+worktrees+a77f+rspack+packages+rspack/node_modules/babel-loader/lib/index.js??ruleSet[1].rules[0].use[0]!/data00/home/jinzhixin/projects/rspack-bench/results/noop-loader-2026-09-11T04-04-10-528Z-15/fixture/module-09189.js',
+     moduleName: './module-09189.js'
+   },
+   {
+     code: 'ModuleBuildError',
+     message: '  × Module build failed (from ../../../node_modules/.pnpm/babel-loader@10.1.1_@babel+core@7.29.7_@rspack+core@..+.codex+worktrees+a77f+rspack+packages+rspack/node_modules/babel-loader/lib/index.js):\n' +
+       '  ╰─▶   × Error: The original reference that WeakReference<rspack_binding_api::compilation::JsCompilation> is pointing to is dropped\n' +
+       '        │     at file:///data00/home/jinzhixin/.codex/worktrees/a77f/rspack/packages/rspack/dist/worker.js:3902:69\n' +
+       '        │     at runWorkerLoop (file:///data00/home/jinzhixin/.codex/worktrees/a77f/rspack/packages/rspack/dist/worker.js:3906:18)\n' +
+       '      \n',
+     moduleIdentifier: '/data00/home/jinzhixin/projects/rspack-bench/node_modules/.pnpm/babel-loader@10.1.1_@babel+core@7.29.7_@rspack+core@..+.codex+worktrees+a77f+rspack+packages+rspack/node_modules/babel-loader/lib/index.js??ruleSet[1].rules[0].use[0]!/data00/home/jinzhixin/projects/rspack-bench/results/noop-loader-2026-09-11T04-04-10-528Z-15/fixture/module-09203.js',
+     moduleName: './module-09203.js'
+   },
+   {
+     code: 'ModuleBuildError',
+     message: '  × Module build failed (from ../../../node_modules/.pnpm/babel-loader@10.1.1_@babel+core@7.29.7_@rspack+core@..+.codex+worktrees+a77f+rspack+packages+rspack/node_modules/babel-loader/lib/index.js):\n' +
+       '  ╰─▶   × Error: The original reference that WeakReference<rspack_binding_api::compilation::JsCompilation> is pointing to is dropped\n' +
+       '        │     at file:///data00/home/jinzhixin/.codex/worktrees/a77f/rspack/packages/rspack/dist/worker.js:3902:69\n' +
+       '        │     at runWorkerLoop (file:///data00/home/jinzhixin/.codex/worktrees/a77f/rspack/packages/rspack/dist/worker.js:3906:18)\n' +
+       '      \n',
+     moduleIdentifier: '/data00/home/jinzhixin/projects/rspack-bench/node_modules/.pnpm/babel-loader@10.1.1_@babel+core@7.29.7_@rspack+core@..+.codex+worktrees+a77f+rspack+packages+rspack/node_modules/babel-loader/lib/index.js??ruleSet[1].rules[0].use[0]!/data00/home/jinzhixin/projects/rspack-bench/results/noop-loader-2026-09-11T04-04-10-528Z-15/fixture/module-09237.js',
+     moduleName: './module-09237.js'
+   },
+   {
+     code: 'ModuleBuildError',
+     message: '  × Module build failed (from ../../../node_modules/.pnpm/babel-loader@10.1.1_@babel+core@7.29.7_@rspack+core@..+.codex+worktrees+a77f+rspack+packages+rspack/node_modules/babel-loader/lib/index.js):\n' +
+       '  ╰─▶   × Error: The original reference that WeakReference<rspack_binding_api::compilation::JsCompilation> is pointing to is dropped\n' +
+       '        │     at file:///data00/home/jinzhixin/.codex/worktrees/a77f/rspack/packages/rspack/dist/worker.js:3902:69\n' +
+       '        │     at runWorkerLoop (file:///data00/home/jinzhixin/.codex/worktrees/a77f/rspack/packages/rspack/dist/worker.js:3906:18)\n' +
+       '      \n',
+     moduleIdentifier: '/data00/home/jinzhixin/projects/rspack-bench/node_modules/.pnpm/babel-loader@10.1.1_@babel+core@7.29.7_@rspack+core@..+.codex+worktrees+a77f+rspack+packages+rspack/node_modules/babel-loader/lib/index.js??ruleSet[1].rules[0].use[0]!/data00/home/jinzhixin/projects/rspack-bench/results/noop-loader-2026-09-11T04-04-10-528Z-15/fixture/module-09247.js',
+     moduleName: './module-09247.js'
+   },
+   {
+     code: 'ModuleBuildError',
+     message: '  × Module build failed (from ../../../node_modules/.pnpm/babel-loader@10.1.1_@babel+core@7.29.7_@rspack+core@..+.codex+worktrees+a77f+rspack+packages+rspack/node_modules/babel-loader/lib/index.js):\n' +
+       '  ╰─▶   × Error: The original reference that WeakReference<rspack_binding_api::compilation::JsCompilation> is pointing to is dropped\n' +
+       '        │     at file:///data00/home/jinzhixin/.codex/worktrees/a77f/rspack/packages/rspack/dist/worker.js:3902:69\n' +
+       '        │     at runWorkerLoop (file:///data00/home/jinzhixin/.codex/worktrees/a77f/rspack/packages/rspack/dist/worker.js:3906:18)\n' +
+       '      \n',
+     moduleIdentifier: '/data00/home/jinzhixin/projects/rspack-bench/node_modules/.pnpm/babel-loader@10.1.1_@babel+core@7.29.7_@rspack+core@..+.codex+worktrees+a77f+rspack+packages+rspack/node_modules/babel-loader/lib/index.js??ruleSet[1].rules[0].use[0]!/data00/home/jinzhixin/projects/rspack-bench/results/noop-loader-2026-09-11T04-04-10-528Z-15/fixture/module-09249.js',
+     moduleName: './module-09249.js'
+   },
+   {
+     code: 'ModuleBuildError',
+     message: '  × Module build failed (from ../../../node_modules/.pnpm/babel-loader@10.1.1_@babel+core@7.29.7_@rspack+core@..+.codex+worktrees+a77f+rspack+packages+rspack/node_modules/babel-loader/lib/index.js):\n' +
+       '  ╰─▶   × Error: The original reference that WeakReference<rspack_binding_api::compilation::JsCompilation> is pointing to is dropped\n' +
+       '        │     at file:///data00/home/jinzhixin/.codex/worktrees/a77f/rspack/packages/rspack/dist/worker.js:3902:69\n' +
+       '        │     at runWorkerLoop (file:///data00/home/jinzhixin/.codex/worktrees/a77f/rspack/packages/rspack/dist/worker.js:3906:18)\n' +
+       '      \n',
+     moduleIdentifier: '/data00/home/jinzhixin/projects/rspack-bench/node_modules/.pnpm/babel-loader@10.1.1_@babel+core@7.29.7_@rspack+core@..+.codex+worktrees+a77f+rspack+packages+rspack/node_modules/babel-loader/lib/index.js??ruleSet[1].rules[0].use[0]!/data00/home/jinzhixin/projects/rspack-bench/results/noop-loader-2026-09-11T04-04-10-528Z-15/fixture/module-09376.js',
+     moduleName: './module-09376.js'
+   },
+   {
+     code: 'ModuleBuildError',
+     message: '  × Module build failed (from ../../../node_modules/.pnpm/babel-loader@10.1.1_@babel+core@7.29.7_@rspack+core@..+.codex+worktrees+a77f+rspack+packages+rspack/node_modules/babel-loader/lib/index.js):\n' +
+       '  ╰─▶   × Error: The original reference that WeakReference<rspack_binding_api::compilation::JsCompilation> is pointing to is dropped\n' +
+       '        │     at file:///data00/home/jinzhixin/.codex/worktrees/a77f/rspack/packages/rspack/dist/worker.js:3902:69\n' +
+       '        │     at runWorkerLoop (file:///data00/home/jinzhixin/.codex/worktrees/a77f/rspack/packages/rspack/dist/worker.js:3906:18)\n' +
+       '      \n',
+     moduleIdentifier: '/data00/home/jinzhixin/projects/rspack-bench/node_modules/.pnpm/babel-loader@10.1.1_@babel+core@7.29.7_@rspack+core@..+.codex+worktrees+a77f+rspack+packages+rspack/node_modules/babel-loader/lib/index.js??ruleSet[1].rules[0].use[0]!/data00/home/jinzhixin/projects/rspack-bench/results/noop-loader-2026-09-11T04-04-10-528Z-15/fixture/module-09379.js',
+     moduleName: './module-09379.js'
+   },
+   {
+     code: 'ModuleBuildError',
+     message: '  × Module build failed (from ../../../node_modules/.pnpm/babel-loader@10.1.1_@babel+core@7.29.7_@rspack+core@..+.codex+worktrees+a77f+rspack+packages+rspack/node_modules/babel-loader/lib/index.js):\n' +
+       '  ╰─▶   × Error: The original reference that WeakReference<rspack_binding_api::compilation::JsCompilation> is pointing to is dropped\n' +
+       '        │     at file:///data00/home/jinzhixin/.codex/worktrees/a77f/rspack/packages/rspack/dist/worker.js:3902:69\n' +
+       '        │     at runWorkerLoop (file:///data00/home/jinzhixin/.codex/worktrees/a77f/rspack/packages/rspack/dist/worker.js:3906:18)\n' +
+       '      \n',
+     moduleIdentifier: '/data00/home/jinzhixin/projects/rspack-bench/node_modules/.pnpm/babel-loader@10.1.1_@babel+core@7.29.7_@rspack+core@..+.codex+worktrees+a77f+rspack+packages+rspack/node_modules/babel-loader/lib/index.js??ruleSet[1].rules[0].use[0]!/data00/home/jinzhixin/projects/rspack-bench/results/noop-loader-2026-09-11T04-04-10-528Z-15/fixture/module-09381.js',
+     moduleName: './module-09381.js'
+   },
+   {
+     code: 'ModuleBuildError',
+     message: '  × Module build failed (from ../../../node_modules/.pnpm/babel-loader@10.1.1_@babel+core@7.29.7_@rspack+core@..+.codex+worktrees+a77f+rspack+packages+rspack/node_modules/babel-loader/lib/index.js):\n' +
+       '  ╰─▶   × Error: The original reference that WeakReference<rspack_binding_api::compilation::JsCompilation> is pointing to is dropped\n' +
+       '        │     at file:///data00/home/jinzhixin/.codex/worktrees/a77f/rspack/packages/rspack/dist/worker.js:3902:69\n' +
+       '        │     at runWorkerLoop (file:///data00/home/jinzhixin/.codex/worktrees/a77f/rspack/packages/rspack/dist/worker.js:3906:18)\n' +
+       '      \n',
+     moduleIdentifier: '/data00/home/jinzhixin/projects/rspack-bench/node_modules/.pnpm/babel-loader@10.1.1_@babel+core@7.29.7_@rspack+core@..+.codex+worktrees+a77f+rspack+packages+rspack/node_modules/babel-loader/lib/index.js??ruleSet[1].rules[0].use[0]!/data00/home/jinzhixin/projects/rspack-bench/results/noop-loader-2026-09-11T04-04-10-528Z-15/fixture/module-09382.js',
+     moduleName: './module-09382.js'
+   },
+   {
+     code: 'ModuleBuildError',
+     message: '  × Module build failed (from ../../../node_modules/.pnpm/babel-loader@10.1.1_@babel+core@7.29.7_@rspack+core@..+.codex+worktrees+a77f+rspack+packages+rspack/node_modules/babel-loader/lib/index.js):\n' +
+       '  ╰─▶   × Error: The original reference that WeakReference<rspack_binding_api::compilation::JsCompilation> is pointing to is dropped\n' +
+       '        │     at file:///data00/home/jinzhixin/.codex/worktrees/a77f/rspack/packages/rspack/dist/worker.js:3902:69\n' +
+       '        │     at runWorkerLoop (file:///data00/home/jinzhixin/.codex/worktrees/a77f/rspack/packages/rspack/dist/worker.js:3906:18)\n' +
+       '      \n',
+     moduleIdentifier: '/data00/home/jinzhixin/projects/rspack-bench/node_modules/.pnpm/babel-loader@10.1.1_@babel+core@7.29.7_@rspack+core@..+.codex+worktrees+a77f+rspack+packages+rspack/node_modules/babel-loader/lib/index.js??ruleSet[1].rules[0].use[0]!/data00/home/jinzhixin/projects/rspack-bench/results/noop-loader-2026-09-11T04-04-10-528Z-15/fixture/module-09424.js',
+     moduleName: './module-09424.js'
+   },
+   {
+     code: 'ModuleBuildError',
+     message: '  × Module build failed (from ../../../node_modules/.pnpm/babel-loader@10.1.1_@babel+core@7.29.7_@rspack+core@..+.codex+worktrees+a77f+rspack+packages+rspack/node_modules/babel-loader/lib/index.js):\n' +
+       '  ╰─▶   × Error: The original reference that WeakReference<rspack_binding_api::compilation::JsCompilation> is pointing to is dropped\n' +
+       '        │     at file:///data00/home/jinzhixin/.codex/worktrees/a77f/rspack/packages/rspack/dist/worker.js:3902:69\n' +
+       '        │     at runWorkerLoop (file:///data00/home/jinzhixin/.codex/worktrees/a77f/rspack/packages/rspack/dist/worker.js:3906:18)\n' +
+       '      \n',
+     moduleIdentifier: '/data00/home/jinzhixin/projects/rspack-bench/node_modules/.pnpm/babel-loader@10.1.1_@babel+core@7.29.7_@rspack+core@..+.codex+worktrees+a77f+rspack+packages+rspack/node_modules/babel-loader/lib/index.js??ruleSet[1].rules[0].use[0]!/data00/home/jinzhixin/projects/rspack-bench/results/noop-loader-2026-09-11T04-04-10-528Z-15/fixture/module-09433.js',
+     moduleName: './module-09433.js'
+   },
+   {
+     code: 'ModuleBuildError',
+     message: '  × Module build failed (from ../../../node_modules/.pnpm/babel-loader@10.1.1_@babel+core@7.29.7_@rspack+core@..+.codex+worktrees+a77f+rspack+packages+rspack/node_modules/babel-loader/lib/index.js):\n' +
+       '  ╰─▶   × Error: The original reference that WeakReference<rspack_binding_api::compilation::JsCompilation> is pointing to is dropped\n' +
+       '        │     at file:///data00/home/jinzhixin/.codex/worktrees/a77f/rspack/packages/rspack/dist/worker.js:3902:69\n' +
+       '        │     at runWorkerLoop (file:///data00/home/jinzhixin/.codex/worktrees/a77f/rspack/packages/rspack/dist/worker.js:3906:18)\n' +
+       '      \n',
+     moduleIdentifier: '/data00/home/jinzhixin/projects/rspack-bench/node_modules/.pnpm/babel-loader@10.1.1_@babel+core@7.29.7_@rspack+core@..+.codex+worktrees+a77f+rspack+packages+rspack/node_modules/babel-loader/lib/index.js??ruleSet[1].rules[0].use[0]!/data00/home/jinzhixin/projects/rspack-bench/results/noop-loader-2026-09-11T04-04-10-528Z-15/fixture/module-09479.js',
+     moduleName: './module-09479.js'
+   },
+   {
+     code: 'ModuleBuildError',
+     message: '  × Module build failed (from ../../../node_modules/.pnpm/babel-loader@10.1.1_@babel+core@7.29.7_@rspack+core@..+.codex+worktrees+a77f+rspack+packages+rspack/node_modules/babel-loader/lib/index.js):\n' +
+       '  ╰─▶   × Error: The original reference that WeakReference<rspack_binding_api::compilation::JsCompilation> is pointing to is dropped\n' +
+       '        │     at file:///data00/home/jinzhixin/.codex/worktrees/a77f/rspack/packages/rspack/dist/worker.js:3902:69\n' +
+       '        │     at runWorkerLoop (file:///data00/home/jinzhixin/.codex/worktrees/a77f/rspack/packages/rspack/dist/worker.js:3906:18)\n' +
+       '      \n',
+     moduleIdentifier: '/data00/home/jinzhixin/projects/rspack-bench/node_modules/.pnpm/babel-loader@10.1.1_@babel+core@7.29.7_@rspack+core@..+.codex+worktrees+a77f+rspack+packages+rspack/node_modules/babel-loader/lib/index.js??ruleSet[1].rules[0].use[0]!/data00/home/jinzhixin/projects/rspack-bench/results/noop-loader-2026-09-11T04-04-10-528Z-15/fixture/module-09533.js',
+     moduleName: './module-09533.js'
+   },
+   {
+     code: 'ModuleBuildError',
+     message: '  × Module build failed (from ../../../node_modules/.pnpm/babel-loader@10.1.1_@babel+core@7.29.7_@rspack+core@..+.codex+worktrees+a77f+rspack+packages+rspack/node_modules/babel-loader/lib/index.js):\n' +
+       '  ╰─▶   × Error: The original reference that WeakReference<rspack_binding_api::compilation::JsCompilation> is pointing to is dropped\n' +
+       '        │     at file:///data00/home/jinzhixin/.codex/worktrees/a77f/rspack/packages/rspack/dist/worker.js:3902:69\n' +
+       '        │     at runWorkerLoop (file:///data00/home/jinzhixin/.codex/worktrees/a77f/rspack/packages/rspack/dist/worker.js:3906:18)\n' +
+       '      \n',
+     moduleIdentifier: '/data00/home/jinzhixin/projects/rspack-bench/node_modules/.pnpm/babel-loader@10.1.1_@babel+core@7.29.7_@rspack+core@..+.codex+worktrees+a77f+rspack+packages+rspack/node_modules/babel-loader/lib/index.js??ruleSet[1].rules[0].use[0]!/data00/home/jinzhixin/projects/rspack-bench/results/noop-loader-2026-09-11T04-04-10-528Z-15/fixture/module-09570.js',
+     moduleName: './module-09570.js'
+   },
+   {
+     code: 'ModuleBuildError',
+     message: '  × Module build failed (from ../../../node_modules/.pnpm/babel-loader@10.1.1_@babel+core@7.29.7_@rspack+core@..+.codex+worktrees+a77f+rspack+packages+rspack/node_modules/babel-loader/lib/index.js):\n' +
+       '  ╰─▶   × Error: The original reference that WeakReference<rspack_binding_api::compilation::JsCompilation> is pointing to is dropped\n' +
+       '        │     at file:///data00/home/jinzhixin/.codex/worktrees/a77f/rspack/packages/rspack/dist/worker.js:3902:69\n' +
+       '        │     at runWorkerLoop (file:///data00/home/jinzhixin/.codex/worktrees/a77f/rspack/packages/rspack/dist/worker.js:3906:18)\n' +
+       '      \n',
+     moduleIdentifier: '/data00/home/jinzhixin/projects/rspack-bench/node_modules/.pnpm/babel-loader@10.1.1_@babel+core@7.29.7_@rspack+core@..+.codex+worktrees+a77f+rspack+packages+rspack/node_modules/babel-loader/lib/index.js??ruleSet[1].rules[0].use[0]!/data00/home/jinzhixin/projects/rspack-bench/results/noop-loader-2026-09-11T04-04-10-528Z-15/fixture/module-09573.js',
+     moduleName: './module-09573.js'
+   },
+   {
+     code: 'ModuleBuildError',
+     message: '  × Module build failed (from ../../../node_modules/.pnpm/babel-loader@10.1.1_@babel+core@7.29.7_@rspack+core@..+.codex+worktrees+a77f+rspack+packages+rspack/node_modules/babel-loader/lib/index.js):\n' +
+       '  ╰─▶   × Error: The original reference that WeakReference<rspack_binding_api::compilation::JsCompilation> is pointing to is dropped\n' +
+       '        │     at file:///data00/home/jinzhixin/.codex/worktrees/a77f/rspack/packages/rspack/dist/worker.js:3902:69\n' +
+       '        │     at runWorkerLoop (file:///data00/home/jinzhixin/.codex/worktrees/a77f/rspack/packages/rspack/dist/worker.js:3906:18)\n' +
+       '      \n',
+     moduleIdentifier: '/data00/home/jinzhixin/projects/rspack-bench/node_modules/.pnpm/babel-loader@10.1.1_@babel+core@7.29.7_@rspack+core@..+.codex+worktrees+a77f+rspack+packages+rspack/node_modules/babel-loader/lib/index.js??ruleSet[1].rules[0].use[0]!/data00/home/jinzhixin/projects/rspack-bench/results/noop-loader-2026-09-11T04-04-10-528Z-15/fixture/module-09625.js',
+     moduleName: './module-09625.js'
+   },
+   {
+     code: 'ModuleBuildError',
+     message: '  × Module build failed (from ../../../node_modules/.pnpm/babel-loader@10.1.1_@babel+core@7.29.7_@rspack+core@..+.codex+worktrees+a77f+rspack+packages+rspack/node_modules/babel-loader/lib/index.js):\n' +
+       '  ╰─▶   × Error: The original reference that WeakReference<rspack_binding_api::compilation::JsCompilation> is pointing to is dropped\n' +
+       '        │     at file:///data00/home/jinzhixin/.codex/worktrees/a77f/rspack/packages/rspack/dist/worker.js:3902:69\n' +
+       '        │     at runWorkerLoop (file:///data00/home/jinzhixin/.codex/worktrees/a77f/rspack/packages/rspack/dist/worker.js:3906:18)\n' +
+       '      \n',
+     moduleIdentifier: '/data00/home/jinzhixin/projects/rspack-bench/node_modules/.pnpm/babel-loader@10.1.1_@babel+core@7.29.7_@rspack+core@..+.codex+worktrees+a77f+rspack+packages+rspack/node_modules/babel-loader/lib/index.js??ruleSet[1].rules[0].use[0]!/data00/home/jinzhixin/projects/rspack-bench/results/noop-loader-2026-09-11T04-04-10-528Z-15/fixture/module-09627.js',
+     moduleName: './module-09627.js'
+   },
+   {
+     code: 'ModuleBuildError',
+     message: '  × Module build failed (from ../../../node_modules/.pnpm/babel-loader@10.1.1_@babel+core@7.29.7_@rspack+core@..+.codex+worktrees+a77f+rspack+packages+rspack/node_modules/babel-loader/lib/index.js):\n' +
+       '  ╰─▶   × Error: The original reference that WeakReference<rspack_binding_api::compilation::JsCompilation> is pointing to is dropped\n' +
+       '        │     at file:///data00/home/jinzhixin/.codex/worktrees/a77f/rspack/packages/rspack/dist/worker.js:3902:69\n' +
+       '        │     at runWorkerLoop (file:///data00/home/jinzhixin/.codex/worktrees/a77f/rspack/packages/rspack/dist/worker.js:3906:18)\n' +
+       '      \n',
+     moduleIdentifier: '/data00/home/jinzhixin/projects/rspack-bench/node_modules/.pnpm/babel-loader@10.1.1_@babel+core@7.29.7_@rspack+core@..+.codex+worktrees+a77f+rspack+packages+rspack/node_modules/babel-loader/lib/index.js??ruleSet[1].rules[0].use[0]!/data00/home/jinzhixin/projects/rspack-bench/results/noop-loader-2026-09-11T04-04-10-528Z-15/fixture/module-09635.js',
+     moduleName: './module-09635.js'
+   },
+   {
+     code: 'ModuleBuildError',
+     message: '  × Module build failed (from ../../../node_modules/.pnpm/babel-loader@10.1.1_@babel+core@7.29.7_@rspack+core@..+.codex+worktrees+a77f+rspack+packages+rspack/node_modules/babel-loader/lib/index.js):\n' +
+       '  ╰─▶   × Error: The original reference that WeakReference<rspack_binding_api::compilation::JsCompilation> is pointing to is dropped\n' +
+       '        │     at file:///data00/home/jinzhixin/.codex/worktrees/a77f/rspack/packages/rspack/dist/worker.js:3902:69\n' +
+       '        │     at runWorkerLoop (file:///data00/home/jinzhixin/.codex/worktrees/a77f/rspack/packages/rspack/dist/worker.js:3906:18)\n' +
+       '      \n',
+     moduleIdentifier: '/data00/home/jinzhixin/projects/rspack-bench/node_modules/.pnpm/babel-loader@10.1.1_@babel+core@7.29.7_@rspack+core@..+.codex+worktrees+a77f+rspack+packages+rspack/node_modules/babel-loader/lib/index.js??ruleSet[1].rules[0].use[0]!/data00/home/jinzhixin/projects/rspack-bench/results/noop-loader-2026-09-11T04-04-10-528Z-15/fixture/module-09692.js',
+     moduleName: './module-09692.js'
+   },
+   {
+     code: 'ModuleBuildError',
+     message: '  × Module build failed (from ../../../node_modules/.pnpm/babel-loader@10.1.1_@babel+core@7.29.7_@rspack+core@..+.codex+worktrees+a77f+rspack+packages+rspack/node_modules/babel-loader/lib/index.js):\n' +
+       '  ╰─▶   × Error: The original reference that WeakReference<rspack_binding_api::compilation::JsCompilation> is pointing to is dropped\n' +
+       '        │     at file:///data00/home/jinzhixin/.codex/worktrees/a77f/rspack/packages/rspack/dist/worker.js:3902:69\n' +
+       '        │     at runWorkerLoop (file:///data00/home/jinzhixin/.codex/worktrees/a77f/rspack/packages/rspack/dist/worker.js:3906:18)\n' +
+       '      \n',
+     moduleIdentifier: '/data00/home/jinzhixin/projects/rspack-bench/node_modules/.pnpm/babel-loader@10.1.1_@babel+core@7.29.7_@rspack+core@..+.codex+worktrees+a77f+rspack+packages+rspack/node_modules/babel-loader/lib/index.js??ruleSet[1].rules[0].use[0]!/data00/home/jinzhixin/projects/rspack-bench/results/noop-loader-2026-09-11T04-04-10-528Z-15/fixture/module-09695.js',
+     moduleName: './module-09695.js'
+   },
+   {
+     code: 'ModuleBuildError',
+     message: '  × Module build failed (from ../../../node_modules/.pnpm/babel-loader@10.1.1_@babel+core@7.29.7_@rspack+core@..+.codex+worktrees+a77f+rspack+packages+rspack/node_modules/babel-loader/lib/index.js):\n' +
+       '  ╰─▶   × Error: The original reference that WeakReference<rspack_binding_api::compilation::JsCompilation> is pointing to is dropped\n' +
+       '        │     at file:///data00/home/jinzhixin/.codex/worktrees/a77f/rspack/packages/rspack/dist/worker.js:3902:69\n' +
+       '        │     at runWorkerLoop (file:///data00/home/jinzhixin/.codex/worktrees/a77f/rspack/packages/rspack/dist/worker.js:3906:18)\n' +
+       '      \n',
+     moduleIdentifier: '/data00/home/jinzhixin/projects/rspack-bench/node_modules/.pnpm/babel-loader@10.1.1_@babel+core@7.29.7_@rspack+core@..+.codex+worktrees+a77f+rspack+packages+rspack/node_modules/babel-loader/lib/index.js??ruleSet[1].rules[0].use[0]!/data00/home/jinzhixin/projects/rspack-bench/results/noop-loader-2026-09-11T04-04-10-528Z-15/fixture/module-09699.js',
+     moduleName: './module-09699.js'
+   },
+   {
+     code: 'ModuleBuildError',
+     message: '  × Module build failed (from ../../../node_modules/.pnpm/babel-loader@10.1.1_@babel+core@7.29.7_@rspack+core@..+.codex+worktrees+a77f+rspack+packages+rspack/node_modules/babel-loader/lib/index.js):\n' +
+       '  ╰─▶   × Error: The original reference that WeakReference<rspack_binding_api::compilation::JsCompilation> is pointing to is dropped\n' +
+       '        │     at file:///data00/home/jinzhixin/.codex/worktrees/a77f/rspack/packages/rspack/dist/worker.js:3902:69\n' +
+       '        │     at runWorkerLoop (file:///data00/home/jinzhixin/.codex/worktrees/a77f/rspack/packages/rspack/dist/worker.js:3906:18)\n' +
+       '      \n',
+     moduleIdentifier: '/data00/home/jinzhixin/projects/rspack-bench/node_modules/.pnpm/babel-loader@10.1.1_@babel+core@7.29.7_@rspack+core@..+.codex+worktrees+a77f+rspack+packages+rspack/node_modules/babel-loader/lib/index.js??ruleSet[1].rules[0].use[0]!/data00/home/jinzhixin/projects/rspack-bench/results/noop-loader-2026-09-11T04-04-10-528Z-15/fixture/module-09703.js',
+     moduleName: './module-09703.js'
+   },
+   {
+     code: 'ModuleBuildError',
+     message: '  × Module build failed (from ../../../node_modules/.pnpm/babel-loader@10.1.1_@babel+core@7.29.7_@rspack+core@..+.codex+worktrees+a77f+rspack+packages+rspack/node_modules/babel-loader/lib/index.js):\n' +
+       '  ╰─▶   × Error: The original reference that WeakReference<rspack_binding_api::compilation::JsCompilation> is pointing to is dropped\n' +
+       '        │     at file:///data00/home/jinzhixin/.codex/worktrees/a77f/rspack/packages/rspack/dist/worker.js:3902:69\n' +
+       '        │     at runWorkerLoop (file:///data00/home/jinzhixin/.codex/worktrees/a77f/rspack/packages/rspack/dist/worker.js:3906:18)\n' +
+       '      \n',
+     moduleIdentifier: '/data00/home/jinzhixin/projects/rspack-bench/node_modules/.pnpm/babel-loader@10.1.1_@babel+core@7.29.7_@rspack+core@..+.codex+worktrees+a77f+rspack+packages+rspack/node_modules/babel-loader/lib/index.js??ruleSet[1].rules[0].use[0]!/data00/home/jinzhixin/projects/rspack-bench/results/noop-loader-2026-09-11T04-04-10-528Z-15/fixture/module-09724.js',
+     moduleName: './module-09724.js'
+   },
+   {
+     code: 'ModuleBuildError',
+     message: '  × Module build failed (from ../../../node_modules/.pnpm/babel-loader@10.1.1_@babel+core@7.29.7_@rspack+core@..+.codex+worktrees+a77f+rspack+packages+rspack/node_modules/babel-loader/lib/index.js):\n' +
+       '  ╰─▶   × Error: The original reference that WeakReference<rspack_binding_api::compilation::JsCompilation> is pointing to is dropped\n' +
+       '        │     at file:///data00/home/jinzhixin/.codex/worktrees/a77f/rspack/packages/rspack/dist/worker.js:3902:69\n' +
+       '        │     at runWorkerLoop (file:///data00/home/jinzhixin/.codex/worktrees/a77f/rspack/packages/rspack/dist/worker.js:3906:18)\n' +
+       '      \n',
+     moduleIdentifier: '/data00/home/jinzhixin/projects/rspack-bench/node_modules/.pnpm/babel-loader@10.1.1_@babel+core@7.29.7_@rspack+core@..+.codex+worktrees+a77f+rspack+packages+rspack/node_modules/babel-loader/lib/index.js??ruleSet[1].rules[0].use[0]!/data00/home/jinzhixin/projects/rspack-bench/results/noop-loader-2026-09-11T04-04-10-528Z-15/fixture/module-09890.js',
+     moduleName: './module-09890.js'
+   },
+   {
+     code: 'ModuleBuildError',
+     message: '  × Module build failed (from ../../../node_modules/.pnpm/babel-loader@10.1.1_@babel+core@7.29.7_@rspack+core@..+.codex+worktrees+a77f+rspack+packages+rspack/node_modules/babel-loader/lib/index.js):\n' +
+       '  ╰─▶   × Error: The original reference that WeakReference<rspack_binding_api::compilation::JsCompilation> is pointing to is dropped\n' +
+       '        │     at file:///data00/home/jinzhixin/.codex/worktrees/a77f/rspack/packages/rspack/dist/worker.js:3902:69\n' +
+       '        │     at runWorkerLoop (file:///data00/home/jinzhixin/.codex/worktrees/a77f/rspack/packages/rspack/dist/worker.js:3906:18)\n' +
+       '      \n',
+     moduleIdentifier: '/data00/home/jinzhixin/projects/rspack-bench/node_modules/.pnpm/babel-loader@10.1.1_@babel+core@7.29.7_@rspack+core@..+.codex+worktrees+a77f+rspack+packages+rspack/node_modules/babel-loader/lib/index.js??ruleSet[1].rules[0].use[0]!/data00/home/jinzhixin/projects/rspack-bench/results/noop-loader-2026-09-11T04-04-10-528Z-15/fixture/module-09895.js',
+     moduleName: './module-09895.js'
+   },
+   {
+     code: 'ModuleBuildError',
+     message: '  × Module build failed (from ../../../node_modules/.pnpm/babel-loader@10.1.1_@babel+core@7.29.7_@rspack+core@..+.codex+worktrees+a77f+rspack+packages+rspack/node_modules/babel-loader/lib/index.js):\n' +
+       '  ╰─▶   × Error: The original reference that WeakReference<rspack_binding_api::compilation::JsCompilation> is pointing to is dropped\n' +
+       '        │     at file:///data00/home/jinzhixin/.codex/worktrees/a77f/rspack/packages/rspack/dist/worker.js:3902:69\n' +
+       '        │     at runWorkerLoop (file:///data00/home/jinzhixin/.codex/worktrees/a77f/rspack/packages/rspack/dist/worker.js:3906:18)\n' +
+       '      \n',
+     moduleIdentifier: '/data00/home/jinzhixin/projects/rspack-bench/node_modules/.pnpm/babel-loader@10.1.1_@babel+core@7.29.7_@rspack+core@..+.codex+worktrees+a77f+rspack+packages+rspack/node_modules/babel-loader/lib/index.js??ruleSet[1].rules[0].use[0]!/data00/home/jinzhixin/projects/rspack-bench/results/noop-loader-2026-09-11T04-04-10-528Z-15/fixture/module-09915.js',
+     moduleName: './module-09915.js'
+   },
+   {
+     code: 'ModuleBuildError',
+     message: '  × Module build failed (from ../../../node_modules/.pnpm/babel-loader@10.1.1_@babel+core@7.29.7_@rspack+core@..+.codex+worktrees+a77f+rspack+packages+rspack/node_modules/babel-loader/lib/index.js):\n' +
+       '  ╰─▶   × Error: The original reference that WeakReference<rspack_binding_api::compilation::JsCompilation> is pointing to is dropped\n' +
+       '        │     at file:///data00/home/jinzhixin/.codex/worktrees/a77f/rspack/packages/rspack/dist/worker.js:3902:69\n' +
+       '        │     at runWorkerLoop (file:///data00/home/jinzhixin/.codex/worktrees/a77f/rspack/packages/rspack/dist/worker.js:3906:18)\n' +
+       '      \n',
+     moduleIdentifier: '/data00/home/jinzhixin/projects/rspack-bench/node_modules/.pnpm/babel-loader@10.1.1_@babel+core@7.29.7_@rspack+core@..+.codex+worktrees+a77f+rspack+packages+rspack/node_modules/babel-loader/lib/index.js??ruleSet[1].rules[0].use[0]!/data00/home/jinzhixin/projects/rspack-bench/results/noop-loader-2026-09-11T04-04-10-528Z-15/fixture/module-09923.js',
+     moduleName: './module-09923.js'
+   },
+   {
+     code: 'ModuleBuildError',
+     message: '  × Module build failed (from ../../../node_modules/.pnpm/babel-loader@10.1.1_@babel+core@7.29.7_@rspack+core@..+.codex+worktrees+a77f+rspack+packages+rspack/node_modules/babel-loader/lib/index.js):\n' +
+       '  ╰─▶   × Error: The original reference that WeakReference<rspack_binding_api::compilation::JsCompilation> is pointing to is dropped\n' +
+       '        │     at file:///data00/home/jinzhixin/.codex/worktrees/a77f/rspack/packages/rspack/dist/worker.js:3902:69\n' +
+       '        │     at runWorkerLoop (file:///data00/home/jinzhixin/.codex/worktrees/a77f/rspack/packages/rspack/dist/worker.js:3906:18)\n' +
+       '      \n',
+     moduleIdentifier: '/data00/home/jinzhixin/projects/rspack-bench/node_modules/.pnpm/babel-loader@10.1.1_@babel+core@7.29.7_@rspack+core@..+.codex+worktrees+a77f+rspack+packages+rspack/node_modules/babel-loader/lib/index.js??ruleSet[1].rules[0].use[0]!/data00/home/jinzhixin/projects/rspack-bench/results/noop-loader-2026-09-11T04-04-10-528Z-15/fixture/module-09926.js',
+     moduleName: './module-09926.js'
+   },
+   {
+     code: 'ModuleBuildError',
+     message: '  × Module build failed (from ../../../node_modules/.pnpm/babel-loader@10.1.1_@babel+core@7.29.7_@rspack+core@..+.codex+worktrees+a77f+rspack+packages+rspack/node_modules/babel-loader/lib/index.js):\n' +
+       '  ╰─▶   × Error: The original reference that WeakReference<rspack_binding_api::compilation::JsCompilation> is pointing to is dropped\n' +
+       '        │     at file:///data00/home/jinzhixin/.codex/worktrees/a77f/rspack/packages/rspack/dist/worker.js:3902:69\n' +
+       '        │     at runWorkerLoop (file:///data00/home/jinzhixin/.codex/worktrees/a77f/rspack/packages/rspack/dist/worker.js:3906:18)\n' +
+       '      \n',
+     moduleIdentifier: '/data00/home/jinzhixin/projects/rspack-bench/node_modules/.pnpm/babel-loader@10.1.1_@babel+core@7.29.7_@rspack+core@..+.codex+worktrees+a77f+rspack+packages+rspack/node_modules/babel-loader/lib/index.js??ruleSet[1].rules[0].use[0]!/data00/home/jinzhixin/projects/rspack-bench/results/noop-loader-2026-09-11T04-04-10-528Z-15/fixture/module-09944.js',
+     moduleName: './module-09944.js'
+   },
+   {
+     code: 'ModuleBuildError',
+     message: '  × Module build failed (from ../../../node_modules/.pnpm/babel-loader@10.1.1_@babel+core@7.29.7_@rspack+core@..+.codex+worktrees+a77f+rspack+packages+rspack/node_modules/babel-loader/lib/index.js):\n' +
+       '  ╰─▶   × Error: The original reference that WeakReference<rspack_binding_api::compilation::JsCompilation> is pointing to is dropped\n' +
+       '        │     at file:///data00/home/jinzhixin/.codex/worktrees/a77f/rspack/packages/rspack/dist/worker.js:3902:69\n' +
+       '        │     at runWorkerLoop (file:///data00/home/jinzhixin/.codex/worktrees/a77f/rspack/packages/rspack/dist/worker.js:3906:18)\n' +
+       '      \n',
+     moduleIdentifier: '/data00/home/jinzhixin/projects/rspack-bench/node_modules/.pnpm/babel-loader@10.1.1_@babel+core@7.29.7_@rspack+core@..+.codex+worktrees+a77f+rspack+packages+rspack/node_modules/babel-loader/lib/index.js??ruleSet[1].rules[0].use[0]!/data00/home/jinzhixin/projects/rspack-bench/results/noop-loader-2026-09-11T04-04-10-528Z-15/fixture/module-09948.js',
+     moduleName: './module-09948.js'
+   },
+   {
+     code: 'ModuleBuildError',
+     message: '  × Module build failed (from ../../../node_modules/.pnpm/babel-loader@10.1.1_@babel+core@7.29.7_@rspack+core@..+.codex+worktrees+a77f+rspack+packages+rspack/node_modules/babel-loader/lib/index.js):\n' +
+       '  ╰─▶   × Error: The original reference that WeakReference<rspack_binding_api::compilation::JsCompilation> is pointing to is dropped\n' +
+       '        │     at file:///data00/home/jinzhixin/.codex/worktrees/a77f/rspack/packages/rspack/dist/worker.js:3902:69\n' +
+       '        │     at runWorkerLoop (file:///data00/home/jinzhixin/.codex/worktrees/a77f/rspack/packages/rspack/dist/worker.js:3906:18)\n' +
+       '      \n',
+     moduleIdentifier: '/data00/home/jinzhixin/projects/rspack-bench/node_modules/.pnpm/babel-loader@10.1.1_@babel+core@7.29.7_@rspack+core@..+.codex+worktrees+a77f+rspack+packages+rspack/node_modules/babel-loader/lib/index.js??ruleSet[1].rules[0].use[0]!/data00/home/jinzhixin/projects/rspack-bench/results/noop-loader-2026-09-11T04-04-10-528Z-15/fixture/module-09959.js',
+     moduleName: './module-09959.js'
+   },
+   {
+     code: 'ModuleBuildError',
+     message: '  × Module build failed (from ../../../node_modules/.pnpm/babel-loader@10.1.1_@babel+core@7.29.7_@rspack+core@..+.codex+worktrees+a77f+rspack+packages+rspack/node_modules/babel-loader/lib/index.js):\n' +
+       '  ╰─▶   × Error: The original reference that WeakReference<rspack_binding_api::compilation::JsCompilation> is pointing to is dropped\n' +
+       '        │     at file:///data00/home/jinzhixin/.codex/worktrees/a77f/rspack/packages/rspack/dist/worker.js:3902:69\n' +
+       '        │     at runWorkerLoop (file:///data00/home/jinzhixin/.codex/worktrees/a77f/rspack/packages/rspack/dist/worker.js:3906:18)\n' +
+       '      \n',
+     moduleIdentifier: '/data00/home/jinzhixin/projects/rspack-bench/node_modules/.pnpm/babel-loader@10.1.1_@babel+core@7.29.7_@rspack+core@..+.codex+worktrees+a77f+rspack+packages+rspack/node_modules/babel-loader/lib/index.js??ruleSet[1].rules[0].use[0]!/data00/home/jinzhixin/projects/rspack-bench/results/noop-loader-2026-09-11T04-04-10-528Z-15/fixture/module-09961.js',
+     moduleName: './module-09961.js'
+   },
+   {
+     code: 'ModuleBuildError',
+     message: '  × Module build failed (from ../../../node_modules/.pnpm/babel-loader@10.1.1_@babel+core@7.29.7_@rspack+core@..+.codex+worktrees+a77f+rspack+packages+rspack/node_modules/babel-loader/lib/index.js):\n' +
+       '  ╰─▶   × Error: The original reference that WeakReference<rspack_binding_api::compilation::JsCompilation> is pointing to is dropped\n' +
+       '        │     at file:///data00/home/jinzhixin/.codex/worktrees/a77f/rspack/packages/rspack/dist/worker.js:3902:69\n' +
+       '        │     at runWorkerLoop (file:///data00/home/jinzhixin/.codex/worktrees/a77f/rspack/packages/rspack/dist/worker.js:3906:18)\n' +
+       '      \n',
+     moduleIdentifier: '/data00/home/jinzhixin/projects/rspack-bench/node_modules/.pnpm/babel-loader@10.1.1_@babel+core@7.29.7_@rspack+core@..+.codex+worktrees+a77f+rspack+packages+rspack/node_modules/babel-loader/lib/index.js??ruleSet[1].rules[0].use[0]!/data00/home/jinzhixin/projects/rspack-bench/results/noop-loader-2026-09-11T04-04-10-528Z-15/fixture/module-09968.js',
+     moduleName: './module-09968.js'
+   },
+   {
+     code: 'ModuleBuildError',
+     message: '  × Module build failed (from ../../../node_modules/.pnpm/babel-loader@10.1.1_@babel+core@7.29.7_@rspack+core@..+.codex+worktrees+a77f+rspack+packages+rspack/node_modules/babel-loader/lib/index.js):\n' +
+       '  ╰─▶   × Error: The original reference that WeakReference<rspack_binding_api::compilation::JsCompilation> is pointing to is dropped\n' +
+       '        │     at file:///data00/home/jinzhixin/.codex/worktrees/a77f/rspack/packages/rspack/dist/worker.js:3902:69\n' +
+       '        │     at runWorkerLoop (file:///data00/home/jinzhixin/.codex/worktrees/a77f/rspack/packages/rspack/dist/worker.js:3906:18)\n' +
+       '      \n',
+     moduleIdentifier: '/data00/home/jinzhixin/projects/rspack-bench/node_modules/.pnpm/babel-loader@10.1.1_@babel+core@7.29.7_@rspack+core@..+.codex+worktrees+a77f+rspack+packages+rspack/node_modules/babel-loader/lib/index.js??ruleSet[1].rules[0].use[0]!/data00/home/jinzhixin/projects/rspack-bench/results/noop-loader-2026-09-11T04-04-10-528Z-15/fixture/module-09969.js',
+     moduleName: './module-09969.js'
+   },
+   {
+     code: 'ModuleBuildError',
+     message: '  × Module build failed (from ../../../node_modules/.pnpm/babel-loader@10.1.1_@babel+core@7.29.7_@rspack+core@..+.codex+worktrees+a77f+rspack+packages+rspack/node_modules/babel-loader/lib/index.js):\n' +
+       '  ╰─▶   × Error: The original reference that WeakReference<rspack_binding_api::compilation::JsCompilation> is pointing to is dropped\n' +
+       '        │     at file:///data00/home/jinzhixin/.codex/worktrees/a77f/rspack/packages/rspack/dist/worker.js:3902:69\n' +
+       '        │     at runWorkerLoop (file:///data00/home/jinzhixin/.codex/worktrees/a77f/rspack/packages/rspack/dist/worker.js:3906:18)\n' +
+       '      \n',
+     moduleIdentifier: '/data00/home/jinzhixin/projects/rspack-bench/node_modules/.pnpm/babel-loader@10.1.1_@babel+core@7.29.7_@rspack+core@..+.codex+worktrees+a77f+rspack+packages+rspack/node_modules/babel-loader/lib/index.js??ruleSet[1].rules[0].use[0]!/data00/home/jinzhixin/projects/rspack-bench/results/noop-loader-2026-09-11T04-04-10-528Z-15/fixture/module-09972.js',
+     moduleName: './module-09972.js'
+   },
+   {
+     code: 'ModuleBuildError',
+     message: '  × Module build failed (from ../../../node_modules/.pnpm/babel-loader@10.1.1_@babel+core@7.29.7_@rspack+core@..+.codex+worktrees+a77f+rspack+packages+rspack/node_modules/babel-loader/lib/index.js):\n' +
+       '  ╰─▶   × Error: The original reference that WeakReference<rspack_binding_api::compilation::JsCompilation> is pointing to is dropped\n' +
+       '        │     at file:///data00/home/jinzhixin/.codex/worktrees/a77f/rspack/packages/rspack/dist/worker.js:3902:69\n' +
+       '        │     at runWorkerLoop (file:///data00/home/jinzhixin/.codex/worktrees/a77f/rspack/packages/rspack/dist/worker.js:3906:18)\n' +
+       '      \n',
+     moduleIdentifier: '/data00/home/jinzhixin/projects/rspack-bench/node_modules/.pnpm/babel-loader@10.1.1_@babel+core@7.29.7_@rspack+core@..+.codex+worktrees+a77f+rspack+packages+rspack/node_modules/babel-loader/lib/index.js??ruleSet[1].rules[0].use[0]!/data00/home/jinzhixin/projects/rspack-bench/results/noop-loader-2026-09-11T04-04-10-528Z-15/fixture/module-09982.js',
+     moduleName: './module-09982.js'
+   },
+   {
+     code: 'ModuleBuildError',
+     message: '  × Module build failed (from ../../../node_modules/.pnpm/babel-loader@10.1.1_@babel+core@7.29.7_@rspack+core@..+.codex+worktrees+a77f+rspack+packages+rspack/node_modules/babel-loader/lib/index.js):\n' +
+       '  ╰─▶   × Error: The original reference that WeakReference<rspack_binding_api::compilation::JsCompilation> is pointing to is dropped\n' +
+       '        │     at file:///data00/home/jinzhixin/.codex/worktrees/a77f/rspack/packages/rspack/dist/worker.js:3902:69\n' +
+       '        │     at runWorkerLoop (file:///data00/home/jinzhixin/.codex/worktrees/a77f/rspack/packages/rspack/dist/worker.js:3906:18)\n' +
+       '      \n',
+     moduleIdentifier: '/data00/home/jinzhixin/projects/rspack-bench/node_modules/.pnpm/babel-loader@10.1.1_@babel+core@7.29.7_@rspack+core@..+.codex+worktrees+a77f+rspack+packages+rspack/node_modules/babel-loader/lib/index.js??ruleSet[1].rules[0].use[0]!/data00/home/jinzhixin/projects/rspack-bench/results/noop-loader-2026-09-11T04-04-10-528Z-15/fixture/module-09990.js',
+     moduleName: './module-09990.js'
+   },
+   {
+     code: 'ModuleBuildError',
+     message: '  × Module build failed (from ../../../node_modules/.pnpm/babel-loader@10.1.1_@babel+core@7.29.7_@rspack+core@..+.codex+worktrees+a77f+rspack+packages+rspack/node_modules/babel-loader/lib/index.js):\n' +
+       '  ╰─▶   × Error: The original reference that WeakReference<rspack_binding_api::compilation::JsCompilation> is pointing to is dropped\n' +
+       '        │     at file:///data00/home/jinzhixin/.codex/worktrees/a77f/rspack/packages/rspack/dist/worker.js:3902:69\n' +
+       '        │     at runWorkerLoop (file:///data00/home/jinzhixin/.codex/worktrees/a77f/rspack/packages/rspack/dist/worker.js:3906:18)\n' +
+       '      \n',
+     moduleIdentifier: '/data00/home/jinzhixin/projects/rspack-bench/node_modules/.pnpm/babel-loader@10.1.1_@babel+core@7.29.7_@rspack+core@..+.codex+worktrees+a77f+rspack+packages+rspack/node_modules/babel-loader/lib/index.js??ruleSet[1].rules[0].use[0]!/data00/home/jinzhixin/projects/rspack-bench/results/noop-loader-2026-09-11T04-04-10-528Z-15/fixture/module-09991.js',
+     moduleName: './module-09991.js'
+   }
+ ]
- []

    at file:///data00/home/jinzhixin/projects/rspack-bench/cases/babel-loader-parallel-cache/run-build.mjs:114:12 {
  generatedMessage: true,
  code: 'ERR_ASSERTION',
  actual: [
    {
      message: '  × Module build failed (from ../../../node_modules/.pnpm/babel-loader@10.1.1_@babel+core@7.29.7_@rspack+core@..+.codex+worktrees+a77f+rspack+packages+rspack/node_modules/babel-loader/lib/index.js):\n' +
        '  ╰─▶   × Error: The original reference that WeakReference<rspack_binding_api::compilation::JsCompilation> is pointing to is dropped\n' +
        '        │     at file:///data00/home/jinzhixin/.codex/worktrees/a77f/rspack/packages/rspack/dist/worker.js:3902:69\n' +
        '        │     at runWorkerLoop (file:///data00/home/jinzhixin/.codex/worktrees/a77f/rspack/packages/rspack/dist/worker.js:3906:18)\n' +
        '      \n',
      code: 'ModuleBuildError',
      moduleIdentifier: '/data00/home/jinzhixin/projects/rspack-bench/node_modules/.pnpm/babel-loader@10.1.1_@babel+core@7.29.7_@rspack+core@..+.codex+worktrees+a77f+rspack+packages+rspack/node_modules/babel-loader/lib/index.js??ruleSet[1].rules[0].use[0]!/data00/home/jinzhixin/projects/rspack-bench/results/noop-loader-2026-09-11T04-04-10-528Z-15/fixture/module-00020.js',
      moduleName: './module-00020.js'
    },
    {
      message: '  × Module build failed (from ../../../node_modules/.pnpm/babel-loader@10.1.1_@babel+core@7.29.7_@rspack+core@..+.codex+worktrees+a77f+rspack+packages+rspack/node_modules/babel-loader/lib/index.js):\n' +
        '  ╰─▶   × Error: The original reference that WeakReference<rspack_binding_api::compilation::JsCompilation> is pointing to is dropped\n' +
        '        │     at file:///data00/home/jinzhixin/.codex/worktrees/a77f/rspack/packages/rspack/dist/worker.js:3902:69\n' +
        '        │     at runWorkerLoop (file:///data00/home/jinzhixin/.codex/worktrees/a77f/rspack/packages/rspack/dist/worker.js:3906:18)\n' +
        '      \n',
      code: 'ModuleBuildError',
      moduleIdentifier: '/data00/home/jinzhixin/projects/rspack-bench/node_modules/.pnpm/babel-loader@10.1.1_@babel+core@7.29.7_@rspack+core@..+.codex+worktrees+a77f+rspack+packages+rspack/node_modules/babel-loader/lib/index.js??ruleSet[1].rules[0].use[0]!/data00/home/jinzhixin/projects/rspack-bench/results/noop-loader-2026-09-11T04-04-10-528Z-15/fixture/module-00022.js',
      moduleName: './module-00022.js'
    },
    {
      message: '  × Module build failed (from ../../../node_modules/.pnpm/babel-loader@10.1.1_@babel+core@7.29.7_@rspack+core@..+.codex+worktrees+a77f+rspack+packages+rspack/node_modules/babel-loader/lib/index.js):\n' +
        '  ╰─▶   × Error: The original reference that WeakReference<rspack_binding_api::compilation::JsCompilation> is pointing to is dropped\n' +
        '        │     at file:///data00/home/jinzhixin/.codex/worktrees/a77f/rspack/packages/rspack/dist/worker.js:3902:69\n' +
        '        │     at runWorkerLoop (file:///data00/home/jinzhixin/.codex/worktrees/a77f/rspack/packages/rspack/dist/worker.js:3906:18)\n' +
        '      \n',
      code: 'ModuleBuildError',
      moduleIdentifier: '/data00/home/jinzhixin/projects/rspack-bench/node_modules/.pnpm/babel-loader@10.1.1_@babel+core@7.29.7_@rspack+core@..+.codex+worktrees+a77f+rspack+packages+rspack/node_modules/babel-loader/lib/index.js??ruleSet[1].rules[0].use[0]!/data00/home/jinzhixin/projects/rspack-bench/results/noop-loader-2026-09-11T04-04-10-528Z-15/fixture/module-00032.js',
      moduleName: './module-00032.js'
    },
    {
      message: '  × Module build failed (from ../../../node_modules/.pnpm/babel-loader@10.1.1_@babel+core@7.29.7_@rspack+core@..+.codex+worktrees+a77f+rspack+packages+rspack/node_modules/babel-loader/lib/index.js):\n' +
        '  ╰─▶   × Error: The original reference that WeakReference<rspack_binding_api::compilation::JsCompilation> is pointing to is dropped\n' +
        '        │     at file:///data00/home/jinzhixin/.codex/worktrees/a77f/rspack/packages/rspack/dist/worker.js:3902:69\n' +
        '        │     at runWorkerLoop (file:///data00/home/jinzhixin/.codex/worktrees/a77f/rspack/packages/rspack/dist/worker.js:3906:18)\n' +
        '      \n',
      code: 'ModuleBuildError',
      moduleIdentifier: '/data00/home/jinzhixin/projects/rspack-bench/node_modules/.pnpm/babel-loader@10.1.1_@babel+core@7.29.7_@rspack+core@..+.codex+worktrees+a77f+rspack+packages+rspack/node_modules/babel-loader/lib/index.js??ruleSet[1].rules[0].use[0]!/data00/home/jinzhixin/projects/rspack-bench/results/noop-loader-2026-09-11T04-04-10-528Z-15/fixture/module-00043.js',
      moduleName: './module-00043.js'
    },
    {
      message: '  × Module build failed (from ../../../node_modules/.pnpm/babel-loader@10.1.1_@babel+core@7.29.7_@rspack+core@..+.codex+worktrees+a77f+rspack+packages+rspack/node_modules/babel-loader/lib/index.js):\n' +
        '  ╰─▶   × Error: The original reference that WeakReference<rspack_binding_api::compilation::JsCompilation> is pointing to is dropped\n' +
        '        │     at file:///data00/home/jinzhixin/.codex/worktrees/a77f/rspack/packages/rspack/dist/worker.js:3902:69\n' +
        '        │     at runWorkerLoop (file:///data00/home/jinzhixin/.codex/worktrees/a77f/rspack/packages/rspack/dist/worker.js:3906:18)\n' +
        '      \n',
      code: 'ModuleBuildError',
      moduleIdentifier: '/data00/home/jinzhixin/projects/rspack-bench/node_modules/.pnpm/babel-loader@10.1.1_@babel+core@7.29.7_@rspack+core@..+.codex+worktrees+a77f+rspack+packages+rspack/node_modules/babel-loader/lib/index.js??ruleSet[1].rules[0].use[0]!/data00/home/jinzhixin/projects/rspack-bench/results/noop-loader-2026-09-11T04-04-10-528Z-15/fixture/module-00075.js',
      moduleName: './module-00075.js'
    },
    {
      message: '  × Module build failed (from ../../../node_modules/.pnpm/babel-loader@10.1.1_@babel+core@7.29.7_@rspack+core@..+.codex+worktrees+a77f+rspack+packages+rspack/node_modules/babel-loader/lib/index.js):\n' +
        '  ╰─▶   × Error: The original reference that WeakReference<rspack_binding_api::compilation::JsCompilation> is pointing to is dropped\n' +
        '        │     at file:///data00/home/jinzhixin/.codex/worktrees/a77f/rspack/packages/rspack/dist/worker.js:3902:69\n' +
        '        │     at runWorkerLoop (file:///data00/home/jinzhixin/.codex/worktrees/a77f/rspack/packages/rspack/dist/worker.js:3906:18)\n' +
        '      \n',
      code: 'ModuleBuildError',
      moduleIdentifier: '/data00/home/jinzhixin/projects/rspack-bench/node_modules/.pnpm/babel-loader@10.1.1_@babel+core@7.29.7_@rspack+core@..+.codex+worktrees+a77f+rspack+packages+rspack/node_modules/babel-loader/lib/index.js??ruleSet[1].rules[0].use[0]!/data00/home/jinzhixin/projects/rspack-bench/results/noop-loader-2026-09-11T04-04-10-528Z-15/fixture/module-00118.js',
      moduleName: './module-00118.js'
    },
    {
      message: '  × Module build failed (from ../../../node_modules/.pnpm/babel-loader@10.1.1_@babel+core@7.29.7_@rspack+core@..+.codex+worktrees+a77f+rspack+packages+rspack/node_modules/babel-loader/lib/index.js):\n' +
        '  ╰─▶   × Error: The original reference that WeakReference<rspack_binding_api::compilation::JsCompilation> is pointing to is dropped\n' +
        '        │     at file:///data00/home/jinzhixin/.codex/worktrees/a77f/rspack/packages/rspack/dist/worker.js:3902:69\n' +
        '        │     at runWorkerLoop (file:///data00/home/jinzhixin/.codex/worktrees/a77f/rspack/packages/rspack/dist/worker.js:3906:18)\n' +
        '      \n',
      code: 'ModuleBuildError',
      moduleIdentifier: '/data00/home/jinzhixin/projects/rspack-bench/node_modules/.pnpm/babel-loader@10.1.1_@babel+core@7.29.7_@rspack+core@..+.codex+worktrees+a77f+rspack+packages+rspack/node_modules/babel-loader/lib/index.js??ruleSet[1].rules[0].use[0]!/data00/home/jinzhixin/projects/rspack-bench/results/noop-loader-2026-09-11T04-04-10-528Z-15/fixture/module-00123.js',
      moduleName: './module-00123.js'
    },
    {
      message: '  × Module build failed (from ../../../node_modules/.pnpm/babel-loader@10.1.1_@babel+core@7.29.7_@rspack+core@..+.codex+worktrees+a77f+rspack+packages+rspack/node_modules/babel-loader/lib/index.js):\n' +
        '  ╰─▶   × Error: The original reference that WeakReference<rspack_binding_api::compilation::JsCompilation> is pointing to is dropped\n' +
        '        │     at file:///data00/home/jinzhixin/.codex/worktrees/a77f/rspack/packages/rspack/dist/worker.js:3902:69\n' +
        '        │     at runWorkerLoop (file:///data00/home/jinzhixin/.codex/worktrees/a77f/rspack/packages/rspack/dist/worker.js:3906:18)\n' +
        '      \n',
      code: 'ModuleBuildError',
      moduleIdentifier: '/data00/home/jinzhixin/projects/rspack-bench/node_modules/.pnpm/babel-loader@10.1.1_@babel+core@7.29.7_@rspack+core@..+.codex+worktrees+a77f+rspack+packages+rspack/node_modules/babel-loader/lib/index.js??ruleSet[1].rules[0].use[0]!/data00/home/jinzhixin/projects/rspack-bench/results/noop-loader-2026-09-11T04-04-10-528Z-15/fixture/module-00137.js',
      moduleName: './module-00137.js'
    },
    {
      message: '  × Module build failed (from ../../../node_modules/.pnpm/babel-loader@10.1.1_@babel+core@7.29.7_@rspack+core@..+.codex+worktrees+a77f+rspack+packages+rspack/node_modules/babel-loader/lib/index.js):\n' +
        '  ╰─▶   × Error: The original reference that WeakReference<rspack_binding_api::compilation::JsCompilation> is pointing to is dropped\n' +
        '        │     at file:///data00/home/jinzhixin/.codex/worktrees/a77f/rspack/packages/rspack/dist/worker.js:3902:69\n' +
        '        │     at runWorkerLoop (file:///data00/home/jinzhixin/.codex/worktrees/a77f/rspack/packages/rspack/dist/worker.js:3906:18)\n' +
        '      \n',
      code: 'ModuleBuildError',
      moduleIdentifier: '/data00/home/jinzhixin/projects/rspack-bench/node_modules/.pnpm/babel-loader@10.1.1_@babel+core@7.29.7_@rspack+core@..+.codex+worktrees+a77f+rspack+packages+rspack/node_modules/babel-loader/lib/index.js??ruleSet[1].rules[0].use[0]!/data00/home/jinzhixin/projects/rspack-bench/results/noop-loader-2026-09-11T04-04-10-528Z-15/fixture/module-00139.js',
      moduleName: './module-00139.js'
    },
    {
      message: '  × Module build failed (from ../../../node_modules/.pnpm/babel-loader@10.1.1_@babel+core@7.29.7_@rspack+core@..+.codex+worktrees+a77f+rspack+packages+rspack/node_modules/babel-loader/lib/index.js):\n' +
        '  ╰─▶   × Error: The original reference that WeakReference<rspack_binding_api::compilation::JsCompilation> is pointing to is dropped\n' +
        '        │     at file:///data00/home/jinzhixin/.codex/worktrees/a77f/rspack/packages/rspack/dist/worker.js:3902:69\n' +
        '        │     at runWorkerLoop (file:///data00/home/jinzhixin/.codex/worktrees/a77f/rspack/packages/rspack/dist/worker.js:3906:18)\n' +
        '      \n',
      code: 'ModuleBuildError',
      moduleIdentifier: '/data00/home/jinzhixin/projects/rspack-bench/node_modules/.pnpm/babel-loader@10.1.1_@babel+core@7.29.7_@rspack+core@..+.codex+worktrees+a77f+rspack+packages+rspack/node_modules/babel-loader/lib/index.js??ruleSet[1].rules[0].use[0]!/data00/home/jinzhixin/projects/rspack-bench/results/noop-loader-2026-09-11T04-04-10-528Z-15/fixture/module-00144.js',
      moduleName: './module-00144.js'
    },
    {
      message: '  × Module build failed (from ../../../node_modules/.pnpm/babel-loader@10.1.1_@babel+core@7.29.7_@rspack+core@..+.codex+worktrees+a77f+rspack+packages+rspack/node_modules/babel-loader/lib/index.js):\n' +
        '  ╰─▶   × Error: The original reference that WeakReference<rspack_binding_api::compilation::JsCompilation> is pointing to is dropped\n' +
        '        │     at file:///data00/home/jinzhixin/.codex/worktrees/a77f/rspack/packages/rspack/dist/worker.js:3902:69\n' +
        '        │     at runWorkerLoop (file:///data00/home/jinzhixin/.codex/worktrees/a77f/rspack/packages/rspack/dist/worker.js:3906:18)\n' +
        '      \n',
      code: 'ModuleBuildError',
      moduleIdentifier: '/data00/home/jinzhixin/projects/rspack-bench/node_modules/.pnpm/babel-loader@10.1.1_@babel+core@7.29.7_@rspack+core@..+.codex+worktrees+a77f+rspack+packages+rspack/node_modules/babel-loader/lib/index.js??ruleSet[1].rules[0].use[0]!/data00/home/jinzhixin/projects/rspack-bench/results/noop-loader-2026-09-11T04-04-10-528Z-15/fixture/module-00166.js',
      moduleName: './module-00166.js'
    },
    {
      message: '  × Module build failed (from ../../../node_modules/.pnpm/babel-loader@10.1.1_@babel+core@7.29.7_@rspack+core@..+.codex+worktrees+a77f+rspack+packages+rspack/node_modules/babel-loader/lib/index.js):\n' +
        '  ╰─▶   × Error: The original reference that WeakReference<rspack_binding_api::compilation::JsCompilation> is pointing to is dropped\n' +
        '        │     at file:///data00/home/jinzhixin/.codex/worktrees/a77f/rspack/packages/rspack/dist/worker.js:3902:69\n' +
        '        │     at runWorkerLoop (file:///data00/home/jinzhixin/.codex/worktrees/a77f/rspack/packages/rspack/dist/worker.js:3906:18)\n' +
        '      \n',
      code: 'ModuleBuildError',
      moduleIdentifier: '/data00/home/jinzhixin/projects/rspack-bench/node_modules/.pnpm/babel-loader@10.1.1_@babel+core@7.29.7_@rspack+core@..+.codex+worktrees+a77f+rspack+packages+rspack/node_modules/babel-loader/lib/index.js??ruleSet[1].rules[0].use[0]!/data00/home/jinzhixin/projects/rspack-bench/results/noop-loader-2026-09-11T04-04-10-528Z-15/fixture/module-00181.js',
      moduleName: './module-00181.js'
    },
    {
      message: '  × Module build failed (from ../../../node_modules/.pnpm/babel-loader@10.1.1_@babel+core@7.29.7_@rspack+core@..+.codex+worktrees+a77f+rspack+packages+rspack/node_modules/babel-loader/lib/index.js):\n' +
        '  ╰─▶   × Error: The original reference that WeakReference<rspack_binding_api::compilation::JsCompilation> is pointing to is dropped\n' +
        '        │     at file:///data00/home/jinzhixin/.codex/worktrees/a77f/rspack/packages/rspack/dist/worker.js:3902:69\n' +
        '        │     at runWorkerLoop (file:///data00/home/jinzhixin/.codex/worktrees/a77f/rspack/packages/rspack/dist/worker.js:3906:18)\n' +
        '      \n',
      code: 'ModuleBuildError',
      moduleIdentifier: '/data00/home/jinzhixin/projects/rspack-bench/node_modules/.pnpm/babel-loader@10.1.1_@babel+core@7.29.7_@rspack+core@..+.codex+worktrees+a77f+rspack+packages+rspack/node_modules/babel-loader/lib/index.js??ruleSet[1].rules[0].use[0]!/data00/home/jinzhixin/projects/rspack-bench/results/noop-loader-2026-09-11T04-04-10-528Z-15/fixture/module-00192.js',
      moduleName: './module-00192.js'
    },
    {
      message: '  × Module build failed (from ../../../node_modules/.pnpm/babel-loader@10.1.1_@babel+core@7.29.7_@rspack+core@..+.codex+worktrees+a77f+rspack+packages+rspack/node_modules/babel-loader/lib/index.js):\n' +
        '  ╰─▶   × Error: The original reference that WeakReference<rspack_binding_api::compilation::JsCompilation> is pointing to is dropped\n' +
        '        │     at file:///data00/home/jinzhixin/.codex/worktrees/a77f/rspack/packages/rspack/dist/worker.js:3902:69\n' +
        '        │     at runWorkerLoop (file:///data00/home/jinzhixin/.codex/worktrees/a77f/rspack/packages/rspack/dist/worker.js:3906:18)\n' +
        '      \n',
      code: 'ModuleBuildError',
      moduleIdentifier: '/data00/home/jinzhixin/projects/rspack-bench/node_modules/.pnpm/babel-loader@10.1.1_@babel+core@7.29.7_@rspack+core@..+.codex+worktrees+a77f+rspack+packages+rspack/node_modules/babel-loader/lib/index.js??ruleSet[1].rules[0].use[0]!/data00/home/jinzhixin/projects/rspack-bench/results/noop-loader-2026-09-11T04-04-10-528Z-15/fixture/module-00206.js',
      moduleName: './module-00206.js'
    },
    {
      message: '  × Module build failed (from ../../../node_modules/.pnpm/babel-loader@10.1.1_@babel+core@7.29.7_@rspack+core@..+.codex+worktrees+a77f+rspack+packages+rspack/node_modules/babel-loader/lib/index.js):\n' +
        '  ╰─▶   × Error: The original reference that WeakReference<rspack_binding_api::compilation::JsCompilation> is pointing to is dropped\n' +
        '        │     at file:///data00/home/jinzhixin/.codex/worktrees/a77f/rspack/packages/rspack/dist/worker.js:3902:69\n' +
        '        │     at runWorkerLoop (file:///data00/home/jinzhixin/.codex/worktrees/a77f/rspack/packages/rspack/dist/worker.js:3906:18)\n' +
        '      \n',
      code: 'ModuleBuildError',
      moduleIdentifier: '/data00/home/jinzhixin/projects/rspack-bench/node_modules/.pnpm/babel-loader@10.1.1_@babel+core@7.29.7_@rspack+core@..+.codex+worktrees+a77f+rspack+packages+rspack/node_modules/babel-loader/lib/index.js??ruleSet[1].rules[0].use[0]!/data00/home/jinzhixin/projects/rspack-bench/results/noop-loader-2026-09-11T04-04-10-528Z-15/fixture/module-00209.js',
      moduleName: './module-00209.js'
    },
    {
      message: '  × Module build failed (from ../../../node_modules/.pnpm/babel-loader@10.1.1_@babel+core@7.29.7_@rspack+core@..+.codex+worktrees+a77f+rspack+packages+rspack/node_modules/babel-loader/lib/index.js):\n' +
        '  ╰─▶   × Error: The original reference that WeakReference<rspack_binding_api::compilation::JsCompilation> is pointing to is dropped\n' +
        '        │     at file:///data00/home/jinzhixin/.codex/worktrees/a77f/rspack/packages/rspack/dist/worker.js:3902:69\n' +
        '        │     at runWorkerLoop (file:///data00/home/jinzhixin/.codex/worktrees/a77f/rspack/packages/rspack/dist/worker.js:3906:18)\n' +
        '      \n',
      code: 'ModuleBuildError',
      moduleIdentifier: '/data00/home/jinzhixin/projects/rspack-bench/node_modules/.pnpm/babel-loader@10.1.1_@babel+core@7.29.7_@rspack+core@..+.codex+worktrees+a77f+rspack+packages+rspack/node_modules/babel-loader/lib/index.js??ruleSet[1].rules[0].use[0]!/data00/home/jinzhixin/projects/rspack-bench/results/noop-loader-2026-09-11T04-04-10-528Z-15/fixture/module-00210.js',
      moduleName: './module-00210.js'
    },
    {
      message: '  × Module build failed (from ../../../node_modules/.pnpm/babel-loader@10.1.1_@babel+core@7.29.7_@rspack+core@..+.codex+worktrees+a77f+rspack+packages+rspack/node_modules/babel-loader/lib/index.js):\n' +
        '  ╰─▶   × Error: The original reference that WeakReference<rspack_binding_api::compilation::JsCompilation> is pointing to is dropped\n' +
        '        │     at file:///data00/home/jinzhixin/.codex/worktrees/a77f/rspack/packages/rspack/dist/worker.js:3902:69\n' +
        '        │     at runWorkerLoop (file:///data00/home/jinzhixin/.codex/worktrees/a77f/rspack/packages/rspack/dist/worker.js:3906:18)\n' +
        '      \n',
      code: 'ModuleBuildError',
      moduleIdentifier: '/data00/home/jinzhixin/projects/rspack-bench/node_modules/.pnpm/babel-loader@10.1.1_@babel+core@7.29.7_@rspack+core@..+.codex+worktrees+a77f+rspack+packages+rspack/node_modules/babel-loader/lib/index.js??ruleSet[1].rules[0].use[0]!/data00/home/jinzhixin/projects/rspack-bench/results/noop-loader-2026-09-11T04-04-10-528Z-15/fixture/module-00215.js',
      moduleName: './module-00215.js'
    },
    {
      message: '  × Module build failed (from ../../../node_modules/.pnpm/babel-loader@10.1.1_@babel+core@7.29.7_@rspack+core@..+.codex+worktrees+a77f+rspack+packages+rspack/node_modules/babel-loader/lib/index.js):\n' +
        '  ╰─▶   × Error: The original reference that WeakReference<rspack_binding_api::compilation::JsCompilation> is pointing to is dropped\n' +
        '        │     at file:///data00/home/jinzhixin/.codex/worktrees/a77f/rspack/packages/rspack/dist/worker.js:3902:69\n' +
        '        │     at runWorkerLoop (file:///data00/home/jinzhixin/.codex/worktrees/a77f/rspack/packages/rspack/dist/worker.js:3906:18)\n' +
        '      \n',
      code: 'ModuleBuildError',
      moduleIdentifier: '/data00/home/jinzhixin/projects/rspack-bench/node_modules/.pnpm/babel-loader@10.1.1_@babel+core@7.29.7_@rspack+core@..+.codex+worktrees+a77f+rspack+packages+rspack/node_modules/babel-loader/lib/index.js??ruleSet[1].rules[0].use[0]!/data00/home/jinzhixin/projects/rspack-bench/results/noop-loader-2026-09-11T04-04-10-528Z-15/fixture/module-00222.js',
      moduleName: './module-00222.js'
    },
    {
      message: '  × Module build failed (from ../../../node_modules/.pnpm/babel-loader@10.1.1_@babel+core@7.29.7_@rspack+core@..+.codex+worktrees+a77f+rspack+packages+rspack/node_modules/babel-loader/lib/index.js):\n' +
        '  ╰─▶   × Error: The original reference that WeakReference<rspack_binding_api::compilation::JsCompilation> is pointing to is dropped\n' +
        '        │     at file:///data00/home/jinzhixin/.codex/worktrees/a77f/rspack/packages/rspack/dist/worker.js:3902:69\n' +
        '        │     at runWorkerLoop (file:///data00/home/jinzhixin/.codex/worktrees/a77f/rspack/packages/rspack/dist/worker.js:3906:18)\n' +
        '      \n',
      code: 'ModuleBuildError',
      moduleIdentifier: '/data00/home/jinzhixin/projects/rspack-bench/node_modules/.pnpm/babel-loader@10.1.1_@babel+core@7.29.7_@rspack+core@..+.codex+worktrees+a77f+rspack+packages+rspack/node_modules/babel-loader/lib/index.js??ruleSet[1].rules[0].use[0]!/data00/home/jinzhixin/projects/rspack-bench/results/noop-loader-2026-09-11T04-04-10-528Z-15/fixture/module-00226.js',
      moduleName: './module-00226.js'
    },
    {
      message: '  × Module build failed (from ../../../node_modules/.pnpm/babel-loader@10.1.1_@babel+core@7.29.7_@rspack+core@..+.codex+worktrees+a77f+rspack+packages+rspack/node_modules/babel-loader/lib/index.js):\n' +
        '  ╰─▶   × Error: The original reference that WeakReference<rspack_binding_api::compilation::JsCompilation> is pointing to is dropped\n' +
        '        │     at file:///data00/home/jinzhixin/.codex/worktrees/a77f/rspack/packages/rspack/dist/worker.js:3902:69\n' +
        '        │     at runWorkerLoop (file:///data00/home/jinzhixin/.codex/worktrees/a77f/rspack/packages/rspack/dist/worker.js:3906:18)\n' +
        '      \n',
      code: 'ModuleBuildError',
      moduleIdentifier: '/data00/home/jinzhixin/projects/rspack-bench/node_modules/.pnpm/babel-loader@10.1.1_@babel+core@7.29.7_@rspack+core@..+.codex+worktrees+a77f+rspack+packages+rspack/node_modules/babel-loader/lib/index.js??ruleSet[1].rules[0].use[0]!/data00/home/jinzhixin/projects/rspack-bench/results/noop-loader-2026-09-11T04-04-10-528Z-15/fixture/module-00231.js',
      moduleName: './module-00231.js'
    },
    {
      message: '  × Module build failed (from ../../../node_modules/.pnpm/babel-loader@10.1.1_@babel+core@7.29.7_@rspack+core@..+.codex+worktrees+a77f+rspack+packages+rspack/node_modules/babel-loader/lib/index.js):\n' +
        '  ╰─▶   × Error: The original reference that WeakReference<rspack_binding_api::compilation::JsCompilation> is pointing to is dropped\n' +
        '        │     at file:///data00/home/jinzhixin/.codex/worktrees/a77f/rspack/packages/rspack/dist/worker.js:3902:69\n' +
        '        │     at runWorkerLoop (file:///data00/home/jinzhixin/.codex/worktrees/a77f/rspack/packages/rspack/dist/worker.js:3906:18)\n' +
        '      \n',
      code: 'ModuleBuildError',
      moduleIdentifier: '/data00/home/jinzhixin/projects/rspack-bench/node_modules/.pnpm/babel-loader@10.1.1_@babel+core@7.29.7_@rspack+core@..+.codex+worktrees+a77f+rspack+packages+rspack/node_modules/babel-loader/lib/index.js??ruleSet[1].rules[0].use[0]!/data00/home/jinzhixin/projects/rspack-bench/results/noop-loader-2026-09-11T04-04-10-528Z-15/fixture/module-00274.js',
      moduleName: './module-00274.js'
    },
    {
      message: '  × Module build failed (from ../../../node_modules/.pnpm/babel-loader@10.1.1_@babel+core@7.29.7_@rspack+core@..+.codex+worktrees+a77f+rspack+packages+rspack/node_modules/babel-loader/lib/index.js):\n' +
        '  ╰─▶   × Error: The original reference that WeakReference<rspack_binding_api::compilation::JsCompilation> is pointing to is dropped\n' +
        '        │     at file:///data00/home/jinzhixin/.codex/worktrees/a77f/rspack/packages/rspack/dist/worker.js:3902:69\n' +
        '        │     at runWorkerLoop (file:///data00/home/jinzhixin/.codex/worktrees/a77f/rspack/packages/rspack/dist/worker.js:3906:18)\n' +
        '      \n',
      code: 'ModuleBuildError',
      moduleIdentifier: '/data00/home/jinzhixin/projects/rspack-bench/node_modules/.pnpm/babel-loader@10.1.1_@babel+core@7.29.7_@rspack+core@..+.codex+worktrees+a77f+rspack+packages+rspack/node_modules/babel-loader/lib/index.js??ruleSet[1].rules[0].use[0]!/data00/home/jinzhixin/projects/rspack-bench/results/noop-loader-2026-09-11T04-04-10-528Z-15/fixture/module-00294.js',
      moduleName: './module-00294.js'
    },
    {
      message: '  × Module build failed (from ../../../node_modules/.pnpm/babel-loader@10.1.1_@babel+core@7.29.7_@rspack+core@..+.codex+worktrees+a77f+rspack+packages+rspack/node_modules/babel-loader/lib/index.js):\n' +
        '  ╰─▶   × Error: The original reference that WeakReference<rspack_binding_api::compilation::JsCompilation> is pointing to is dropped\n' +
        '        │     at file:///data00/home/jinzhixin/.codex/worktrees/a77f/rspack/packages/rspack/dist/worker.js:3902:69\n' +
        '        │     at runWorkerLoop (file:///data00/home/jinzhixin/.codex/worktrees/a77f/rspack/packages/rspack/dist/worker.js:3906:18)\n' +
        '      \n',
      code: 'ModuleBuildError',
      moduleIdentifier: '/data00/home/jinzhixin/projects/rspack-bench/node_modules/.pnpm/babel-loader@10.1.1_@babel+core@7.29.7_@rspack+core@..+.codex+worktrees+a77f+rspack+packages+rspack/node_modules/babel-loader/lib/index.js??ruleSet[1].rules[0].use[0]!/data00/home/jinzhixin/projects/rspack-bench/results/noop-loader-2026-09-11T04-04-10-528Z-15/fixture/module-00307.js',
      moduleName: './module-00307.js'
    },
    {
      message: '  × Module build failed (from ../../../node_modules/.pnpm/babel-loader@10.1.1_@babel+core@7.29.7_@rspack+core@..+.codex+worktrees+a77f+rspack+packages+rspack/node_modules/babel-loader/lib/index.js):\n' +
        '  ╰─▶   × Error: The original reference that WeakReference<rspack_binding_api::compilation::JsCompilation> is pointing to is dropped\n' +
        '        │     at file:///data00/home/jinzhixin/.codex/worktrees/a77f/rspack/packages/rspack/dist/worker.js:3902:69\n' +
        '        │     at runWorkerLoop (file:///data00/home/jinzhixin/.codex/worktrees/a77f/rspack/packages/rspack/dist/worker.js:3906:18)\n' +
        '      \n',
      code: 'ModuleBuildError',
      moduleIdentifier: '/data00/home/jinzhixin/projects/rspack-bench/node_modules/.pnpm/babel-loader@10.1.1_@babel+core@7.29.7_@rspack+core@..+.codex+worktrees+a77f+rspack+packages+rspack/node_modules/babel-loader/lib/index.js??ruleSet[1].rules[0].use[0]!/data00/home/jinzhixin/projects/rspack-bench/results/noop-loader-2026-09-11T04-04-10-528Z-15/fixture/module-00315.js',
      moduleName: './module-00315.js'
    },
    {
      message: '  × Module build failed (from ../../../node_modules/.pnpm/babel-loader@10.1.1_@babel+core@7.29.7_@rspack+core@..+.codex+worktrees+a77f+rspack+packages+rspack/node_modules/babel-loader/lib/index.js):\n' +
        '  ╰─▶   × Error: The original reference that WeakReference<rspack_binding_api::compilation::JsCompilation> is pointing to is dropped\n' +
        '        │     at file:///data00/home/jinzhixin/.codex/worktrees/a77f/rspack/packages/rspack/dist/worker.js:3902:69\n' +
        '        │     at runWorkerLoop (file:///data00/home/jinzhixin/.codex/worktrees/a77f/rspack/packages/rspack/dist/worker.js:3906:18)\n' +
        '      \n',
      code: 'ModuleBuildError',
      moduleIdentifier: '/data00/home/jinzhixin/projects/rspack-bench/node_modules/.pnpm/babel-loader@10.1.1_@babel+core@7.29.7_@rspack+core@..+.codex+worktrees+a77f+rspack+packages+rspack/node_modules/babel-loader/lib/index.js??ruleSet[1].rules[0].use[0]!/data00/home/jinzhixin/projects/rspack-bench/results/noop-loader-2026-09-11T04-04-10-528Z-15/fixture/module-00388.js',
      moduleName: './module-00388.js'
    },
    {
      message: '  × Module build failed (from ../../../node_modules/.pnpm/babel-loader@10.1.1_@babel+core@7.29.7_@rspack+core@..+.codex+worktrees+a77f+rspack+packages+rspack/node_modules/babel-loader/lib/index.js):\n' +
        '  ╰─▶   × Error: The original reference that WeakReference<rspack_binding_api::compilation::JsCompilation> is pointing to is dropped\n' +
        '        │     at file:///data00/home/jinzhixin/.codex/worktrees/a77f/rspack/packages/rspack/dist/worker.js:3902:69\n' +
        '        │     at runWorkerLoop (file:///data00/home/jinzhixin/.codex/worktrees/a77f/rspack/packages/rspack/dist/worker.js:3906:18)\n' +
        '      \n',
      code: 'ModuleBuildError',
      moduleIdentifier: '/data00/home/jinzhixin/projects/rspack-bench/node_modules/.pnpm/babel-loader@10.1.1_@babel+core@7.29.7_@rspack+core@..+.codex+worktrees+a77f+rspack+packages+rspack/node_modules/babel-loader/lib/index.js??ruleSet[1].rules[0].use[0]!/data00/home/jinzhixin/projects/rspack-bench/results/noop-loader-2026-09-11T04-04-10-528Z-15/fixture/module-00394.js',
      moduleName: './module-00394.js'
    },
    {
      message: '  × Module build failed (from ../../../node_modules/.pnpm/babel-loader@10.1.1_@babel+core@7.29.7_@rspack+core@..+.codex+worktrees+a77f+rspack+packages+rspack/node_modules/babel-loader/lib/index.js):\n' +
        '  ╰─▶   × Error: The original reference that WeakReference<rspack_binding_api::compilation::JsCompilation> is pointing to is dropped\n' +
        '        │     at file:///data00/home/jinzhixin/.codex/worktrees/a77f/rspack/packages/rspack/dist/worker.js:3902:69\n' +
        '        │     at runWorkerLoop (file:///data00/home/jinzhixin/.codex/worktrees/a77f/rspack/packages/rspack/dist/worker.js:3906:18)\n' +
        '      \n',
      code: 'ModuleBuildError',
      moduleIdentifier: '/data00/home/jinzhixin/projects/rspack-bench/node_modules/.pnpm/babel-loader@10.1.1_@babel+core@7.29.7_@rspack+core@..+.codex+worktrees+a77f+rspack+packages+rspack/node_modules/babel-loader/lib/index.js??ruleSet[1].rules[0].use[0]!/data00/home/jinzhixin/projects/rspack-bench/results/noop-loader-2026-09-11T04-04-10-528Z-15/fixture/module-00397.js',
      moduleName: './module-00397.js'
    },
    {
      message: '  × Module build failed (from ../../../node_modules/.pnpm/babel-loader@10.1.1_@babel+core@7.29.7_@rspack+core@..+.codex+worktrees+a77f+rspack+packages+rspack/node_modules/babel-loader/lib/index.js):\n' +
        '  ╰─▶   × Error: The original reference that WeakReference<rspack_binding_api::compilation::JsCompilation> is pointing to is dropped\n' +
        '        │     at file:///data00/home/jinzhixin/.codex/worktrees/a77f/rspack/packages/rspack/dist/worker.js:3902:69\n' +
        '        │     at runWorkerLoop (file:///data00/home/jinzhixin/.codex/worktrees/a77f/rspack/packages/rspack/dist/worker.js:3906:18)\n' +
        '      \n',
      code: 'ModuleBuildError',
      moduleIdentifier: '/data00/home/jinzhixin/projects/rspack-bench/node_modules/.pnpm/babel-loader@10.1.1_@babel+core@7.29.7_@rspack+core@..+.codex+worktrees+a77f+rspack+packages+rspack/node_modules/babel-loader/lib/index.js??ruleSet[1].rules[0].use[0]!/data00/home/jinzhixin/projects/rspack-bench/results/noop-loader-2026-09-11T04-04-10-528Z-15/fixture/module-00443.js',
      moduleName: './module-00443.js'
    },
    {
      message: '  × Module build failed (from ../../../node_modules/.pnpm/babel-loader@10.1.1_@babel+core@7.29.7_@rspack+core@..+.codex+worktrees+a77f+rspack+packages+rspack/node_modules/babel-loader/lib/index.js):\n' +
        '  ╰─▶   × Error: The original reference that WeakReference<rspack_binding_api::compilation::JsCompilation> is pointing to is dropped\n' +
        '        │     at file:///data00/home/jinzhixin/.codex/worktrees/a77f/rspack/packages/rspack/dist/worker.js:3902:69\n' +
        '        │     at runWorkerLoop (file:///data00/home/jinzhixin/.codex/worktrees/a77f/rspack/packages/rspack/dist/worker.js:3906:18)\n' +
        '      \n',
      code: 'ModuleBuildError',
      moduleIdentifier: '/data00/home/jinzhixin/projects/rspack-bench/node_modules/.pnpm/babel-loader@10.1.1_@babel+core@7.29.7_@rspack+core@..+.codex+worktrees+a77f+rspack+packages+rspack/node_modules/babel-loader/lib/index.js??ruleSet[1].rules[0].use[0]!/data00/home/jinzhixin/projects/rspack-bench/results/noop-loader-2026-09-11T04-04-10-528Z-15/fixture/module-00471.js',
      moduleName: './module-00471.js'
    },
    {
      message: '  × Module build failed (from ../../../node_modules/.pnpm/babel-loader@10.1.1_@babel+core@7.29.7_@rspack+core@..+.codex+worktrees+a77f+rspack+packages+rspack/node_modules/babel-loader/lib/index.js):\n' +
        '  ╰─▶   × Error: The original reference that WeakReference<rspack_binding_api::compilation::JsCompilation> is pointing to is dropped\n' +
        '        │     at file:///data00/home/jinzhixin/.codex/worktrees/a77f/rspack/packages/rspack/dist/worker.js:3902:69\n' +
        '        │     at runWorkerLoop (file:///data00/home/jinzhixin/.codex/worktrees/a77f/rspack/packages/rspack/dist/worker.js:3906:18)\n' +
        '      \n',
      code: 'ModuleBuildError',
      moduleIdentifier: '/data00/home/jinzhixin/projects/rspack-bench/node_modules/.pnpm/babel-loader@10.1.1_@babel+core@7.29.7_@rspack+core@..+.codex+worktrees+a77f+rspack+packages+rspack/node_modules/babel-loader/lib/index.js??ruleSet[1].rules[0].use[0]!/data00/home/jinzhixin/projects/rspack-bench/results/noop-loader-2026-09-11T04-04-10-528Z-15/fixture/module-00516.js',
      moduleName: './module-00516.js'
    },
    {
      message: '  × Module build failed (from ../../../node_modules/.pnpm/babel-loader@10.1.1_@babel+core@7.29.7_@rspack+core@..+.codex+worktrees+a77f+rspack+packages+rspack/node_modules/babel-loader/lib/index.js):\n' +
        '  ╰─▶   × Error: The original reference that WeakReference<rspack_binding_api::compilation::JsCompilation> is pointing to is dropped\n' +
        '        │     at file:///data00/home/jinzhixin/.codex/worktrees/a77f/rspack/packages/rspack/dist/worker.js:3902:69\n' +
        '        │     at runWorkerLoop (file:///data00/home/jinzhixin/.codex/worktrees/a77f/rspack/packages/rspack/dist/worker.js:3906:18)\n' +
        '      \n',
      code: 'ModuleBuildError',
      moduleIdentifier: '/data00/home/jinzhixin/projects/rspack-bench/node_modules/.pnpm/babel-loader@10.1.1_@babel+core@7.29.7_@rspack+core@..+.codex+worktrees+a77f+rspack+packages+rspack/node_modules/babel-loader/lib/index.js??ruleSet[1].rules[0].use[0]!/data00/home/jinzhixin/projects/rspack-bench/results/noop-loader-2026-09-11T04-04-10-528Z-15/fixture/module-00545.js',
      moduleName: './module-00545.js'
    },
    {
      message: '  × Module build failed (from ../../../node_modules/.pnpm/babel-loader@10.1.1_@babel+core@7.29.7_@rspack+core@..+.codex+worktrees+a77f+rspack+packages+rspack/node_modules/babel-loader/lib/index.js):\n' +
        '  ╰─▶   × Error: The original reference that WeakReference<rspack_binding_api::compilation::JsCompilation> is pointing to is dropped\n' +
        '        │     at file:///data00/home/jinzhixin/.codex/worktrees/a77f/rspack/packages/rspack/dist/worker.js:3902:69\n' +
        '        │     at runWorkerLoop (file:///data00/home/jinzhixin/.codex/worktrees/a77f/rspack/packages/rspack/dist/worker.js:3906:18)\n' +
        '      \n',
      code: 'ModuleBuildError',
      moduleIdentifier: '/data00/home/jinzhixin/projects/rspack-bench/node_modules/.pnpm/babel-loader@10.1.1_@babel+core@7.29.7_@rspack+core@..+.codex+worktrees+a77f+rspack+packages+rspack/node_modules/babel-loader/lib/index.js??ruleSet[1].rules[0].use[0]!/data00/home/jinzhixin/projects/rspack-bench/results/noop-loader-2026-09-11T04-04-10-528Z-15/fixture/module-00546.js',
      moduleName: './module-00546.js'
    },
    {
      message: '  × Module build failed (from ../../../node_modules/.pnpm/babel-loader@10.1.1_@babel+core@7.29.7_@rspack+core@..+.codex+worktrees+a77f+rspack+packages+rspack/node_modules/babel-loader/lib/index.js):\n' +
        '  ╰─▶   × Error: The original reference that WeakReference<rspack_binding_api::compilation::JsCompilation> is pointing to is dropped\n' +
        '        │     at file:///data00/home/jinzhixin/.codex/worktrees/a77f/rspack/packages/rspack/dist/worker.js:3902:69\n' +
        '        │     at runWorkerLoop (file:///data00/home/jinzhixin/.codex/worktrees/a77f/rspack/packages/rspack/dist/worker.js:3906:18)\n' +
        '      \n',
      code: 'ModuleBuildError',
      moduleIdentifier: '/data00/home/jinzhixin/projects/rspack-bench/node_modules/.pnpm/babel-loader@10.1.1_@babel+core@7.29.7_@rspack+core@..+.codex+worktrees+a77f+rspack+packages+rspack/node_modules/babel-loader/lib/index.js??ruleSet[1].rules[0].use[0]!/data00/home/jinzhixin/projects/rspack-bench/results/noop-loader-2026-09-11T04-04-10-528Z-15/fixture/module-00547.js',
      moduleName: './module-00547.js'
    },
    {
      message: '  × Module build failed (from ../../../node_modules/.pnpm/babel-loader@10.1.1_@babel+core@7.29.7_@rspack+core@..+.codex+worktrees+a77f+rspack+packages+rspack/node_modules/babel-loader/lib/index.js):\n' +
        '  ╰─▶   × Error: The original reference that WeakReference<rspack_binding_api::compilation::JsCompilation> is pointing to is dropped\n' +
        '        │     at file:///data00/home/jinzhixin/.codex/worktrees/a77f/rspack/packages/rspack/dist/worker.js:3902:69\n' +
        '        │     at runWorkerLoop (file:///data00/home/jinzhixin/.codex/worktrees/a77f/rspack/packages/rspack/dist/worker.js:3906:18)\n' +
        '      \n',
      code: 'ModuleBuildError',
      moduleIdentifier: '/data00/home/jinzhixin/projects/rspack-bench/node_modules/.pnpm/babel-loader@10.1.1_@babel+core@7.29.7_@rspack+core@..+.codex+worktrees+a77f+rspack+packages+rspack/node_modules/babel-loader/lib/index.js??ruleSet[1].rules[0].use[0]!/data00/home/jinzhixin/projects/rspack-bench/results/noop-loader-2026-09-11T04-04-10-528Z-15/fixture/module-00548.js',
      moduleName: './module-00548.js'
    },
    {
      message: '  × Module build failed (from ../../../node_modules/.pnpm/babel-loader@10.1.1_@babel+core@7.29.7_@rspack+core@..+.codex+worktrees+a77f+rspack+packages+rspack/node_modules/babel-loader/lib/index.js):\n' +
        '  ╰─▶   × Error: The original reference that WeakReference<rspack_binding_api::compilation::JsCompilation> is pointing to is dropped\n' +
        '        │     at file:///data00/home/jinzhixin/.codex/worktrees/a77f/rspack/packages/rspack/dist/worker.js:3902:69\n' +
        '        │     at runWorkerLoop (file:///data00/home/jinzhixin/.codex/worktrees/a77f/rspack/packages/rspack/dist/worker.js:3906:18)\n' +
        '      \n',
      code: 'ModuleBuildError',
      moduleIdentifier: '/data00/home/jinzhixin/projects/rspack-bench/node_modules/.pnpm/babel-loader@10.1.1_@babel+core@7.29.7_@rspack+core@..+.codex+worktrees+a77f+rspack+packages+rspack/node_modules/babel-loader/lib/index.js??ruleSet[1].rules[0].use[0]!/data00/home/jinzhixin/projects/rspack-bench/results/noop-loader-2026-09-11T04-04-10-528Z-15/fixture/module-00565.js',
      moduleName: './module-00565.js'
    },
    {
      message: '  × Module build failed (from ../../../node_modules/.pnpm/babel-loader@10.1.1_@babel+core@7.29.7_@rspack+core@..+.codex+worktrees+a77f+rspack+packages+rspack/node_modules/babel-loader/lib/index.js):\n' +
        '  ╰─▶   × Error: The original reference that WeakReference<rspack_binding_api::compilation::JsCompilation> is pointing to is dropped\n' +
        '        │     at file:///data00/home/jinzhixin/.codex/worktrees/a77f/rspack/packages/rspack/dist/worker.js:3902:69\n' +
        '        │     at runWorkerLoop (file:///data00/home/jinzhixin/.codex/worktrees/a77f/rspack/packages/rspack/dist/worker.js:3906:18)\n' +
        '      \n',
      code: 'ModuleBuildError',
      moduleIdentifier: '/data00/home/jinzhixin/projects/rspack-bench/node_modules/.pnpm/babel-loader@10.1.1_@babel+core@7.29.7_@rspack+core@..+.codex+worktrees+a77f+rspack+packages+rspack/node_modules/babel-loader/lib/index.js??ruleSet[1].rules[0].use[0]!/data00/home/jinzhixin/projects/rspack-bench/results/noop-loader-2026-09-11T04-04-10-528Z-15/fixture/module-00592.js',
      moduleName: './module-00592.js'
    },
    {
      message: '  × Module build failed (from ../../../node_modules/.pnpm/babel-loader@10.1.1_@babel+core@7.29.7_@rspack+core@..+.codex+worktrees+a77f+rspack+packages+rspack/node_modules/babel-loader/lib/index.js):\n' +
        '  ╰─▶   × Error: The original reference that WeakReference<rspack_binding_api::compilation::JsCompilation> is pointing to is dropped\n' +
        '        │     at file:///data00/home/jinzhixin/.codex/worktrees/a77f/rspack/packages/rspack/dist/worker.js:3902:69\n' +
        '        │     at runWorkerLoop (file:///data00/home/jinzhixin/.codex/worktrees/a77f/rspack/packages/rspack/dist/worker.js:3906:18)\n' +
        '      \n',
      code: 'ModuleBuildError',
      moduleIdentifier: '/data00/home/jinzhixin/projects/rspack-bench/node_modules/.pnpm/babel-loader@10.1.1_@babel+core@7.29.7_@rspack+core@..+.codex+worktrees+a77f+rspack+packages+rspack/node_modules/babel-loader/lib/index.js??ruleSet[1].rules[0].use[0]!/data00/home/jinzhixin/projects/rspack-bench/results/noop-loader-2026-09-11T04-04-10-528Z-15/fixture/module-00602.js',
      moduleName: './module-00602.js'
    },
    {
      message: '  × Module build failed (from ../../../node_modules/.pnpm/babel-loader@10.1.1_@babel+core@7.29.7_@rspack+core@..+.codex+worktrees+a77f+rspack+packages+rspack/node_modules/babel-loader/lib/index.js):\n' +
        '  ╰─▶   × Error: The original reference that WeakReference<rspack_binding_api::compilation::JsCompilation> is pointing to is dropped\n' +
        '        │     at file:///data00/home/jinzhixin/.codex/worktrees/a77f/rspack/packages/rspack/dist/worker.js:3902:69\n' +
        '        │     at runWorkerLoop (file:///data00/home/jinzhixin/.codex/worktrees/a77f/rspack/packages/rspack/dist/worker.js:3906:18)\n' +
        '      \n',
      code: 'ModuleBuildError',
      moduleIdentifier: '/data00/home/jinzhixin/projects/rspack-bench/node_modules/.pnpm/babel-loader@10.1.1_@babel+core@7.29.7_@rspack+core@..+.codex+worktrees+a77f+rspack+packages+rspack/node_modules/babel-loader/lib/index.js??ruleSet[1].rules[0].use[0]!/data00/home/jinzhixin/projects/rspack-bench/results/noop-loader-2026-09-11T04-04-10-528Z-15/fixture/module-00665.js',
      moduleName: './module-00665.js'
    },
    {
      message: '  × Module build failed (from ../../../node_modules/.pnpm/babel-loader@10.1.1_@babel+core@7.29.7_@rspack+core@..+.codex+worktrees+a77f+rspack+packages+rspack/node_modules/babel-loader/lib/index.js):\n' +
        '  ╰─▶   × Error: The original reference that WeakReference<rspack_binding_api::compilation::JsCompilation> is pointing to is dropped\n' +
        '        │     at file:///data00/home/jinzhixin/.codex/worktrees/a77f/rspack/packages/rspack/dist/worker.js:3902:69\n' +
        '        │     at runWorkerLoop (file:///data00/home/jinzhixin/.codex/worktrees/a77f/rspack/packages/rspack/dist/worker.js:3906:18)\n' +
        '      \n',
      code: 'ModuleBuildError',
      moduleIdentifier: '/data00/home/jinzhixin/projects/rspack-bench/node_modules/.pnpm/babel-loader@10.1.1_@babel+core@7.29.7_@rspack+core@..+.codex+worktrees+a77f+rspack+packages+rspack/node_modules/babel-loader/lib/index.js??ruleSet[1].rules[0].use[0]!/data00/home/jinzhixin/projects/rspack-bench/results/noop-loader-2026-09-11T04-04-10-528Z-15/fixture/module-00666.js',
      moduleName: './module-00666.js'
    },
    {
      message: '  × Module build failed (from ../../../node_modules/.pnpm/babel-loader@10.1.1_@babel+core@7.29.7_@rspack+core@..+.codex+worktrees+a77f+rspack+packages+rspack/node_modules/babel-loader/lib/index.js):\n' +
        '  ╰─▶   × Error: The original reference that WeakReference<rspack_binding_api::compilation::JsCompilation> is pointing to is dropped\n' +
        '        │     at file:///data00/home/jinzhixin/.codex/worktrees/a77f/rspack/packages/rspack/dist/worker.js:3902:69\n' +
        '        │     at runWorkerLoop (file:///data00/home/jinzhixin/.codex/worktrees/a77f/rspack/packages/rspack/dist/worker.js:3906:18)\n' +
        '      \n',
      code: 'ModuleBuildError',
      moduleIdentifier: '/data00/home/jinzhixin/projects/rspack-bench/node_modules/.pnpm/babel-loader@10.1.1_@babel+core@7.29.7_@rspack+core@..+.codex+worktrees+a77f+rspack+packages+rspack/node_modules/babel-loader/lib/index.js??ruleSet[1].rules[0].use[0]!/data00/home/jinzhixin/projects/rspack-bench/results/noop-loader-2026-09-11T04-04-10-528Z-15/fixture/module-00780.js',
      moduleName: './module-00780.js'
    },
    {
      message: '  × Module build failed (from ../../../node_modules/.pnpm/babel-loader@10.1.1_@babel+core@7.29.7_@rspack+core@..+.codex+worktrees+a77f+rspack+packages+rspack/node_modules/babel-loader/lib/index.js):\n' +
        '  ╰─▶   × Error: The original reference that WeakReference<rspack_binding_api::compilation::JsCompilation> is pointing to is dropped\n' +
        '        │     at file:///data00/home/jinzhixin/.codex/worktrees/a77f/rspack/packages/rspack/dist/worker.js:3902:69\n' +
        '        │     at runWorkerLoop (file:///data00/home/jinzhixin/.codex/worktrees/a77f/rspack/packages/rspack/dist/worker.js:3906:18)\n' +
        '      \n',
      code: 'ModuleBuildError',
      moduleIdentifier: '/data00/home/jinzhixin/projects/rspack-bench/node_modules/.pnpm/babel-loader@10.1.1_@babel+core@7.29.7_@rspack+core@..+.codex+worktrees+a77f+rspack+packages+rspack/node_modules/babel-loader/lib/index.js??ruleSet[1].rules[0].use[0]!/data00/home/jinzhixin/projects/rspack-bench/results/noop-loader-2026-09-11T04-04-10-528Z-15/fixture/module-00794.js',
      moduleName: './module-00794.js'
    },
    {
      message: '  × Module build failed (from ../../../node_modules/.pnpm/babel-loader@10.1.1_@babel+core@7.29.7_@rspack+core@..+.codex+worktrees+a77f+rspack+packages+rspack/node_modules/babel-loader/lib/index.js):\n' +
        '  ╰─▶   × Error: The original reference that WeakReference<rspack_binding_api::compilation::JsCompilation> is pointing to is dropped\n' +
        '        │     at file:///data00/home/jinzhixin/.codex/worktrees/a77f/rspack/packages/rspack/dist/worker.js:3902:69\n' +
        '        │     at runWorkerLoop (file:///data00/home/jinzhixin/.codex/worktrees/a77f/rspack/packages/rspack/dist/worker.js:3906:18)\n' +
        '      \n',
      code: 'ModuleBuildError',
      moduleIdentifier: '/data00/home/jinzhixin/projects/rspack-bench/node_modules/.pnpm/babel-loader@10.1.1_@babel+core@7.29.7_@rspack+core@..+.codex+worktrees+a77f+rspack+packages+rspack/node_modules/babel-loader/lib/index.js??ruleSet[1].rules[0].use[0]!/data00/home/jinzhixin/projects/rspack-bench/results/noop-loader-2026-09-11T04-04-10-528Z-15/fixture/module-00805.js',
      moduleName: './module-00805.js'
    },
    {
      message: '  × Module build failed (from ../../../node_modules/.pnpm/babel-loader@10.1.1_@babel+core@7.29.7_@rspack+core@..+.codex+worktrees+a77f+rspack+packages+rspack/node_modules/babel-loader/lib/index.js):\n' +
        '  ╰─▶   × Error: The original reference that WeakReference<rspack_binding_api::compilation::JsCompilation> is pointing to is dropped\n' +
        '        │     at file:///data00/home/jinzhixin/.codex/worktrees/a77f/rspack/packages/rspack/dist/worker.js:3902:69\n' +
        '        │     at runWorkerLoop (file:///data00/home/jinzhixin/.codex/worktrees/a77f/rspack/packages/rspack/dist/worker.js:3906:18)\n' +
        '      \n',
      code: 'ModuleBuildError',
      moduleIdentifier: '/data00/home/jinzhixin/projects/rspack-bench/node_modules/.pnpm/babel-loader@10.1.1_@babel+core@7.29.7_@rspack+core@..+.codex+worktrees+a77f+rspack+packages+rspack/node_modules/babel-loader/lib/index.js??ruleSet[1].rules[0].use[0]!/data00/home/jinzhixin/projects/rspack-bench/results/noop-loader-2026-09-11T04-04-10-528Z-15/fixture/module-00812.js',
      moduleName: './module-00812.js'
    },
    {
      message: '  × Module build failed (from ../../../node_modules/.pnpm/babel-loader@10.1.1_@babel+core@7.29.7_@rspack+core@..+.codex+worktrees+a77f+rspack+packages+rspack/node_modules/babel-loader/lib/index.js):\n' +
        '  ╰─▶   × Error: The original reference that WeakReference<rspack_binding_api::compilation::JsCompilation> is pointing to is dropped\n' +
        '        │     at file:///data00/home/jinzhixin/.codex/worktrees/a77f/rspack/packages/rspack/dist/worker.js:3902:69\n' +
        '        │     at runWorkerLoop (file:///data00/home/jinzhixin/.codex/worktrees/a77f/rspack/packages/rspack/dist/worker.js:3906:18)\n' +
        '      \n',
      code: 'ModuleBuildError',
      moduleIdentifier: '/data00/home/jinzhixin/projects/rspack-bench/node_modules/.pnpm/babel-loader@10.1.1_@babel+core@7.29.7_@rspack+core@..+.codex+worktrees+a77f+rspack+packages+rspack/node_modules/babel-loader/lib/index.js??ruleSet[1].rules[0].use[0]!/data00/home/jinzhixin/projects/rspack-bench/results/noop-loader-2026-09-11T04-04-10-528Z-15/fixture/module-00832.js',
      moduleName: './module-00832.js'
    },
    {
      message: '  × Module build failed (from ../../../node_modules/.pnpm/babel-loader@10.1.1_@babel+core@7.29.7_@rspack+core@..+.codex+worktrees+a77f+rspack+packages+rspack/node_modules/babel-loader/lib/index.js):\n' +
        '  ╰─▶   × Error: The original reference that WeakReference<rspack_binding_api::compilation::JsCompilation> is pointing to is dropped\n' +
        '        │     at file:///data00/home/jinzhixin/.codex/worktrees/a77f/rspack/packages/rspack/dist/worker.js:3902:69\n' +
        '        │     at runWorkerLoop (file:///data00/home/jinzhixin/.codex/worktrees/a77f/rspack/packages/rspack/dist/worker.js:3906:18)\n' +
        '      \n',
      code: 'ModuleBuildError',
      moduleIdentifier: '/data00/home/jinzhixin/projects/rspack-bench/node_modules/.pnpm/babel-loader@10.1.1_@babel+core@7.29.7_@rspack+core@..+.codex+worktrees+a77f+rspack+packages+rspack/node_modules/babel-loader/lib/index.js??ruleSet[1].rules[0].use[0]!/data00/home/jinzhixin/projects/rspack-bench/results/noop-loader-2026-09-11T04-04-10-528Z-15/fixture/module-00838.js',
      moduleName: './module-00838.js'
    },
    {
      message: '  × Module build failed (from ../../../node_modules/.pnpm/babel-loader@10.1.1_@babel+core@7.29.7_@rspack+core@..+.codex+worktrees+a77f+rspack+packages+rspack/node_modules/babel-loader/lib/index.js):\n' +
        '  ╰─▶   × Error: The original reference that WeakReference<rspack_binding_api::compilation::JsCompilation> is pointing to is dropped\n' +
        '        │     at file:///data00/home/jinzhixin/.codex/worktrees/a77f/rspack/packages/rspack/dist/worker.js:3902:69\n' +
        '        │     at runWorkerLoop (file:///data00/home/jinzhixin/.codex/worktrees/a77f/rspack/packages/rspack/dist/worker.js:3906:18)\n' +
        '      \n',
      code: 'ModuleBuildError',
      moduleIdentifier: '/data00/home/jinzhixin/projects/rspack-bench/node_modules/.pnpm/babel-loader@10.1.1_@babel+core@7.29.7_@rspack+core@..+.codex+worktrees+a77f+rspack+packages+rspack/node_modules/babel-loader/lib/index.js??ruleSet[1].rules[0].use[0]!/data00/home/jinzhixin/projects/rspack-bench/results/noop-loader-2026-09-11T04-04-10-528Z-15/fixture/module-00855.js',
      moduleName: './module-00855.js'
    },
    {
      message: '  × Module build failed (from ../../../node_modules/.pnpm/babel-loader@10.1.1_@babel+core@7.29.7_@rspack+core@..+.codex+worktrees+a77f+rspack+packages+rspack/node_modules/babel-loader/lib/index.js):\n' +
        '  ╰─▶   × Error: The original reference that WeakReference<rspack_binding_api::compilation::JsCompilation> is pointing to is dropped\n' +
        '        │     at file:///data00/home/jinzhixin/.codex/worktrees/a77f/rspack/packages/rspack/dist/worker.js:3902:69\n' +
        '        │     at runWorkerLoop (file:///data00/home/jinzhixin/.codex/worktrees/a77f/rspack/packages/rspack/dist/worker.js:3906:18)\n' +
        '      \n',
      code: 'ModuleBuildError',
      moduleIdentifier: '/data00/home/jinzhixin/projects/rspack-bench/node_modules/.pnpm/babel-loader@10.1.1_@babel+core@7.29.7_@rspack+core@..+.codex+worktrees+a77f+rspack+packages+rspack/node_modules/babel-loader/lib/index.js??ruleSet[1].rules[0].use[0]!/data00/home/jinzhixin/projects/rspack-bench/results/noop-loader-2026-09-11T04-04-10-528Z-15/fixture/module-00862.js',
      moduleName: './module-00862.js'
    },
    {
      message: '  × Module build failed (from ../../../node_modules/.pnpm/babel-loader@10.1.1_@babel+core@7.29.7_@rspack+core@..+.codex+worktrees+a77f+rspack+packages+rspack/node_modules/babel-loader/lib/index.js):\n' +
        '  ╰─▶   × Error: The original reference that WeakReference<rspack_binding_api::compilation::JsCompilation> is pointing to is dropped\n' +
        '        │     at file:///data00/home/jinzhixin/.codex/worktrees/a77f/rspack/packages/rspack/dist/worker.js:3902:69\n' +
        '        │     at runWorkerLoop (file:///data00/home/jinzhixin/.codex/worktrees/a77f/rspack/packages/rspack/dist/worker.js:3906:18)\n' +
        '      \n',
      code: 'ModuleBuildError',
      moduleIdentifier: '/data00/home/jinzhixin/projects/rspack-bench/node_modules/.pnpm/babel-loader@10.1.1_@babel+core@7.29.7_@rspack+core@..+.codex+worktrees+a77f+rspack+packages+rspack/node_modules/babel-loader/lib/index.js??ruleSet[1].rules[0].use[0]!/data00/home/jinzhixin/projects/rspack-bench/results/noop-loader-2026-09-11T04-04-10-528Z-15/fixture/module-00874.js',
      moduleName: './module-00874.js'
    },
    {
      message: '  × Module build failed (from ../../../node_modules/.pnpm/babel-loader@10.1.1_@babel+core@7.29.7_@rspack+core@..+.codex+worktrees+a77f+rspack+packages+rspack/node_modules/babel-loader/lib/index.js):\n' +
        '  ╰─▶   × Error: The original reference that WeakReference<rspack_binding_api::compilation::JsCompilation> is pointing to is dropped\n' +
        '        │     at file:///data00/home/jinzhixin/.codex/worktrees/a77f/rspack/packages/rspack/dist/worker.js:3902:69\n' +
        '        │     at runWorkerLoop (file:///data00/home/jinzhixin/.codex/worktrees/a77f/rspack/packages/rspack/dist/worker.js:3906:18)\n' +
        '      \n',
      code: 'ModuleBuildError',
      moduleIdentifier: '/data00/home/jinzhixin/projects/rspack-bench/node_modules/.pnpm/babel-loader@10.1.1_@babel+core@7.29.7_@rspack+core@..+.codex+worktrees+a77f+rspack+packages+rspack/node_modules/babel-loader/lib/index.js??ruleSet[1].rules[0].use[0]!/data00/home/jinzhixin/projects/rspack-bench/results/noop-loader-2026-09-11T04-04-10-528Z-15/fixture/module-00931.js',
      moduleName: './module-00931.js'
    },
    {
      message: '  × Module build failed (from ../../../node_modules/.pnpm/babel-loader@10.1.1_@babel+core@7.29.7_@rspack+core@..+.codex+worktrees+a77f+rspack+packages+rspack/node_modules/babel-loader/lib/index.js):\n' +
        '  ╰─▶   × Error: The original reference that WeakReference<rspack_binding_api::compilation::JsCompilation> is pointing to is dropped\n' +
        '        │     at file:///data00/home/jinzhixin/.codex/worktrees/a77f/rspack/packages/rspack/dist/worker.js:3902:69\n' +
        '        │     at runWorkerLoop (file:///data00/home/jinzhixin/.codex/worktrees/a77f/rspack/packages/rspack/dist/worker.js:3906:18)\n' +
        '      \n',
      code: 'ModuleBuildError',
      moduleIdentifier: '/data00/home/jinzhixin/projects/rspack-bench/node_modules/.pnpm/babel-loader@10.1.1_@babel+core@7.29.7_@rspack+core@..+.codex+worktrees+a77f+rspack+packages+rspack/node_modules/babel-loader/lib/index.js??ruleSet[1].rules[0].use[0]!/data00/home/jinzhixin/projects/rspack-bench/results/noop-loader-2026-09-11T04-04-10-528Z-15/fixture/module-00948.js',
      moduleName: './module-00948.js'
    },
    {
      message: '  × Module build failed (from ../../../node_modules/.pnpm/babel-loader@10.1.1_@babel+core@7.29.7_@rspack+core@..+.codex+worktrees+a77f+rspack+packages+rspack/node_modules/babel-loader/lib/index.js):\n' +
        '  ╰─▶   × Error: The original reference that WeakReference<rspack_binding_api::compilation::JsCompilation> is pointing to is dropped\n' +
        '        │     at file:///data00/home/jinzhixin/.codex/worktrees/a77f/rspack/packages/rspack/dist/worker.js:3902:69\n' +
        '        │     at runWorkerLoop (file:///data00/home/jinzhixin/.codex/worktrees/a77f/rspack/packages/rspack/dist/worker.js:3906:18)\n' +
        '      \n',
      code: 'ModuleBuildError',
      moduleIdentifier: '/data00/home/jinzhixin/projects/rspack-bench/node_modules/.pnpm/babel-loader@10.1.1_@babel+core@7.29.7_@rspack+core@..+.codex+worktrees+a77f+rspack+packages+rspack/node_modules/babel-loader/lib/index.js??ruleSet[1].rules[0].use[0]!/data00/home/jinzhixin/projects/rspack-bench/results/noop-loader-2026-09-11T04-04-10-528Z-15/fixture/module-00970.js',
      moduleName: './module-00970.js'
    },
    {
      message: '  × Module build failed (from ../../../node_modules/.pnpm/babel-loader@10.1.1_@babel+core@7.29.7_@rspack+core@..+.codex+worktrees+a77f+rspack+packages+rspack/node_modules/babel-loader/lib/index.js):\n' +
        '  ╰─▶   × Error: The original reference that WeakReference<rspack_binding_api::compilation::JsCompilation> is pointing to is dropped\n' +
        '        │     at file:///data00/home/jinzhixin/.codex/worktrees/a77f/rspack/packages/rspack/dist/worker.js:3902:69\n' +
        '        │     at runWorkerLoop (file:///data00/home/jinzhixin/.codex/worktrees/a77f/rspack/packages/rspack/dist/worker.js:3906:18)\n' +
        '      \n',
      code: 'ModuleBuildError',
      moduleIdentifier: '/data00/home/jinzhixin/projects/rspack-bench/node_modules/.pnpm/babel-loader@10.1.1_@babel+core@7.29.7_@rspack+core@..+.codex+worktrees+a77f+rspack+packages+rspack/node_modules/babel-loader/lib/index.js??ruleSet[1].rules[0].use[0]!/data00/home/jinzhixin/projects/rspack-bench/results/noop-loader-2026-09-11T04-04-10-528Z-15/fixture/module-00974.js',
      moduleName: './module-00974.js'
    },
    {
      message: '  × Module build failed (from ../../../node_modules/.pnpm/babel-loader@10.1.1_@babel+core@7.29.7_@rspack+core@..+.codex+worktrees+a77f+rspack+packages+rspack/node_modules/babel-loader/lib/index.js):\n' +
        '  ╰─▶   × Error: The original reference that WeakReference<rspack_binding_api::compilation::JsCompilation> is pointing to is dropped\n' +
        '        │     at file:///data00/home/jinzhixin/.codex/worktrees/a77f/rspack/packages/rspack/dist/worker.js:3902:69\n' +
        '        │     at runWorkerLoop (file:///data00/home/jinzhixin/.codex/worktrees/a77f/rspack/packages/rspack/dist/worker.js:3906:18)\n' +
        '      \n',
      code: 'ModuleBuildError',
      moduleIdentifier: '/data00/home/jinzhixin/projects/rspack-bench/node_modules/.pnpm/babel-loader@10.1.1_@babel+core@7.29.7_@rspack+core@..+.codex+worktrees+a77f+rspack+packages+rspack/node_modules/babel-loader/lib/index.js??ruleSet[1].rules[0].use[0]!/data00/home/jinzhixin/projects/rspack-bench/results/noop-loader-2026-09-11T04-04-10-528Z-15/fixture/module-01017.js',
      moduleName: './module-01017.js'
    },
    {
      message: '  × Module build failed (from ../../../node_modules/.pnpm/babel-loader@10.1.1_@babel+core@7.29.7_@rspack+core@..+.codex+worktrees+a77f+rspack+packages+rspack/node_modules/babel-loader/lib/index.js):\n' +
        '  ╰─▶   × Error: The original reference that WeakReference<rspack_binding_api::compilation::JsCompilation> is pointing to is dropped\n' +
        '        │     at file:///data00/home/jinzhixin/.codex/worktrees/a77f/rspack/packages/rspack/dist/worker.js:3902:69\n' +
        '        │     at runWorkerLoop (file:///data00/home/jinzhixin/.codex/worktrees/a77f/rspack/packages/rspack/dist/worker.js:3906:18)\n' +
        '      \n',
      code: 'ModuleBuildError',
      moduleIdentifier: '/data00/home/jinzhixin/projects/rspack-bench/node_modules/.pnpm/babel-loader@10.1.1_@babel+core@7.29.7_@rspack+core@..+.codex+worktrees+a77f+rspack+packages+rspack/node_modules/babel-loader/lib/index.js??ruleSet[1].rules[0].use[0]!/data00/home/jinzhixin/projects/rspack-bench/results/noop-loader-2026-09-11T04-04-10-528Z-15/fixture/module-01018.js',
      moduleName: './module-01018.js'
    },
    {
      message: '  × Module build failed (from ../../../node_modules/.pnpm/babel-loader@10.1.1_@babel+core@7.29.7_@rspack+core@..+.codex+worktrees+a77f+rspack+packages+rspack/node_modules/babel-loader/lib/index.js):\n' +
        '  ╰─▶   × Error: The original reference that WeakReference<rspack_binding_api::compilation::JsCompilation> is pointing to is dropped\n' +
        '        │     at file:///data00/home/jinzhixin/.codex/worktrees/a77f/rspack/packages/rspack/dist/worker.js:3902:69\n' +
        '        │     at runWorkerLoop (file:///data00/home/jinzhixin/.codex/worktrees/a77f/rspack/packages/rspack/dist/worker.js:3906:18)\n' +
        '      \n',
      code: 'ModuleBuildError',
      moduleIdentifier: '/data00/home/jinzhixin/projects/rspack-bench/node_modules/.pnpm/babel-loader@10.1.1_@babel+core@7.29.7_@rspack+core@..+.codex+worktrees+a77f+rspack+packages+rspack/node_modules/babel-loader/lib/index.js??ruleSet[1].rules[0].use[0]!/data00/home/jinzhixin/projects/rspack-bench/results/noop-loader-2026-09-11T04-04-10-528Z-15/fixture/module-01050.js',
      moduleName: './module-01050.js'
    },
    {
      message: '  × Module build failed (from ../../../node_modules/.pnpm/babel-loader@10.1.1_@babel+core@7.29.7_@rspack+core@..+.codex+worktrees+a77f+rspack+packages+rspack/node_modules/babel-loader/lib/index.js):\n' +
        '  ╰─▶   × Error: The original reference that WeakReference<rspack_binding_api::compilation::JsCompilation> is pointing to is dropped\n' +
        '        │     at file:///data00/home/jinzhixin/.codex/worktrees/a77f/rspack/packages/rspack/dist/worker.js:3902:69\n' +
        '        │     at runWorkerLoop (file:///data00/home/jinzhixin/.codex/worktrees/a77f/rspack/packages/rspack/dist/worker.js:3906:18)\n' +
        '      \n',
      code: 'ModuleBuildError',
      moduleIdentifier: '/data00/home/jinzhixin/projects/rspack-bench/node_modules/.pnpm/babel-loader@10.1.1_@babel+core@7.29.7_@rspack+core@..+.codex+worktrees+a77f+rspack+packages+rspack/node_modules/babel-loader/lib/index.js??ruleSet[1].rules[0].use[0]!/data00/home/jinzhixin/projects/rspack-bench/results/noop-loader-2026-09-11T04-04-10-528Z-15/fixture/module-01089.js',
      moduleName: './module-01089.js'
    },
    {
      message: '  × Module build failed (from ../../../node_modules/.pnpm/babel-loader@10.1.1_@babel+core@7.29.7_@rspack+core@..+.codex+worktrees+a77f+rspack+packages+rspack/node_modules/babel-loader/lib/index.js):\n' +
        '  ╰─▶   × Error: The original reference that WeakReference<rspack_binding_api::compilation::JsCompilation> is pointing to is dropped\n' +
        '        │     at file:///data00/home/jinzhixin/.codex/worktrees/a77f/rspack/packages/rspack/dist/worker.js:3902:69\n' +
        '        │     at runWorkerLoop (file:///data00/home/jinzhixin/.codex/worktrees/a77f/rspack/packages/rspack/dist/worker.js:3906:18)\n' +
        '      \n',
      code: 'ModuleBuildError',
      moduleIdentifier: '/data00/home/jinzhixin/projects/rspack-bench/node_modules/.pnpm/babel-loader@10.1.1_@babel+core@7.29.7_@rspack+core@..+.codex+worktrees+a77f+rspack+packages+rspack/node_modules/babel-loader/lib/index.js??ruleSet[1].rules[0].use[0]!/data00/home/jinzhixin/projects/rspack-bench/results/noop-loader-2026-09-11T04-04-10-528Z-15/fixture/module-01113.js',
      moduleName: './module-01113.js'
    },
    {
      message: '  × Module build failed (from ../../../node_modules/.pnpm/babel-loader@10.1.1_@babel+core@7.29.7_@rspack+core@..+.codex+worktrees+a77f+rspack+packages+rspack/node_modules/babel-loader/lib/index.js):\n' +
        '  ╰─▶   × Error: The original reference that WeakReference<rspack_binding_api::compilation::JsCompilation> is pointing to is dropped\n' +
        '        │     at file:///data00/home/jinzhixin/.codex/worktrees/a77f/rspack/packages/rspack/dist/worker.js:3902:69\n' +
        '        │     at runWorkerLoop (file:///data00/home/jinzhixin/.codex/worktrees/a77f/rspack/packages/rspack/dist/worker.js:3906:18)\n' +
        '      \n',
      code: 'ModuleBuildError',
      moduleIdentifier: '/data00/home/jinzhixin/projects/rspack-bench/node_modules/.pnpm/babel-loader@10.1.1_@babel+core@7.29.7_@rspack+core@..+.codex+worktrees+a77f+rspack+packages+rspack/node_modules/babel-loader/lib/index.js??ruleSet[1].rules[0].use[0]!/data00/home/jinzhixin/projects/rspack-bench/results/noop-loader-2026-09-11T04-04-10-528Z-15/fixture/module-01114.js',
      moduleName: './module-01114.js'
    },
    {
      message: '  × Module build failed (from ../../../node_modules/.pnpm/babel-loader@10.1.1_@babel+core@7.29.7_@rspack+core@..+.codex+worktrees+a77f+rspack+packages+rspack/node_modules/babel-loader/lib/index.js):\n' +
        '  ╰─▶   × Error: The original reference that WeakReference<rspack_binding_api::compilation::JsCompilation> is pointing to is dropped\n' +
        '        │     at file:///data00/home/jinzhixin/.codex/worktrees/a77f/rspack/packages/rspack/dist/worker.js:3902:69\n' +
        '        │     at runWorkerLoop (file:///data00/home/jinzhixin/.codex/worktrees/a77f/rspack/packages/rspack/dist/worker.js:3906:18)\n' +
        '      \n',
      code: 'ModuleBuildError',
      moduleIdentifier: '/data00/home/jinzhixin/projects/rspack-bench/node_modules/.pnpm/babel-loader@10.1.1_@babel+core@7.29.7_@rspack+core@..+.codex+worktrees+a77f+rspack+packages+rspack/node_modules/babel-loader/lib/index.js??ruleSet[1].rules[0].use[0]!/data00/home/jinzhixin/projects/rspack-bench/results/noop-loader-2026-09-11T04-04-10-528Z-15/fixture/module-01136.js',
      moduleName: './module-01136.js'
    },
    {
      message: '  × Module build failed (from ../../../node_modules/.pnpm/babel-loader@10.1.1_@babel+core@7.29.7_@rspack+core@..+.codex+worktrees+a77f+rspack+packages+rspack/node_modules/babel-loader/lib/index.js):\n' +
        '  ╰─▶   × Error: The original reference that WeakReference<rspack_binding_api::compilation::JsCompilation> is pointing to is dropped\n' +
        '        │     at file:///data00/home/jinzhixin/.codex/worktrees/a77f/rspack/packages/rspack/dist/worker.js:3902:69\n' +
        '        │     at runWorkerLoop (file:///data00/home/jinzhixin/.codex/worktrees/a77f/rspack/packages/rspack/dist/worker.js:3906:18)\n' +
        '      \n',
      code: 'ModuleBuildError',
      moduleIdentifier: '/data00/home/jinzhixin/projects/rspack-bench/node_modules/.pnpm/babel-loader@10.1.1_@babel+core@7.29.7_@rspack+core@..+.codex+worktrees+a77f+rspack+packages+rspack/node_modules/babel-loader/lib/index.js??ruleSet[1].rules[0].use[0]!/data00/home/jinzhixin/projects/rspack-bench/results/noop-loader-2026-09-11T04-04-10-528Z-15/fixture/module-01140.js',
      moduleName: './module-01140.js'
    },
    {
      message: '  × Module build failed (from ../../../node_modules/.pnpm/babel-loader@10.1.1_@babel+core@7.29.7_@rspack+core@..+.codex+worktrees+a77f+rspack+packages+rspack/node_modules/babel-loader/lib/index.js):\n' +
        '  ╰─▶   × Error: The original reference that WeakReference<rspack_binding_api::compilation::JsCompilation> is pointing to is dropped\n' +
        '        │     at file:///data00/home/jinzhixin/.codex/worktrees/a77f/rspack/packages/rspack/dist/worker.js:3902:69\n' +
        '        │     at runWorkerLoop (file:///data00/home/jinzhixin/.codex/worktrees/a77f/rspack/packages/rspack/dist/worker.js:3906:18)\n' +
        '      \n',
      code: 'ModuleBuildError',
      moduleIdentifier: '/data00/home/jinzhixin/projects/rspack-bench/node_modules/.pnpm/babel-loader@10.1.1_@babel+core@7.29.7_@rspack+core@..+.codex+worktrees+a77f+rspack+packages+rspack/node_modules/babel-loader/lib/index.js??ruleSet[1].rules[0].use[0]!/data00/home/jinzhixin/projects/rspack-bench/results/noop-loader-2026-09-11T04-04-10-528Z-15/fixture/module-01148.js',
      moduleName: './module-01148.js'
    },
    {
      message: '  × Module build failed (from ../../../node_modules/.pnpm/babel-loader@10.1.1_@babel+core@7.29.7_@rspack+core@..+.codex+worktrees+a77f+rspack+packages+rspack/node_modules/babel-loader/lib/index.js):\n' +
        '  ╰─▶   × Error: The original reference that WeakReference<rspack_binding_api::compilation::JsCompilation> is pointing to is dropped\n' +
        '        │     at file:///data00/home/jinzhixin/.codex/worktrees/a77f/rspack/packages/rspack/dist/worker.js:3902:69\n' +
        '        │     at runWorkerLoop (file:///data00/home/jinzhixin/.codex/worktrees/a77f/rspack/packages/rspack/dist/worker.js:3906:18)\n' +
        '      \n',
      code: 'ModuleBuildError',
      moduleIdentifier: '/data00/home/jinzhixin/projects/rspack-bench/node_modules/.pnpm/babel-loader@10.1.1_@babel+core@7.29.7_@rspack+core@..+.codex+worktrees+a77f+rspack+packages+rspack/node_modules/babel-loader/lib/index.js??ruleSet[1].rules[0].use[0]!/data00/home/jinzhixin/projects/rspack-bench/results/noop-loader-2026-09-11T04-04-10-528Z-15/fixture/module-01157.js',
      moduleName: './module-01157.js'
    },
    {
      message: '  × Module build failed (from ../../../node_modules/.pnpm/babel-loader@10.1.1_@babel+core@7.29.7_@rspack+core@..+.codex+worktrees+a77f+rspack+packages+rspack/node_modules/babel-loader/lib/index.js):\n' +
        '  ╰─▶   × Error: The original reference that WeakReference<rspack_binding_api::compilation::JsCompilation> is pointing to is dropped\n' +
        '        │     at file:///data00/home/jinzhixin/.codex/worktrees/a77f/rspack/packages/rspack/dist/worker.js:3902:69\n' +
        '        │     at runWorkerLoop (file:///data00/home/jinzhixin/.codex/worktrees/a77f/rspack/packages/rspack/dist/worker.js:3906:18)\n' +
        '      \n',
      code: 'ModuleBuildError',
      moduleIdentifier: '/data00/home/jinzhixin/projects/rspack-bench/node_modules/.pnpm/babel-loader@10.1.1_@babel+core@7.29.7_@rspack+core@..+.codex+worktrees+a77f+rspack+packages+rspack/node_modules/babel-loader/lib/index.js??ruleSet[1].rules[0].use[0]!/data00/home/jinzhixin/projects/rspack-bench/results/noop-loader-2026-09-11T04-04-10-528Z-15/fixture/module-01176.js',
      moduleName: './module-01176.js'
    },
    {
      message: '  × Module build failed (from ../../../node_modules/.pnpm/babel-loader@10.1.1_@babel+core@7.29.7_@rspack+core@..+.codex+worktrees+a77f+rspack+packages+rspack/node_modules/babel-loader/lib/index.js):\n' +
        '  ╰─▶   × Error: The original reference that WeakReference<rspack_binding_api::compilation::JsCompilation> is pointing to is dropped\n' +
        '        │     at file:///data00/home/jinzhixin/.codex/worktrees/a77f/rspack/packages/rspack/dist/worker.js:3902:69\n' +
        '        │     at runWorkerLoop (file:///data00/home/jinzhixin/.codex/worktrees/a77f/rspack/packages/rspack/dist/worker.js:3906:18)\n' +
        '      \n',
      code: 'ModuleBuildError',
      moduleIdentifier: '/data00/home/jinzhixin/projects/rspack-bench/node_modules/.pnpm/babel-loader@10.1.1_@babel+core@7.29.7_@rspack+core@..+.codex+worktrees+a77f+rspack+packages+rspack/node_modules/babel-loader/lib/index.js??ruleSet[1].rules[0].use[0]!/data00/home/jinzhixin/projects/rspack-bench/results/noop-loader-2026-09-11T04-04-10-528Z-15/fixture/module-01187.js',
      moduleName: './module-01187.js'
    },
    {
      message: '  × Module build failed (from ../../../node_modules/.pnpm/babel-loader@10.1.1_@babel+core@7.29.7_@rspack+core@..+.codex+worktrees+a77f+rspack+packages+rspack/node_modules/babel-loader/lib/index.js):\n' +
        '  ╰─▶   × Error: The original reference that WeakReference<rspack_binding_api::compilation::JsCompilation> is pointing to is dropped\n' +
        '        │     at file:///data00/home/jinzhixin/.codex/worktrees/a77f/rspack/packages/rspack/dist/worker.js:3902:69\n' +
        '        │     at runWorkerLoop (file:///data00/home/jinzhixin/.codex/worktrees/a77f/rspack/packages/rspack/dist/worker.js:3906:18)\n' +
        '      \n',
      code: 'ModuleBuildError',
      moduleIdentifier: '/data00/home/jinzhixin/projects/rspack-bench/node_modules/.pnpm/babel-loader@10.1.1_@babel+core@7.29.7_@rspack+core@..+.codex+worktrees+a77f+rspack+packages+rspack/node_modules/babel-loader/lib/index.js??ruleSet[1].rules[0].use[0]!/data00/home/jinzhixin/projects/rspack-bench/results/noop-loader-2026-09-11T04-04-10-528Z-15/fixture/module-01188.js',
      moduleName: './module-01188.js'
    },
    {
      message: '  × Module build failed (from ../../../node_modules/.pnpm/babel-loader@10.1.1_@babel+core@7.29.7_@rspack+core@..+.codex+worktrees+a77f+rspack+packages+rspack/node_modules/babel-loader/lib/index.js):\n' +
        '  ╰─▶   × Error: The original reference that WeakReference<rspack_binding_api::compilation::JsCompilation> is pointing to is dropped\n' +
        '        │     at file:///data00/home/jinzhixin/.codex/worktrees/a77f/rspack/packages/rspack/dist/worker.js:3902:69\n' +
        '        │     at runWorkerLoop (file:///data00/home/jinzhixin/.codex/worktrees/a77f/rspack/packages/rspack/dist/worker.js:3906:18)\n' +
        '      \n',
      code: 'ModuleBuildError',
      moduleIdentifier: '/data00/home/jinzhixin/projects/rspack-bench/node_modules/.pnpm/babel-loader@10.1.1_@babel+core@7.29.7_@rspack+core@..+.codex+worktrees+a77f+rspack+packages+rspack/node_modules/babel-loader/lib/index.js??ruleSet[1].rules[0].use[0]!/data00/home/jinzhixin/projects/rspack-bench/results/noop-loader-2026-09-11T04-04-10-528Z-15/fixture/module-01199.js',
      moduleName: './module-01199.js'
    },
    {
      message: '  × Module build failed (from ../../../node_modules/.pnpm/babel-loader@10.1.1_@babel+core@7.29.7_@rspack+core@..+.codex+worktrees+a77f+rspack+packages+rspack/node_modules/babel-loader/lib/index.js):\n' +
        '  ╰─▶   × Error: The original reference that WeakReference<rspack_binding_api::compilation::JsCompilation> is pointing to is dropped\n' +
        '        │     at file:///data00/home/jinzhixin/.codex/worktrees/a77f/rspack/packages/rspack/dist/worker.js:3902:69\n' +
        '        │     at runWorkerLoop (file:///data00/home/jinzhixin/.codex/worktrees/a77f/rspack/packages/rspack/dist/worker.js:3906:18)\n' +
        '      \n',
      code: 'ModuleBuildError',
      moduleIdentifier: '/data00/home/jinzhixin/projects/rspack-bench/node_modules/.pnpm/babel-loader@10.1.1_@babel+core@7.29.7_@rspack+core@..+.codex+worktrees+a77f+rspack+packages+rspack/node_modules/babel-loader/lib/index.js??ruleSet[1].rules[0].use[0]!/data00/home/jinzhixin/projects/rspack-bench/results/noop-loader-2026-09-11T04-04-10-528Z-15/fixture/module-01200.js',
      moduleName: './module-01200.js'
    },
    {
      message: '  × Module build failed (from ../../../node_modules/.pnpm/babel-loader@10.1.1_@babel+core@7.29.7_@rspack+core@..+.codex+worktrees+a77f+rspack+packages+rspack/node_modules/babel-loader/lib/index.js):\n' +
        '  ╰─▶   × Error: The original reference that WeakReference<rspack_binding_api::compilation::JsCompilation> is pointing to is dropped\n' +
        '        │     at file:///data00/home/jinzhixin/.codex/worktrees/a77f/rspack/packages/rspack/dist/worker.js:3902:69\n' +
        '        │     at runWorkerLoop (file:///data00/home/jinzhixin/.codex/worktrees/a77f/rspack/packages/rspack/dist/worker.js:3906:18)\n' +
        '      \n',
      code: 'ModuleBuildError',
      moduleIdentifier: '/data00/home/jinzhixin/projects/rspack-bench/node_modules/.pnpm/babel-loader@10.1.1_@babel+core@7.29.7_@rspack+core@..+.codex+worktrees+a77f+rspack+packages+rspack/node_modules/babel-loader/lib/index.js??ruleSet[1].rules[0].use[0]!/data00/home/jinzhixin/projects/rspack-bench/results/noop-loader-2026-09-11T04-04-10-528Z-15/fixture/module-01207.js',
      moduleName: './module-01207.js'
    },
    {
      message: '  × Module build failed (from ../../../node_modules/.pnpm/babel-loader@10.1.1_@babel+core@7.29.7_@rspack+core@..+.codex+worktrees+a77f+rspack+packages+rspack/node_modules/babel-loader/lib/index.js):\n' +
        '  ╰─▶   × Error: The original reference that WeakReference<rspack_binding_api::compilation::JsCompilation> is pointing to is dropped\n' +
        '        │     at file:///data00/home/jinzhixin/.codex/worktrees/a77f/rspack/packages/rspack/dist/worker.js:3902:69\n' +
        '        │     at runWorkerLoop (file:///data00/home/jinzhixin/.codex/worktrees/a77f/rspack/packages/rspack/dist/worker.js:3906:18)\n' +
        '      \n',
      code: 'ModuleBuildError',
      moduleIdentifier: '/data00/home/jinzhixin/projects/rspack-bench/node_modules/.pnpm/babel-loader@10.1.1_@babel+core@7.29.7_@rspack+core@..+.codex+worktrees+a77f+rspack+packages+rspack/node_modules/babel-loader/lib/index.js??ruleSet[1].rules[0].use[0]!/data00/home/jinzhixin/projects/rspack-bench/results/noop-loader-2026-09-11T04-04-10-528Z-15/fixture/module-01252.js',
      moduleName: './module-01252.js'
    },
    {
      message: '  × Module build failed (from ../../../node_modules/.pnpm/babel-loader@10.1.1_@babel+core@7.29.7_@rspack+core@..+.codex+worktrees+a77f+rspack+packages+rspack/node_modules/babel-loader/lib/index.js):\n' +
        '  ╰─▶   × Error: The original reference that WeakReference<rspack_binding_api::compilation::JsCompilation> is pointing to is dropped\n' +
        '        │     at file:///data00/home/jinzhixin/.codex/worktrees/a77f/rspack/packages/rspack/dist/worker.js:3902:69\n' +
        '        │     at runWorkerLoop (file:///data00/home/jinzhixin/.codex/worktrees/a77f/rspack/packages/rspack/dist/worker.js:3906:18)\n' +
        '      \n',
      code: 'ModuleBuildError',
      moduleIdentifier: '/data00/home/jinzhixin/projects/rspack-bench/node_modules/.pnpm/babel-loader@10.1.1_@babel+core@7.29.7_@rspack+core@..+.codex+worktrees+a77f+rspack+packages+rspack/node_modules/babel-loader/lib/index.js??ruleSet[1].rules[0].use[0]!/data00/home/jinzhixin/projects/rspack-bench/results/noop-loader-2026-09-11T04-04-10-528Z-15/fixture/module-01255.js',
      moduleName: './module-01255.js'
    },
    {
      message: '  × Module build failed (from ../../../node_modules/.pnpm/babel-loader@10.1.1_@babel+core@7.29.7_@rspack+core@..+.codex+worktrees+a77f+rspack+packages+rspack/node_modules/babel-loader/lib/index.js):\n' +
        '  ╰─▶   × Error: The original reference that WeakReference<rspack_binding_api::compilation::JsCompilation> is pointing to is dropped\n' +
        '        │     at file:///data00/home/jinzhixin/.codex/worktrees/a77f/rspack/packages/rspack/dist/worker.js:3902:69\n' +
        '        │     at runWorkerLoop (file:///data00/home/jinzhixin/.codex/worktrees/a77f/rspack/packages/rspack/dist/worker.js:3906:18)\n' +
        '      \n',
      code: 'ModuleBuildError',
      moduleIdentifier: '/data00/home/jinzhixin/projects/rspack-bench/node_modules/.pnpm/babel-loader@10.1.1_@babel+core@7.29.7_@rspack+core@..+.codex+worktrees+a77f+rspack+packages+rspack/node_modules/babel-loader/lib/index.js??ruleSet[1].rules[0].use[0]!/data00/home/jinzhixin/projects/rspack-bench/results/noop-loader-2026-09-11T04-04-10-528Z-15/fixture/module-01261.js',
      moduleName: './module-01261.js'
    },
    {
      message: '  × Module build failed (from ../../../node_modules/.pnpm/babel-loader@10.1.1_@babel+core@7.29.7_@rspack+core@..+.codex+worktrees+a77f+rspack+packages+rspack/node_modules/babel-loader/lib/index.js):\n' +
        '  ╰─▶   × Error: The original reference that WeakReference<rspack_binding_api::compilation::JsCompilation> is pointing to is dropped\n' +
        '        │     at file:///data00/home/jinzhixin/.codex/worktrees/a77f/rspack/packages/rspack/dist/worker.js:3902:69\n' +
        '        │     at runWorkerLoop (file:///data00/home/jinzhixin/.codex/worktrees/a77f/rspack/packages/rspack/dist/worker.js:3906:18)\n' +
        '      \n',
      code: 'ModuleBuildError',
      moduleIdentifier: '/data00/home/jinzhixin/projects/rspack-bench/node_modules/.pnpm/babel-loader@10.1.1_@babel+core@7.29.7_@rspack+core@..+.codex+worktrees+a77f+rspack+packages+rspack/node_modules/babel-loader/lib/index.js??ruleSet[1].rules[0].use[0]!/data00/home/jinzhixin/projects/rspack-bench/results/noop-loader-2026-09-11T04-04-10-528Z-15/fixture/module-01273.js',
      moduleName: './module-01273.js'
    },
    {
      message: '  × Module build failed (from ../../../node_modules/.pnpm/babel-loader@10.1.1_@babel+core@7.29.7_@rspack+core@..+.codex+worktrees+a77f+rspack+packages+rspack/node_modules/babel-loader/lib/index.js):\n' +
        '  ╰─▶   × Error: The original reference that WeakReference<rspack_binding_api::compilation::JsCompilation> is pointing to is dropped\n' +
        '        │     at file:///data00/home/jinzhixin/.codex/worktrees/a77f/rspack/packages/rspack/dist/worker.js:3902:69\n' +
        '        │     at runWorkerLoop (file:///data00/home/jinzhixin/.codex/worktrees/a77f/rspack/packages/rspack/dist/worker.js:3906:18)\n' +
        '      \n',
      code: 'ModuleBuildError',
      moduleIdentifier: '/data00/home/jinzhixin/projects/rspack-bench/node_modules/.pnpm/babel-loader@10.1.1_@babel+core@7.29.7_@rspack+core@..+.codex+worktrees+a77f+rspack+packages+rspack/node_modules/babel-loader/lib/index.js??ruleSet[1].rules[0].use[0]!/data00/home/jinzhixin/projects/rspack-bench/results/noop-loader-2026-09-11T04-04-10-528Z-15/fixture/module-01294.js',
      moduleName: './module-01294.js'
    },
    {
      message: '  × Module build failed (from ../../../node_modules/.pnpm/babel-loader@10.1.1_@babel+core@7.29.7_@rspack+core@..+.codex+worktrees+a77f+rspack+packages+rspack/node_modules/babel-loader/lib/index.js):\n' +
        '  ╰─▶   × Error: The original reference that WeakReference<rspack_binding_api::compilation::JsCompilation> is pointing to is dropped\n' +
        '        │     at file:///data00/home/jinzhixin/.codex/worktrees/a77f/rspack/packages/rspack/dist/worker.js:3902:69\n' +
        '        │     at runWorkerLoop (file:///data00/home/jinzhixin/.codex/worktrees/a77f/rspack/packages/rspack/dist/worker.js:3906:18)\n' +
        '      \n',
      code: 'ModuleBuildError',
      moduleIdentifier: '/data00/home/jinzhixin/projects/rspack-bench/node_modules/.pnpm/babel-loader@10.1.1_@babel+core@7.29.7_@rspack+core@..+.codex+worktrees+a77f+rspack+packages+rspack/node_modules/babel-loader/lib/index.js??ruleSet[1].rules[0].use[0]!/data00/home/jinzhixin/projects/rspack-bench/results/noop-loader-2026-09-11T04-04-10-528Z-15/fixture/module-01298.js',
      moduleName: './module-01298.js'
    },
    {
      message: '  × Module build failed (from ../../../node_modules/.pnpm/babel-loader@10.1.1_@babel+core@7.29.7_@rspack+core@..+.codex+worktrees+a77f+rspack+packages+rspack/node_modules/babel-loader/lib/index.js):\n' +
        '  ╰─▶   × Error: The original reference that WeakReference<rspack_binding_api::compilation::JsCompilation> is pointing to is dropped\n' +
        '        │     at file:///data00/home/jinzhixin/.codex/worktrees/a77f/rspack/packages/rspack/dist/worker.js:3902:69\n' +
        '        │     at runWorkerLoop (file:///data00/home/jinzhixin/.codex/worktrees/a77f/rspack/packages/rspack/dist/worker.js:3906:18)\n' +
        '      \n',
      code: 'ModuleBuildError',
      moduleIdentifier: '/data00/home/jinzhixin/projects/rspack-bench/node_modules/.pnpm/babel-loader@10.1.1_@babel+core@7.29.7_@rspack+core@..+.codex+worktrees+a77f+rspack+packages+rspack/node_modules/babel-loader/lib/index.js??ruleSet[1].rules[0].use[0]!/data00/home/jinzhixin/projects/rspack-bench/results/noop-loader-2026-09-11T04-04-10-528Z-15/fixture/module-01301.js',
      moduleName: './module-01301.js'
    },
    {
      message: '  × Module build failed (from ../../../node_modules/.pnpm/babel-loader@10.1.1_@babel+core@7.29.7_@rspack+core@..+.codex+worktrees+a77f+rspack+packages+rspack/node_modules/babel-loader/lib/index.js):\n' +
        '  ╰─▶   × Error: The original reference that WeakReference<rspack_binding_api::compilation::JsCompilation> is pointing to is dropped\n' +
        '        │     at file:///data00/home/jinzhixin/.codex/worktrees/a77f/rspack/packages/rspack/dist/worker.js:3902:69\n' +
        '        │     at runWorkerLoop (file:///data00/home/jinzhixin/.codex/worktrees/a77f/rspack/packages/rspack/dist/worker.js:3906:18)\n' +
        '      \n',
      code: 'ModuleBuildError',
      moduleIdentifier: '/data00/home/jinzhixin/projects/rspack-bench/node_modules/.pnpm/babel-loader@10.1.1_@babel+core@7.29.7_@rspack+core@..+.codex+worktrees+a77f+rspack+packages+rspack/node_modules/babel-loader/lib/index.js??ruleSet[1].rules[0].use[0]!/data00/home/jinzhixin/projects/rspack-bench/results/noop-loader-2026-09-11T04-04-10-528Z-15/fixture/module-01567.js',
      moduleName: './module-01567.js'
    },
    {
      message: '  × Module build failed (from ../../../node_modules/.pnpm/babel-loader@10.1.1_@babel+core@7.29.7_@rspack+core@..+.codex+worktrees+a77f+rspack+packages+rspack/node_modules/babel-loader/lib/index.js):\n' +
        '  ╰─▶   × Error: The original reference that WeakReference<rspack_binding_api::compilation::JsCompilation> is pointing to is dropped\n' +
        '        │     at file:///data00/home/jinzhixin/.codex/worktrees/a77f/rspack/packages/rspack/dist/worker.js:3902:69\n' +
        '        │     at runWorkerLoop (file:///data00/home/jinzhixin/.codex/worktrees/a77f/rspack/packages/rspack/dist/worker.js:3906:18)\n' +
        '      \n',
      code: 'ModuleBuildError',
      moduleIdentifier: '/data00/home/jinzhixin/projects/rspack-bench/node_modules/.pnpm/babel-loader@10.1.1_@babel+core@7.29.7_@rspack+core@..+.codex+worktrees+a77f+rspack+packages+rspack/node_modules/babel-loader/lib/index.js??ruleSet[1].rules[0].use[0]!/data00/home/jinzhixin/projects/rspack-bench/results/noop-loader-2026-09-11T04-04-10-528Z-15/fixture/module-01568.js',
      moduleName: './module-01568.js'
    },
    {
      message: '  × Module build failed (from ../../../node_modules/.pnpm/babel-loader@10.1.1_@babel+core@7.29.7_@rspack+core@..+.codex+worktrees+a77f+rspack+packages+rspack/node_modules/babel-loader/lib/index.js):\n' +
        '  ╰─▶   × Error: The original reference that WeakReference<rspack_binding_api::compilation::JsCompilation> is pointing to is dropped\n' +
        '        │     at file:///data00/home/jinzhixin/.codex/worktrees/a77f/rspack/packages/rspack/dist/worker.js:3902:69\n' +
        '        │     at runWorkerLoop (file:///data00/home/jinzhixin/.codex/worktrees/a77f/rspack/packages/rspack/dist/worker.js:3906:18)\n' +
        '      \n',
      code: 'ModuleBuildError',
      moduleIdentifier: '/data00/home/jinzhixin/projects/rspack-bench/node_modules/.pnpm/babel-loader@10.1.1_@babel+core@7.29.7_@rspack+core@..+.codex+worktrees+a77f+rspack+packages+rspack/node_modules/babel-loader/lib/index.js??ruleSet[1].rules[0].use[0]!/data00/home/jinzhixin/projects/rspack-bench/results/noop-loader-2026-09-11T04-04-10-528Z-15/fixture/module-01569.js',
      moduleName: './module-01569.js'
    },
    {
      message: '  × Module build failed (from ../../../node_modules/.pnpm/babel-loader@10.1.1_@babel+core@7.29.7_@rspack+core@..+.codex+worktrees+a77f+rspack+packages+rspack/node_modules/babel-loader/lib/index.js):\n' +
        '  ╰─▶   × Error: The original reference that WeakReference<rspack_binding_api::compilation::JsCompilation> is pointing to is dropped\n' +
        '        │     at file:///data00/home/jinzhixin/.codex/worktrees/a77f/rspack/packages/rspack/dist/worker.js:3902:69\n' +
        '        │     at runWorkerLoop (file:///data00/home/jinzhixin/.codex/worktrees/a77f/rspack/packages/rspack/dist/worker.js:3906:18)\n' +
        '      \n',
      code: 'ModuleBuildError',
      moduleIdentifier: '/data00/home/jinzhixin/projects/rspack-bench/node_modules/.pnpm/babel-loader@10.1.1_@babel+core@7.29.7_@rspack+core@..+.codex+worktrees+a77f+rspack+packages+rspack/node_modules/babel-loader/lib/index.js??ruleSet[1].rules[0].use[0]!/data00/home/jinzhixin/projects/rspack-bench/results/noop-loader-2026-09-11T04-04-10-528Z-15/fixture/module-01573.js',
      moduleName: './module-01573.js'
    },
    {
      message: '  × Module build failed (from ../../../node_modules/.pnpm/babel-loader@10.1.1_@babel+core@7.29.7_@rspack+core@..+.codex+worktrees+a77f+rspack+packages+rspack/node_modules/babel-loader/lib/index.js):\n' +
        '  ╰─▶   × Error: The original reference that WeakReference<rspack_binding_api::compilation::JsCompilation> is pointing to is dropped\n' +
        '        │     at file:///data00/home/jinzhixin/.codex/worktrees/a77f/rspack/packages/rspack/dist/worker.js:3902:69\n' +
        '        │     at runWorkerLoop (file:///data00/home/jinzhixin/.codex/worktrees/a77f/rspack/packages/rspack/dist/worker.js:3906:18)\n' +
        '      \n',
      code: 'ModuleBuildError',
      moduleIdentifier: '/data00/home/jinzhixin/projects/rspack-bench/node_modules/.pnpm/babel-loader@10.1.1_@babel+core@7.29.7_@rspack+core@..+.codex+worktrees+a77f+rspack+packages+rspack/node_modules/babel-loader/lib/index.js??ruleSet[1].rules[0].use[0]!/data00/home/jinzhixin/projects/rspack-bench/results/noop-loader-2026-09-11T04-04-10-528Z-15/fixture/module-01574.js',
      moduleName: './module-01574.js'
    },
    {
      message: '  × Module build failed (from ../../../node_modules/.pnpm/babel-loader@10.1.1_@babel+core@7.29.7_@rspack+core@..+.codex+worktrees+a77f+rspack+packages+rspack/node_modules/babel-loader/lib/index.js):\n' +
        '  ╰─▶   × Error: The original reference that WeakReference<rspack_binding_api::compilation::JsCompilation> is pointing to is dropped\n' +
        '        │     at file:///data00/home/jinzhixin/.codex/worktrees/a77f/rspack/packages/rspack/dist/worker.js:3902:69\n' +
        '        │     at runWorkerLoop (file:///data00/home/jinzhixin/.codex/worktrees/a77f/rspack/packages/rspack/dist/worker.js:3906:18)\n' +
        '      \n',
      code: 'ModuleBuildError',
      moduleIdentifier: '/data00/home/jinzhixin/projects/rspack-bench/node_modules/.pnpm/babel-loader@10.1.1_@babel+core@7.29.7_@rspack+core@..+.codex+worktrees+a77f+rspack+packages+rspack/node_modules/babel-loader/lib/index.js??ruleSet[1].rules[0].use[0]!/data00/home/jinzhixin/projects/rspack-bench/results/noop-loader-2026-09-11T04-04-10-528Z-15/fixture/module-01587.js',
      moduleName: './module-01587.js'
    },
    {
      message: '  × Module build failed (from ../../../node_modules/.pnpm/babel-loader@10.1.1_@babel+core@7.29.7_@rspack+core@..+.codex+worktrees+a77f+rspack+packages+rspack/node_modules/babel-loader/lib/index.js):\n' +
        '  ╰─▶   × Error: The original reference that WeakReference<rspack_binding_api::compilation::JsCompilation> is pointing to is dropped\n' +
        '        │     at file:///data00/home/jinzhixin/.codex/worktrees/a77f/rspack/packages/rspack/dist/worker.js:3902:69\n' +
        '        │     at runWorkerLoop (file:///data00/home/jinzhixin/.codex/worktrees/a77f/rspack/packages/rspack/dist/worker.js:3906:18)\n' +
        '      \n',
      code: 'ModuleBuildError',
      moduleIdentifier: '/data00/home/jinzhixin/projects/rspack-bench/node_modules/.pnpm/babel-loader@10.1.1_@babel+core@7.29.7_@rspack+core@..+.codex+worktrees+a77f+rspack+packages+rspack/node_modules/babel-loader/lib/index.js??ruleSet[1].rules[0].use[0]!/data00/home/jinzhixin/projects/rspack-bench/results/noop-loader-2026-09-11T04-04-10-528Z-15/fixture/module-01607.js',
      moduleName: './module-01607.js'
    },
    {
      message: '  × Module build failed (from ../../../node_modules/.pnpm/babel-loader@10.1.1_@babel+core@7.29.7_@rspack+core@..+.codex+worktrees+a77f+rspack+packages+rspack/node_modules/babel-loader/lib/index.js):\n' +
        '  ╰─▶   × Error: The original reference that WeakReference<rspack_binding_api::compilation::JsCompilation> is pointing to is dropped\n' +
        '        │     at file:///data00/home/jinzhixin/.codex/worktrees/a77f/rspack/packages/rspack/dist/worker.js:3902:69\n' +
        '        │     at runWorkerLoop (file:///data00/home/jinzhixin/.codex/worktrees/a77f/rspack/packages/rspack/dist/worker.js:3906:18)\n' +
        '      \n',
      code: 'ModuleBuildError',
      moduleIdentifier: '/data00/home/jinzhixin/projects/rspack-bench/node_modules/.pnpm/babel-loader@10.1.1_@babel+core@7.29.7_@rspack+core@..+.codex+worktrees+a77f+rspack+packages+rspack/node_modules/babel-loader/lib/index.js??ruleSet[1].rules[0].use[0]!/data00/home/jinzhixin/projects/rspack-bench/results/noop-loader-2026-09-11T04-04-10-528Z-15/fixture/module-01614.js',
      moduleName: './module-01614.js'
    },
    {
      message: '  × Module build failed (from ../../../node_modules/.pnpm/babel-loader@10.1.1_@babel+core@7.29.7_@rspack+core@..+.codex+worktrees+a77f+rspack+packages+rspack/node_modules/babel-loader/lib/index.js):\n' +
        '  ╰─▶   × Error: The original reference that WeakReference<rspack_binding_api::compilation::JsCompilation> is pointing to is dropped\n' +
        '        │     at file:///data00/home/jinzhixin/.codex/worktrees/a77f/rspack/packages/rspack/dist/worker.js:3902:69\n' +
        '        │     at runWorkerLoop (file:///data00/home/jinzhixin/.codex/worktrees/a77f/rspack/packages/rspack/dist/worker.js:3906:18)\n' +
        '      \n',
      code: 'ModuleBuildError',
      moduleIdentifier: '/data00/home/jinzhixin/projects/rspack-bench/node_modules/.pnpm/babel-loader@10.1.1_@babel+core@7.29.7_@rspack+core@..+.codex+worktrees+a77f+rspack+packages+rspack/node_modules/babel-loader/lib/index.js??ruleSet[1].rules[0].use[0]!/data00/home/jinzhixin/projects/rspack-bench/results/noop-loader-2026-09-11T04-04-10-528Z-15/fixture/module-01620.js',
      moduleName: './module-01620.js'
    },
    {
      message: '  × Module build failed (from ../../../node_modules/.pnpm/babel-loader@10.1.1_@babel+core@7.29.7_@rspack+core@..+.codex+worktrees+a77f+rspack+packages+rspack/node_modules/babel-loader/lib/index.js):\n' +
        '  ╰─▶   × Error: The original reference that WeakReference<rspack_binding_api::compilation::JsCompilation> is pointing to is dropped\n' +
        '        │     at file:///data00/home/jinzhixin/.codex/worktrees/a77f/rspack/packages/rspack/dist/worker.js:3902:69\n' +
        '        │     at runWorkerLoop (file:///data00/home/jinzhixin/.codex/worktrees/a77f/rspack/packages/rspack/dist/worker.js:3906:18)\n' +
        '      \n',
      code: 'ModuleBuildError',
      moduleIdentifier: '/data00/home/jinzhixin/projects/rspack-bench/node_modules/.pnpm/babel-loader@10.1.1_@babel+core@7.29.7_@rspack+core@..+.codex+worktrees+a77f+rspack+packages+rspack/node_modules/babel-loader/lib/index.js??ruleSet[1].rules[0].use[0]!/data00/home/jinzhixin/projects/rspack-bench/results/noop-loader-2026-09-11T04-04-10-528Z-15/fixture/module-01675.js',
      moduleName: './module-01675.js'
    },
    {
      message: '  × Module build failed (from ../../../node_modules/.pnpm/babel-loader@10.1.1_@babel+core@7.29.7_@rspack+core@..+.codex+worktrees+a77f+rspack+packages+rspack/node_modules/babel-loader/lib/index.js):\n' +
        '  ╰─▶   × Error: The original reference that WeakReference<rspack_binding_api::compilation::JsCompilation> is pointing to is dropped\n' +
        '        │     at file:///data00/home/jinzhixin/.codex/worktrees/a77f/rspack/packages/rspack/dist/worker.js:3902:69\n' +
        '        │     at runWorkerLoop (file:///data00/home/jinzhixin/.codex/worktrees/a77f/rspack/packages/rspack/dist/worker.js:3906:18)\n' +
        '      \n',
      code: 'ModuleBuildError',
      moduleIdentifier: '/data00/home/jinzhixin/projects/rspack-bench/node_modules/.pnpm/babel-loader@10.1.1_@babel+core@7.29.7_@rspack+core@..+.codex+worktrees+a77f+rspack+packages+rspack/node_modules/babel-loader/lib/index.js??ruleSet[1].rules[0].use[0]!/data00/home/jinzhixin/projects/rspack-bench/results/noop-loader-2026-09-11T04-04-10-528Z-15/fixture/module-01696.js',
      moduleName: './module-01696.js'
    },
    {
      message: '  × Module build failed (from ../../../node_modules/.pnpm/babel-loader@10.1.1_@babel+core@7.29.7_@rspack+core@..+.codex+worktrees+a77f+rspack+packages+rspack/node_modules/babel-loader/lib/index.js):\n' +
        '  ╰─▶   × Error: The original reference that WeakReference<rspack_binding_api::compilation::JsCompilation> is pointing to is dropped\n' +
        '        │     at file:///data00/home/jinzhixin/.codex/worktrees/a77f/rspack/packages/rspack/dist/worker.js:3902:69\n' +
        '        │     at runWorkerLoop (file:///data00/home/jinzhixin/.codex/worktrees/a77f/rspack/packages/rspack/dist/worker.js:3906:18)\n' +
        '      \n',
      code: 'ModuleBuildError',
      moduleIdentifier: '/data00/home/jinzhixin/projects/rspack-bench/node_modules/.pnpm/babel-loader@10.1.1_@babel+core@7.29.7_@rspack+core@..+.codex+worktrees+a77f+rspack+packages+rspack/node_modules/babel-loader/lib/index.js??ruleSet[1].rules[0].use[0]!/data00/home/jinzhixin/projects/rspack-bench/results/noop-loader-2026-09-11T04-04-10-528Z-15/fixture/module-01699.js',
      moduleName: './module-01699.js'
    },
    {
      message: '  × Module build failed (from ../../../node_modules/.pnpm/babel-loader@10.1.1_@babel+core@7.29.7_@rspack+core@..+.codex+worktrees+a77f+rspack+packages+rspack/node_modules/babel-loader/lib/index.js):\n' +
        '  ╰─▶   × Error: The original reference that WeakReference<rspack_binding_api::compilation::JsCompilation> is pointing to is dropped\n' +
        '        │     at file:///data00/home/jinzhixin/.codex/worktrees/a77f/rspack/packages/rspack/dist/worker.js:3902:69\n' +
        '        │     at runWorkerLoop (file:///data00/home/jinzhixin/.codex/worktrees/a77f/rspack/packages/rspack/dist/worker.js:3906:18)\n' +
        '      \n',
      code: 'ModuleBuildError',
      moduleIdentifier: '/data00/home/jinzhixin/projects/rspack-bench/node_modules/.pnpm/babel-loader@10.1.1_@babel+core@7.29.7_@rspack+core@..+.codex+worktrees+a77f+rspack+packages+rspack/node_modules/babel-loader/lib/index.js??ruleSet[1].rules[0].use[0]!/data00/home/jinzhixin/projects/rspack-bench/results/noop-loader-2026-09-11T04-04-10-528Z-15/fixture/module-01744.js',
      moduleName: './module-01744.js'
    },
    {
      message: '  × Module build failed (from ../../../node_modules/.pnpm/babel-loader@10.1.1_@babel+core@7.29.7_@rspack+core@..+.codex+worktrees+a77f+rspack+packages+rspack/node_modules/babel-loader/lib/index.js):\n' +
        '  ╰─▶   × Error: The original reference that WeakReference<rspack_binding_api::compilation::JsCompilation> is pointing to is dropped\n' +
        '        │     at file:///data00/home/jinzhixin/.codex/worktrees/a77f/rspack/packages/rspack/dist/worker.js:3902:69\n' +
        '        │     at runWorkerLoop (file:///data00/home/jinzhixin/.codex/worktrees/a77f/rspack/packages/rspack/dist/worker.js:3906:18)\n' +
        '      \n',
      code: 'ModuleBuildError',
      moduleIdentifier: '/data00/home/jinzhixin/projects/rspack-bench/node_modules/.pnpm/babel-loader@10.1.1_@babel+core@7.29.7_@rspack+core@..+.codex+worktrees+a77f+rspack+packages+rspack/node_modules/babel-loader/lib/index.js??ruleSet[1].rules[0].use[0]!/data00/home/jinzhixin/projects/rspack-bench/results/noop-loader-2026-09-11T04-04-10-528Z-15/fixture/module-01746.js',
      moduleName: './module-01746.js'
    },
    {
      message: '  × Module build failed (from ../../../node_modules/.pnpm/babel-loader@10.1.1_@babel+core@7.29.7_@rspack+core@..+.codex+worktrees+a77f+rspack+packages+rspack/node_modules/babel-loader/lib/index.js):\n' +
        '  ╰─▶   × Error: The original reference that WeakReference<rspack_binding_api::compilation::JsCompilation> is pointing to is dropped\n' +
        '        │     at file:///data00/home/jinzhixin/.codex/worktrees/a77f/rspack/packages/rspack/dist/worker.js:3902:69\n' +
        '        │     at runWorkerLoop (file:///data00/home/jinzhixin/.codex/worktrees/a77f/rspack/packages/rspack/dist/worker.js:3906:18)\n' +
        '      \n',
      code: 'ModuleBuildError',
      moduleIdentifier: '/data00/home/jinzhixin/projects/rspack-bench/node_modules/.pnpm/babel-loader@10.1.1_@babel+core@7.29.7_@rspack+core@..+.codex+worktrees+a77f+rspack+packages+rspack/node_modules/babel-loader/lib/index.js??ruleSet[1].rules[0].use[0]!/data00/home/jinzhixin/projects/rspack-bench/results/noop-loader-2026-09-11T04-04-10-528Z-15/fixture/module-01755.js',
      moduleName: './module-01755.js'
    },
    {
      message: '  × Module build failed (from ../../../node_modules/.pnpm/babel-loader@10.1.1_@babel+core@7.29.7_@rspack+core@..+.codex+worktrees+a77f+rspack+packages+rspack/node_modules/babel-loader/lib/index.js):\n' +
        '  ╰─▶   × Error: The original reference that WeakReference<rspack_binding_api::compilation::JsCompilation> is pointing to is dropped\n' +
        '        │     at file:///data00/home/jinzhixin/.codex/worktrees/a77f/rspack/packages/rspack/dist/worker.js:3902:69\n' +
        '        │     at runWorkerLoop (file:///data00/home/jinzhixin/.codex/worktrees/a77f/rspack/packages/rspack/dist/worker.js:3906:18)\n' +
        '      \n',
      code: 'ModuleBuildError',
      moduleIdentifier: '/data00/home/jinzhixin/projects/rspack-bench/node_modules/.pnpm/babel-loader@10.1.1_@babel+core@7.29.7_@rspack+core@..+.codex+worktrees+a77f+rspack+packages+rspack/node_modules/babel-loader/lib/index.js??ruleSet[1].rules[0].use[0]!/data00/home/jinzhixin/projects/rspack-bench/results/noop-loader-2026-09-11T04-04-10-528Z-15/fixture/module-01758.js',
      moduleName: './module-01758.js'
    },
    {
      message: '  × Module build failed (from ../../../node_modules/.pnpm/babel-loader@10.1.1_@babel+core@7.29.7_@rspack+core@..+.codex+worktrees+a77f+rspack+packages+rspack/node_modules/babel-loader/lib/index.js):\n' +
        '  ╰─▶   × Error: The original reference that WeakReference<rspack_binding_api::compilation::JsCompilation> is pointing to is dropped\n' +
        '        │     at file:///data00/home/jinzhixin/.codex/worktrees/a77f/rspack/packages/rspack/dist/worker.js:3902:69\n' +
        '        │     at runWorkerLoop (file:///data00/home/jinzhixin/.codex/worktrees/a77f/rspack/packages/rspack/dist/worker.js:3906:18)\n' +
        '      \n',
      code: 'ModuleBuildError',
      moduleIdentifier: '/data00/home/jinzhixin/projects/rspack-bench/node_modules/.pnpm/babel-loader@10.1.1_@babel+core@7.29.7_@rspack+core@..+.codex+worktrees+a77f+rspack+packages+rspack/node_modules/babel-loader/lib/index.js??ruleSet[1].rules[0].use[0]!/data00/home/jinzhixin/projects/rspack-bench/results/noop-loader-2026-09-11T04-04-10-528Z-15/fixture/module-01794.js',
      moduleName: './module-01794.js'
    },
    {
      message: '  × Module build failed (from ../../../node_modules/.pnpm/babel-loader@10.1.1_@babel+core@7.29.7_@rspack+core@..+.codex+worktrees+a77f+rspack+packages+rspack/node_modules/babel-loader/lib/index.js):\n' +
        '  ╰─▶   × Error: The original reference that WeakReference<rspack_binding_api::compilation::JsCompilation> is pointing to is dropped\n' +
        '        │     at file:///data00/home/jinzhixin/.codex/worktrees/a77f/rspack/packages/rspack/dist/worker.js:3902:69\n' +
        '        │     at runWorkerLoop (file:///data00/home/jinzhixin/.codex/worktrees/a77f/rspack/packages/rspack/dist/worker.js:3906:18)\n' +
        '      \n',
      code: 'ModuleBuildError',
      moduleIdentifier: '/data00/home/jinzhixin/projects/rspack-bench/node_modules/.pnpm/babel-loader@10.1.1_@babel+core@7.29.7_@rspack+core@..+.codex+worktrees+a77f+rspack+packages+rspack/node_modules/babel-loader/lib/index.js??ruleSet[1].rules[0].use[0]!/data00/home/jinzhixin/projects/rspack-bench/results/noop-loader-2026-09-11T04-04-10-528Z-15/fixture/module-01810.js',
      moduleName: './module-01810.js'
    },
    {
      message: '  × Module build failed (from ../../../node_modules/.pnpm/babel-loader@10.1.1_@babel+core@7.29.7_@rspack+core@..+.codex+worktrees+a77f+rspack+packages+rspack/node_modules/babel-loader/lib/index.js):\n' +
        '  ╰─▶   × Error: The original reference that WeakReference<rspack_binding_api::compilation::JsCompilation> is pointing to is dropped\n' +
        '        │     at file:///data00/home/jinzhixin/.codex/worktrees/a77f/rspack/packages/rspack/dist/worker.js:3902:69\n' +
        '        │     at runWorkerLoop (file:///data00/home/jinzhixin/.codex/worktrees/a77f/rspack/packages/rspack/dist/worker.js:3906:18)\n' +
        '      \n',
      code: 'ModuleBuildError',
      moduleIdentifier: '/data00/home/jinzhixin/projects/rspack-bench/node_modules/.pnpm/babel-loader@10.1.1_@babel+core@7.29.7_@rspack+core@..+.codex+worktrees+a77f+rspack+packages+rspack/node_modules/babel-loader/lib/index.js??ruleSet[1].rules[0].use[0]!/data00/home/jinzhixin/projects/rspack-bench/results/noop-loader-2026-09-11T04-04-10-528Z-15/fixture/module-01811.js',
      moduleName: './module-01811.js'
    },
    {
      message: '  × Module build failed (from ../../../node_modules/.pnpm/babel-loader@10.1.1_@babel+core@7.29.7_@rspack+core@..+.codex+worktrees+a77f+rspack+packages+rspack/node_modules/babel-loader/lib/index.js):\n' +
        '  ╰─▶   × Error: The original reference that WeakReference<rspack_binding_api::compilation::JsCompilation> is pointing to is dropped\n' +
        '        │     at file:///data00/home/jinzhixin/.codex/worktrees/a77f/rspack/packages/rspack/dist/worker.js:3902:69\n' +
        '        │     at runWorkerLoop (file:///data00/home/jinzhixin/.codex/worktrees/a77f/rspack/packages/rspack/dist/worker.js:3906:18)\n' +
        '      \n',
      code: 'ModuleBuildError',
      moduleIdentifier: '/data00/home/jinzhixin/projects/rspack-bench/node_modules/.pnpm/babel-loader@10.1.1_@babel+core@7.29.7_@rspack+core@..+.codex+worktrees+a77f+rspack+packages+rspack/node_modules/babel-loader/lib/index.js??ruleSet[1].rules[0].use[0]!/data00/home/jinzhixin/projects/rspack-bench/results/noop-loader-2026-09-11T04-04-10-528Z-15/fixture/module-01823.js',
      moduleName: './module-01823.js'
    },
    {
      message: '  × Module build failed (from ../../../node_modules/.pnpm/babel-loader@10.1.1_@babel+core@7.29.7_@rspack+core@..+.codex+worktrees+a77f+rspack+packages+rspack/node_modules/babel-loader/lib/index.js):\n' +
        '  ╰─▶   × Error: The original reference that WeakReference<rspack_binding_api::compilation::JsCompilation> is pointing to is dropped\n' +
        '        │     at file:///data00/home/jinzhixin/.codex/worktrees/a77f/rspack/packages/rspack/dist/worker.js:3902:69\n' +
        '        │     at runWorkerLoop (file:///data00/home/jinzhixin/.codex/worktrees/a77f/rspack/packages/rspack/dist/worker.js:3906:18)\n' +
        '      \n',
      code: 'ModuleBuildError',
      moduleIdentifier: '/data00/home/jinzhixin/projects/rspack-bench/node_modules/.pnpm/babel-loader@10.1.1_@babel+core@7.29.7_@rspack+core@..+.codex+worktrees+a77f+rspack+packages+rspack/node_modules/babel-loader/lib/index.js??ruleSet[1].rules[0].use[0]!/data00/home/jinzhixin/projects/rspack-bench/results/noop-loader-2026-09-11T04-04-10-528Z-15/fixture/module-01833.js',
      moduleName: './module-01833.js'
    },
    {
      message: '  × Module build failed (from ../../../node_modules/.pnpm/babel-loader@10.1.1_@babel+core@7.29.7_@rspack+core@..+.codex+worktrees+a77f+rspack+packages+rspack/node_modules/babel-loader/lib/index.js):\n' +
        '  ╰─▶   × Error: The original reference that WeakReference<rspack_binding_api::compilation::JsCompilation> is pointing to is dropped\n' +
        '        │     at file:///data00/home/jinzhixin/.codex/worktrees/a77f/rspack/packages/rspack/dist/worker.js:3902:69\n' +
        '        │     at runWorkerLoop (file:///data00/home/jinzhixin/.codex/worktrees/a77f/rspack/packages/rspack/dist/worker.js:3906:18)\n' +
        '      \n',
      code: 'ModuleBuildError',
      moduleIdentifier: '/data00/home/jinzhixin/projects/rspack-bench/node_modules/.pnpm/babel-loader@10.1.1_@babel+core@7.29.7_@rspack+core@..+.codex+worktrees+a77f+rspack+packages+rspack/node_modules/babel-loader/lib/index.js??ruleSet[1].rules[0].use[0]!/data00/home/jinzhixin/projects/rspack-bench/results/noop-loader-2026-09-11T04-04-10-528Z-15/fixture/module-01834.js',
      moduleName: './module-01834.js'
    },
    {
      message: '  × Module build failed (from ../../../node_modules/.pnpm/babel-loader@10.1.1_@babel+core@7.29.7_@rspack+core@..+.codex+worktrees+a77f+rspack+packages+rspack/node_modules/babel-loader/lib/index.js):\n' +
        '  ╰─▶   × Error: The original reference that WeakReference<rspack_binding_api::compilation::JsCompilation> is pointing to is dropped\n' +
        '        │     at file:///data00/home/jinzhixin/.codex/worktrees/a77f/rspack/packages/rspack/dist/worker.js:3902:69\n' +
        '        │     at runWorkerLoop (file:///data00/home/jinzhixin/.codex/worktrees/a77f/rspack/packages/rspack/dist/worker.js:3906:18)\n' +
        '      \n',
      code: 'ModuleBuildError',
      moduleIdentifier: '/data00/home/jinzhixin/projects/rspack-bench/node_modules/.pnpm/babel-loader@10.1.1_@babel+core@7.29.7_@rspack+core@..+.codex+worktrees+a77f+rspack+packages+rspack/node_modules/babel-loader/lib/index.js??ruleSet[1].rules[0].use[0]!/data00/home/jinzhixin/projects/rspack-bench/results/noop-loader-2026-09-11T04-04-10-528Z-15/fixture/module-01839.js',
      moduleName: './module-01839.js'
    },
    {
      message: '  × Module build failed (from ../../../node_modules/.pnpm/babel-loader@10.1.1_@babel+core@7.29.7_@rspack+core@..+.codex+worktrees+a77f+rspack+packages+rspack/node_modules/babel-loader/lib/index.js):\n' +
        '  ╰─▶   × Error: The original reference that WeakReference<rspack_binding_api::compilation::JsCompilation> is pointing to is dropped\n' +
        '        │     at file:///data00/home/jinzhixin/.codex/worktrees/a77f/rspack/packages/rspack/dist/worker.js:3902:69\n' +
        '        │     at runWorkerLoop (file:///data00/home/jinzhixin/.codex/worktrees/a77f/rspack/packages/rspack/dist/worker.js:3906:18)\n' +
        '      \n',
      code: 'ModuleBuildError',
      moduleIdentifier: '/data00/home/jinzhixin/projects/rspack-bench/node_modules/.pnpm/babel-loader@10.1.1_@babel+core@7.29.7_@rspack+core@..+.codex+worktrees+a77f+rspack+packages+rspack/node_modules/babel-loader/lib/index.js??ruleSet[1].rules[0].use[0]!/data00/home/jinzhixin/projects/rspack-bench/results/noop-loader-2026-09-11T04-04-10-528Z-15/fixture/module-01845.js',
      moduleName: './module-01845.js'
    },
    {
      message: '  × Module build failed (from ../../../node_modules/.pnpm/babel-loader@10.1.1_@babel+core@7.29.7_@rspack+core@..+.codex+worktrees+a77f+rspack+packages+rspack/node_modules/babel-loader/lib/index.js):\n' +
        '  ╰─▶   × Error: The original reference that WeakReference<rspack_binding_api::compilation::JsCompilation> is pointing to is dropped\n' +
        '        │     at file:///data00/home/jinzhixin/.codex/worktrees/a77f/rspack/packages/rspack/dist/worker.js:3902:69\n' +
        '        │     at runWorkerLoop (file:///data00/home/jinzhixin/.codex/worktrees/a77f/rspack/packages/rspack/dist/worker.js:3906:18)\n' +
        '      \n',
      code: 'ModuleBuildError',
      moduleIdentifier: '/data00/home/jinzhixin/projects/rspack-bench/node_modules/.pnpm/babel-loader@10.1.1_@babel+core@7.29.7_@rspack+core@..+.codex+worktrees+a77f+rspack+packages+rspack/node_modules/babel-loader/lib/index.js??ruleSet[1].rules[0].use[0]!/data00/home/jinzhixin/projects/rspack-bench/results/noop-loader-2026-09-11T04-04-10-528Z-15/fixture/module-01865.js',
      moduleName: './module-01865.js'
    },
    ... 327 more items
  ],
  expected: [],
  operator: 'deepStrictEqual',
  diff: 'simple'
}

Node.js v24.20.0
